movieId,title,anno,genres,voto_imdb,num_voti_imdb,mood
1,Toy Story,1995,Adventure|Animation|Children|Comedy|Fantasy,8.3,1198795,Comfort movie
2,Jumanji,1995,Adventure|Children|Fantasy,7.1,419506,Comfort movie
3,Grumpier Old Men,1995,Comedy|Romance,6.7,31967,Da vedere in due
4,Waiting to Exhale,1995,Comedy|Drama|Romance,6.1,14177,Da vedere in due
5,Father of the Bride Part II,1995,Comedy,6.1,45943,Comfort movie
6,Heat,1995,Action|Crime|Thriller,8.3,818429,Adrenalina
7,Sabrina,1995,Comedy|Romance,6.4,47939,Da vedere in due
8,Tom and Huck,1995,Adventure|Children,5.5,12621,Comfort movie
9,Sudden Death,1995,Action,5.9,40056,Venerdi leggero
10,GoldenEye,1995,Action|Adventure|Thriller,7.2,288778,Adrenalina
11,"American President, The",1995,Comedy|Drama|Romance,,,Da vedere in due
12,Dracula: Dead and Loving It,1995,Comedy|Horror,5.9,49392,Adrenalina
13,Balto,1995,Adventure|Animation|Children,7.1,52478,Comfort movie
14,Nixon,1995,Drama,7.0,34851,Domenica impegnativa
15,Cutthroat Island,1995,Action|Adventure|Romance,5.7,33555,Da vedere in due
16,Casino,1995,Crime|Drama,8.2,628022,Adrenalina
17,Sense and Sensibility,1995,Drama|Romance,7.7,137947,Da vedere in due
18,Four Rooms,1995,Comedy,6.7,117597,Comfort movie
19,Ace Ventura: When Nature Calls,1995,Comedy,6.4,251567,Comfort movie
20,Money Train,1995,Action|Comedy|Crime|Drama|Thriller,5.7,45699,Adrenalina
21,Get Shorty,1995,Comedy|Crime|Thriller,6.9,97072,Adrenalina
22,Copycat,1995,Crime|Drama|Horror|Mystery|Thriller,6.6,87878,Adrenalina
23,Assassins,1995,Action|Crime|Thriller,6.3,93110,Adrenalina
24,Powder,1995,Drama|Sci-Fi,6.6,35417,Domenica impegnativa
25,Leaving Las Vegas,1995,Drama|Romance,7.5,146948,Da vedere in due
26,Othello,1995,Drama,6.8,10685,Domenica impegnativa
27,Now and Then,1995,Children|Drama,6.8,35295,Comfort movie
28,Persuasion,1995,Drama|Romance,7.6,12886,Da vedere in due
29,"City of Lost Children, The (Cité des enfants perdus, La)",1995,Adventure|Drama|Fantasy|Mystery|Sci-Fi,,,Domenica impegnativa
30,Shanghai Triad (Yao a yao yao dao waipo qiao),1995,Crime|Drama,,,Adrenalina
31,Dangerous Minds,1995,Drama,6.5,61833,Domenica impegnativa
32,Twelve Monkeys (a.k.a. 12 Monkeys),1995,Mystery|Sci-Fi|Thriller,,,Adrenalina
34,Babe,1995,Children|Drama,6.9,143920,Comfort movie
35,Carrington,1995,Drama|Romance,6.8,6221,Da vedere in due
36,Dead Man Walking,1995,Crime|Drama,7.5,109503,Adrenalina
37,Across the Sea of Time,1995,Documentary|IMAX,6.3,326,Domenica impegnativa
38,It Takes Two,1995,Children|Comedy,6.1,29111,Comfort movie
39,Clueless,1995,Comedy|Romance,6.9,282328,Da vedere in due
40,"Cry, the Beloved Country",1995,Drama,6.8,2189,Domenica impegnativa
41,Richard III,1995,Drama|War,7.3,16474,Adrenalina
42,Dead Presidents,1995,Action|Crime|Drama,6.9,27080,Adrenalina
43,Restoration,1995,Drama,6.6,10476,Domenica impegnativa
44,Mortal Kombat,1995,Action|Adventure|Fantasy,5.9,136449,Venerdi leggero
45,To Die For,1995,Comedy|Drama|Thriller,6.8,61067,Adrenalina
46,How to Make an American Quilt,1995,Drama|Romance,6.3,13228,Da vedere in due
47,Seven (a.k.a. Se7en),1995,Mystery|Thriller,,,Adrenalina
48,Pocahontas,1995,Animation|Children|Drama|Musical|Romance,6.7,220089,Da vedere in due
50,"Usual Suspects, The",1995,Crime|Mystery|Thriller,,,Adrenalina
52,Mighty Aphrodite,1995,Comedy|Drama|Romance,7.0,45288,Da vedere in due
54,"Big Green, The",1995,Children|Comedy,,,Comfort movie
55,Georgia,1995,Drama,6.5,3484,Domenica impegnativa
57,Home for the Holidays,1995,Drama,6.6,16328,Domenica impegnativa
58,"Postman, The (Postino, Il)",1994,Comedy|Drama|Romance,,,Da vedere in due
59,"Confessional, The (Confessionnal, Le)",1995,Drama|Mystery,,,Domenica impegnativa
60,"Indian in the Cupboard, The",1995,Adventure|Children|Fantasy,,,Comfort movie
61,Eye for an Eye,1996,Drama|Thriller,6.2,22233,Adrenalina
62,Mr. Holland's Opus,1995,Drama,7.4,44546,Domenica impegnativa
63,Don't Be a Menace to South Central While Drinking Your Juice in the Hood,1996,Comedy|Crime,6.6,68111,Adrenalina
64,Two if by Sea,1996,Comedy|Romance,5.3,6911,Da vedere in due
65,Bio-Dome,1996,Comedy,4.5,31978,Comfort movie
66,Lawnmower Man 2: Beyond Cyberspace,1996,Action|Sci-Fi|Thriller,,,Adrenalina
67,Two Bits,1995,Drama,6.1,3860,Domenica impegnativa
68,French Twist (Gazon maudit),1995,Comedy|Romance,,,Da vedere in due
69,Friday,1995,Comedy,7.2,138955,Comfort movie
70,From Dusk Till Dawn,1996,Action|Comedy|Horror|Thriller,7.2,374274,Adrenalina
71,Fair Game,1995,Action,4.4,14828,Venerdi leggero
72,Kicking and Screaming,1995,Comedy|Drama,6.6,16151,Comfort movie
73,"Misérables, Les",1995,Drama|War,,,Adrenalina
74,Bed of Roses,1996,Drama|Romance,6.1,9262,Da vedere in due
75,Big Bully,1996,Comedy|Drama,4.8,5918,Comfort movie
76,Screamers,1995,Action|Sci-Fi|Thriller,6.3,32062,Adrenalina
78,"Crossing Guard, The",1995,Action|Crime|Drama|Thriller,,,Adrenalina
79,"Juror, The",1996,Drama|Thriller,,,Adrenalina
80,"White Balloon, The (Badkonake sefid)",1995,Children|Drama,,,Comfort movie
81,Things to Do in Denver When You're Dead,1995,Crime|Drama|Romance,6.7,32253,Adrenalina
82,Antonia's Line (Antonia),1995,Comedy|Drama,,,Comfort movie
83,Once Upon a Time... When We Were Colored,1995,Drama|Romance,7.4,614,Da vedere in due
85,Angels and Insects,1995,Drama|Romance,6.8,5126,Da vedere in due
86,White Squall,1996,Action|Adventure|Drama,6.6,26306,Domenica impegnativa
87,Dunston Checks In,1996,Children|Comedy,5.4,14308,Comfort movie
88,Black Sheep,1996,Comedy,6.2,46417,Comfort movie
89,Nick of Time,1995,Action|Thriller,6.3,47944,Adrenalina
92,Mary Reilly,1996,Drama|Horror|Thriller,5.8,16694,Adrenalina
93,Vampire in Brooklyn,1995,Comedy|Horror|Romance,4.7,27114,Adrenalina
94,Beautiful Girls,1996,Comedy|Drama|Romance,7.1,36540,Da vedere in due
95,Broken Arrow,1996,Action|Adventure|Thriller,6.1,111393,Adrenalina
96,In the Bleak Midwinter,1995,Comedy|Drama,7.2,2908,Comfort movie
97,"Hate (Haine, La)",1995,Crime|Drama,,,Adrenalina
99,Heidi Fleiss: Hollywood Madam,1995,Documentary,6.6,796,Domenica impegnativa
100,City Hall,1996,Drama|Thriller,6.2,24529,Adrenalina
101,Bottle Rocket,1996,Adventure|Comedy|Crime|Romance,6.9,89082,Adrenalina
102,Mr. Wrong,1996,Comedy,3.9,5554,Comfort movie
103,Unforgettable,1996,Mystery|Sci-Fi|Thriller,6.0,6493,Adrenalina
104,Happy Gilmore,1996,Comedy,7.0,312357,Comfort movie
105,"Bridges of Madison County, The",1995,Drama|Romance,,,Da vedere in due
106,Nobody Loves Me (Keiner liebt mich),1994,Comedy|Drama,,,Comfort movie
107,Muppet Treasure Island,1996,Adventure|Children|Comedy|Musical,7.0,30413,Comfort movie
110,Braveheart,1995,Action|Drama|War,8.3,1172247,Adrenalina
111,Taxi Driver,1976,Crime|Drama|Thriller,8.2,1042047,Adrenalina
112,Rumble in the Bronx (Hont faan kui),1995,Action|Adventure|Comedy|Crime,,,Adrenalina
113,Before and After,1996,Drama|Mystery,6.1,11567,Domenica impegnativa
114,Margaret's Museum,1995,Drama,7.2,1451,Domenica impegnativa
116,Anne Frank Remembered,1995,Documentary,8.1,1483,Domenica impegnativa
117,"Young Poisoner's Handbook, The",1995,Crime|Drama,,,Adrenalina
118,If Lucy Fell,1996,Comedy|Romance,4.9,4352,Da vedere in due
119,"Steal Big, Steal Little",1995,Comedy,4.7,1132,Comfort movie
120,Race the Sun,1996,Adventure|Comedy|Drama,5.4,3618,Comfort movie
121,"Boys of St. Vincent, The",1992,Drama,,,Domenica impegnativa
122,Boomerang,1992,Comedy|Romance,5.7,32872,Da vedere in due
123,Chungking Express (Chung Hing sam lam),1994,Drama|Mystery|Romance,,,Da vedere in due
124,"Star Maker, The (Uomo delle stelle, L')",1995,Drama,,,Domenica impegnativa
125,Flirting With Disaster,1996,Comedy,6.7,21170,Comfort movie
126,"NeverEnding Story III, The",1994,Adventure|Children|Fantasy,,,Comfort movie
128,Jupiter's Wife,1994,Documentary,,,Domenica impegnativa
129,Pie in the Sky,1996,Comedy|Romance,,,Da vedere in due
130,Angela,1995,Drama,6.3,1219,Domenica impegnativa
132,Jade,1995,Thriller,5.4,15735,Adrenalina
135,Down Periscope,1996,Comedy,6.2,29147,Comfort movie
136,From the Journals of Jean Seberg,1995,Documentary,7.0,309,Domenica impegnativa
138,"Neon Bible, The",1995,Drama,,,Domenica impegnativa
140,Up Close and Personal,1996,Drama|Romance,,,Da vedere in due
141,"Birdcage, The",1996,Comedy,,,Comfort movie
144,"Brothers McMullen, The",1995,Comedy,,,Comfort movie
145,Bad Boys,1995,Action|Comedy|Crime|Drama|Thriller,6.8,318968,Adrenalina
147,"Basketball Diaries, The",1995,Drama,,,Domenica impegnativa
148,"Awfully Big Adventure, An",1995,Drama,,,Domenica impegnativa
149,Amateur,1994,Crime|Drama|Thriller,6.7,7512,Adrenalina
150,Apollo 13,1995,Adventure|Drama|IMAX,7.7,342772,Domenica impegnativa
151,Rob Roy,1995,Action|Drama|Romance|War,6.9,49932,Adrenalina
152,"Addiction, The",1995,Drama|Horror,,,Adrenalina
153,Batman Forever,1995,Action|Adventure|Comedy|Crime,5.5,284986,Adrenalina
154,Beauty of the Day (Belle de jour),1967,Drama,,,Domenica impegnativa
155,Beyond Rangoon,1995,Adventure|Drama|War,6.5,5738,Adrenalina
156,Blue in the Face,1995,Comedy|Drama,6.6,10652,Comfort movie
157,Canadian Bacon,1995,Comedy|War,5.9,19738,Adrenalina
158,Casper,1995,Adventure|Children,6.2,161260,Comfort movie
159,Clockers,1995,Crime|Drama|Mystery,6.9,25156,Adrenalina
160,Congo,1995,Action|Adventure|Mystery|Sci-Fi,5.4,53538,Mente accesa
161,Crimson Tide,1995,Drama|Thriller|War,7.4,138222,Adrenalina
162,Crumb,1994,Documentary,8.0,23221,Domenica impegnativa
163,Desperado,1995,Action|Romance|Western,7.1,210670,Da vedere in due
164,Devil in a Blue Dress,1995,Crime|Film-Noir|Mystery|Thriller,6.8,27966,Adrenalina
165,Die Hard: With a Vengeance,1995,Action|Crime|Thriller,7.6,433366,Adrenalina
166,"Doom Generation, The",1995,Comedy|Crime|Drama,,,Adrenalina
167,Feast of July,1995,Drama,6.2,644,Domenica impegnativa
168,First Knight,1995,Action|Drama|Romance,6.0,83255,Da vedere in due
169,Free Willy 2: The Adventure Home,1995,Adventure|Children|Drama,5.1,20912,Comfort movie
170,Hackers,1995,Action|Adventure|Crime|Thriller,6.2,82972,Adrenalina
171,Jeffrey,1995,Comedy|Drama,6.8,7214,Comfort movie
172,Johnny Mnemonic,1995,Action|Sci-Fi|Thriller,5.6,82211,Adrenalina
173,Judge Dredd,1995,Action|Crime|Sci-Fi,5.6,133184,Adrenalina
174,Jury Duty,1995,Comedy,4.4,9363,Comfort movie
175,Kids,1995,Drama,7.0,92693,Domenica impegnativa
176,Living in Oblivion,1995,Comedy,7.5,21939,Comfort movie
177,Lord of Illusions,1995,Horror,6.1,20226,Adrenalina
178,Love & Human Remains,1993,Comedy|Drama,,,Comfort movie
179,Mad Love,1995,Drama|Romance,5.4,7455,Da vedere in due
180,Mallrats,1995,Comedy|Romance,7.0,135217,Da vedere in due
181,Mighty Morphin Power Rangers: The Movie,1995,Action|Children,5.3,32278,Comfort movie
182,Moonlight and Valentino,1995,Drama|Romance,5.7,4471,Da vedere in due
183,Mute Witness,1994,Comedy|Horror|Thriller,,,Adrenalina
184,Nadja,1994,Drama,6.0,3946,Domenica impegnativa
185,"Net, The",1995,Action|Crime|Thriller,,,Adrenalina
186,Nine Months,1995,Comedy|Romance,5.5,40446,Da vedere in due
187,Party Girl,1995,Comedy,6.5,9192,Comfort movie
188,"Prophecy, The",1995,Fantasy|Horror|Mystery,,,Adrenalina
189,Reckless,1995,Comedy|Fantasy,5.2,538,Comfort movie
190,Safe,1995,Thriller,7.1,19674,Adrenalina
191,"Scarlet Letter, The",1995,Drama|Romance,,,Da vedere in due
192,"Show, The",1995,Documentary,,,Domenica impegnativa
193,Showgirls,1995,Drama,5.2,83243,Domenica impegnativa
194,Smoke,1995,Comedy|Drama,7.4,38998,Comfort movie
195,Something to Talk About,1995,Comedy|Drama|Romance,5.8,15366,Da vedere in due
196,Species,1995,Horror|Sci-Fi,5.9,91627,Adrenalina
197,"Stars Fell on Henrietta, The",1995,Drama,,,Domenica impegnativa
198,Strange Days,1995,Action|Crime|Drama|Mystery|Sci-Fi|Thriller,7.2,86647,Adrenalina
199,"Umbrellas of Cherbourg, The (Parapluies de Cherbourg, Les)",1964,Drama|Musical|Romance,,,Da vedere in due
200,"Tie That Binds, The",1995,Thriller,,,Adrenalina
201,Three Wishes,1995,Drama|Fantasy,6.1,3569,Domenica impegnativa
202,Total Eclipse,1995,Drama|Romance,6.4,16704,Da vedere in due
203,"To Wong Foo, Thanks for Everything! Julie Newmar",1995,Comedy,6.9,42670,Comfort movie
204,Under Siege 2: Dark Territory,1995,Action,5.6,53839,Venerdi leggero
205,Unstrung Heroes,1995,Comedy|Drama,6.7,3414,Comfort movie
206,Unzipped,1995,Documentary,6.5,1253,Domenica impegnativa
207,"Walk in the Clouds, A",1995,Drama|Romance,,,Da vedere in due
208,Waterworld,1995,Action|Adventure|Sci-Fi,6.3,226875,Mente accesa
209,White Man's Burden,1995,Drama,5.3,5392,Domenica impegnativa
210,Wild Bill,1995,Western,5.8,8925,Venerdi leggero
211,"Browning Version, The",1994,Drama,,,Domenica impegnativa
212,Bushwhacked,1995,Adventure|Comedy|Crime|Mystery,5.7,7436,Adrenalina
213,Burnt by the Sun (Utomlyonnye solntsem),1994,Drama,,,Domenica impegnativa
214,Before the Rain (Pred dozhdot),1994,Drama|War,,,Adrenalina
215,Before Sunrise,1995,Drama|Romance,8.1,384066,Da vedere in due
216,Billy Madison,1995,Comedy,6.4,169244,Comfort movie
218,Boys on the Side,1995,Comedy|Drama,6.5,16441,Comfort movie
220,Castle Freak,1995,Horror,,,Adrenalina
222,Circle of Friends,1995,Drama|Romance,6.7,9849,Da vedere in due
223,Clerks,1994,Comedy,7.7,241781,Comfort movie
224,Don Juan DeMarco,1995,Comedy|Drama|Romance,,,Da vedere in due
225,Disclosure,1994,Drama|Thriller,6.2,58897,Adrenalina
227,Drop Zone,1994,Action|Thriller,5.6,23237,Adrenalina
229,Death and the Maiden,1994,Drama|Thriller,7.2,29264,Adrenalina
230,Dolores Claiborne,1995,Drama|Thriller,7.4,53978,Adrenalina
231,Dumb & Dumber (Dumb and Dumber),1994,Adventure|Comedy,,,Comfort movie
232,Eat Drink Man Woman (Yin shi nan nu),1994,Comedy|Drama|Romance,,,Da vedere in due
233,Exotica,1994,Drama,7.0,22753,Domenica impegnativa
234,Exit to Eden,1994,Comedy,4.3,7740,Comfort movie
235,Ed Wood,1994,Comedy|Drama,7.8,191034,Comfort movie
236,French Kiss,1995,Action|Comedy|Romance,6.6,57094,Da vedere in due
237,Forget Paris,1995,Comedy|Romance,6.5,13963,Da vedere in due
238,Far From Home: The Adventures of Yellow Dog,1995,Adventure|Children,6.3,3588,Comfort movie
239,"Goofy Movie, A",1995,Animation|Children|Comedy|Romance,,,Da vedere in due
240,Hideaway,1995,Thriller,5.3,8082,Adrenalina
241,Fluke,1995,Children|Drama,6.6,8281,Comfort movie
242,Farinelli: il castrato,1994,Drama|Musical,,,Comfort movie
243,Gordy,1995,Children|Comedy|Fantasy,,,Comfort movie
244,Gumby: The Movie,1995,Animation|Children,6.0,1188,Comfort movie
246,Hoop Dreams,1994,Documentary,8.3,29815,Domenica impegnativa
247,Heavenly Creatures,1994,Crime|Drama,7.2,70294,Adrenalina
248,Houseguest,1994,Comedy,,,Comfort movie
249,Immortal Beloved,1994,Drama|Romance,7.4,27777,Da vedere in due
250,Heavyweights (Heavy Weights),1995,Children|Comedy,,,Comfort movie
252,I.Q.,1994,Comedy|Romance,6.2,27951,Da vedere in due
253,Interview with the Vampire: The Vampire Chronicles,1994,Drama|Horror,7.5,380865,Adrenalina
254,Jefferson in Paris,1995,Drama,5.7,3320,Domenica impegnativa
255,"Jerky Boys, The",1995,Comedy,,,Comfort movie
256,Junior,1994,Comedy|Sci-Fi,4.8,78592,Mente accesa
257,Just Cause,1995,Mystery|Thriller,6.4,33218,Adrenalina
258,"Kid in King Arthur's Court, A",1995,Adventure|Children|Comedy|Fantasy|Romance,,,Da vedere in due
259,Kiss of Death,1995,Crime|Drama|Thriller,6.0,20214,Adrenalina
260,Star Wars: Episode IV - A New Hope,1977,Action|Adventure|Sci-Fi,8.6,1588442,Mente accesa
261,Little Women,1994,Drama,7.3,69866,Domenica impegnativa
262,"Little Princess, A",1995,Children|Drama,,,Comfort movie
263,Ladybird Ladybird,1994,Drama,7.4,4158,Domenica impegnativa
264,"Enfer, L'",1994,Drama,,,Domenica impegnativa
265,Like Water for Chocolate (Como agua para chocolate),1992,Drama|Fantasy|Romance,,,Da vedere in due
266,Legends of the Fall,1994,Drama|Romance|War|Western,7.5,202115,Adrenalina
267,Major Payne,1995,Comedy,6.3,44122,Comfort movie
268,Little Odessa,1994,Crime|Drama,6.7,10201,Adrenalina
269,My Crazy Life (Mi vida loca),1993,Drama,,,Domenica impegnativa
270,Love Affair,1994,Drama|Romance,6.0,5422,Da vedere in due
271,Losing Isaiah,1995,Drama,6.4,6830,Domenica impegnativa
272,"Madness of King George, The",1994,Comedy|Drama,,,Comfort movie
273,Mary Shelley's Frankenstein (Frankenstein),1994,Drama|Horror|Sci-Fi,,,Adrenalina
274,Man of the House,1995,Comedy,5.3,11353,Comfort movie
275,Mixed Nuts,1994,Comedy,5.4,14865,Comfort movie
276,Milk Money,1994,Comedy|Romance,5.7,14111,Da vedere in due
277,Miracle on 34th Street,1994,Drama,6.7,51388,Domenica impegnativa
278,Miami Rhapsody,1995,Comedy,5.4,3725,Comfort movie
279,My Family,1995,Drama,7.3,4852,Domenica impegnativa
280,Murder in the First,1995,Drama|Thriller,7.3,33235,Adrenalina
281,Nobody's Fool,1994,Comedy|Drama|Romance,7.3,24962,Da vedere in due
282,Nell,1994,Drama,6.5,32689,Domenica impegnativa
283,New Jersey Drive,1995,Crime|Drama,6.6,3751,Adrenalina
286,Nemesis 2: Nebula,1995,Action|Sci-Fi|Thriller,,,Adrenalina
287,Nina Takes a Lover,1994,Comedy|Romance,5.3,748,Da vedere in due
288,Natural Born Killers,1994,Action|Crime|Thriller,7.2,270135,Adrenalina
289,Only You,1994,Comedy|Romance,6.5,30370,Da vedere in due
290,Once Were Warriors,1994,Crime|Drama,7.9,39717,Adrenalina
291,Poison Ivy II,1996,Drama|Thriller,,,Adrenalina
292,Outbreak,1995,Action|Drama|Sci-Fi|Thriller,6.6,147113,Adrenalina
293,Léon: The Professional (a.k.a. The Professional) (Léon),1994,Action|Crime|Drama|Thriller,,,Adrenalina
294,"Perez Family, The",1995,Comedy|Romance,,,Da vedere in due
295,"Pyromaniac's Love Story, A",1995,Comedy|Romance,,,Da vedere in due
296,Pulp Fiction,1994,Comedy|Crime|Drama|Thriller,8.8,2467026,Adrenalina
297,Panther,1995,Drama,6.4,2872,Domenica impegnativa
298,Pushing Hands (Tui shou),1992,Drama,,,Domenica impegnativa
299,Priest,1994,Drama,7.1,11856,Domenica impegnativa
300,Quiz Show,1994,Drama,7.5,78424,Domenica impegnativa
301,Picture Bride (Bijo photo),1994,Drama|Romance,,,Da vedere in due
302,"Queen Margot (Reine Margot, La)",1994,Drama|Romance,,,Da vedere in due
303,"Quick and the Dead, The",1995,Action|Thriller|Western,,,Adrenalina
304,Roommates,1995,Comedy|Drama,6.4,2170,Comfort movie
305,Ready to Wear (Pret-A-Porter),1994,Comedy,,,Comfort movie
306,Three Colors: Red (Trois couleurs: Rouge),1994,Drama,,,Domenica impegnativa
307,Three Colors: Blue (Trois couleurs: Bleu),1993,Drama,,,Domenica impegnativa
308,Three Colors: White (Trzy kolory: Bialy),1994,Comedy|Drama,,,Comfort movie
309,"Red Firecracker, Green Firecracker (Pao Da Shuang Deng)",1994,Drama,,,Domenica impegnativa
310,Rent-a-Kid,1995,Comedy,5.5,2373,Comfort movie
312,Stuart Saves His Family,1995,Comedy,5.3,3145,Comfort movie
313,"Swan Princess, The",1994,Animation|Children,,,Comfort movie
314,"Secret of Roan Inish, The",1994,Children|Drama|Fantasy|Mystery,,,Mente accesa
315,"Specialist, The",1994,Action|Drama|Thriller,,,Adrenalina
316,Stargate,1994,Action|Adventure|Sci-Fi,7.0,221539,Mente accesa
317,"Santa Clause, The",1994,Comedy|Drama|Fantasy,,,Comfort movie
318,"Shawshank Redemption, The",1994,Crime|Drama,,,Adrenalina
319,Shallow Grave,1994,Comedy|Drama|Thriller,7.2,71554,Adrenalina
320,Suture,1993,Film-Noir|Thriller,6.5,2276,Adrenalina
321,Strawberry and Chocolate (Fresa y chocolate),1993,Drama,,,Domenica impegnativa
322,Swimming with Sharks,1995,Comedy|Drama,,,Comfort movie
324,"Sum of Us, The",1994,Comedy|Drama,,,Comfort movie
325,National Lampoon's Senior Trip,1995,Comedy,5.7,6759,Comfort movie
326,To Live (Huozhe),1994,Drama,,,Domenica impegnativa
327,Tank Girl,1995,Action|Comedy|Sci-Fi,5.4,38180,Mente accesa
328,Tales from the Crypt Presents: Demon Knight,1995,Horror|Thriller,,,Adrenalina
329,Star Trek: Generations,1994,Adventure|Drama|Sci-Fi,6.6,92096,Domenica impegnativa
330,Tales from the Hood,1995,Action|Crime|Horror,6.6,11355,Adrenalina
331,Tom & Viv,1994,Drama,6.2,2015,Domenica impegnativa
332,Village of the Damned,1995,Horror|Sci-Fi,5.7,37280,Adrenalina
333,Tommy Boy,1995,Comedy,7.1,105796,Comfort movie
334,Vanya on 42nd Street,1994,Drama,7.3,5705,Domenica impegnativa
335,Underneath,1995,Mystery|Thriller,6.1,4147,Adrenalina
336,"Walking Dead, The",1995,Drama|War,,,Adrenalina
337,What's Eating Gilbert Grape,1993,Drama,7.7,271373,Domenica impegnativa
338,Virtuosity,1995,Action|Sci-Fi|Thriller,5.5,35153,Adrenalina
339,While You Were Sleeping,1995,Comedy|Romance,6.8,128592,Da vedere in due
340,"War, The",1994,Adventure|Drama|War,,,Adrenalina
341,Double Happiness,1994,Drama,7.0,1391,Domenica impegnativa
342,Muriel's Wedding,1994,Comedy,7.3,46112,Comfort movie
343,"Baby-Sitters Club, The",1995,Children,,,Comfort movie
344,Ace Ventura: Pet Detective,1994,Comedy,6.9,358155,Comfort movie
345,"Adventures of Priscilla, Queen of the Desert, The",1994,Comedy|Drama,,,Comfort movie
346,Backbeat,1993,Drama|Musical,,,Comfort movie
347,Bitter Moon,1992,Drama|Film-Noir|Romance,7.2,46825,Da vedere in due
348,Bullets Over Broadway,1994,Comedy,7.4,43496,Comfort movie
349,Clear and Present Danger,1994,Action|Crime|Drama|Thriller,6.9,117872,Adrenalina
350,"Client, The",1994,Drama|Mystery|Thriller,,,Adrenalina
351,"Corrina, Corrina",1994,Comedy|Drama|Romance,6.6,15501,Da vedere in due
352,Crooklyn,1994,Comedy|Drama,7.1,12482,Comfort movie
353,"Crow, The",1994,Action|Crime|Fantasy|Thriller,,,Adrenalina
354,Cobb,1994,Drama,6.4,8586,Domenica impegnativa
355,"Flintstones, The",1994,Children|Comedy|Fantasy,,,Comfort movie
356,Forrest Gump,1994,Comedy|Drama|Romance|War,8.8,2534428,Adrenalina
357,Four Weddings and a Funeral,1994,Comedy|Romance,7.1,184477,Da vedere in due
358,Higher Learning,1995,Drama,6.5,23591,Domenica impegnativa
359,I Like It Like That,1994,Comedy|Drama|Romance,6.8,2075,Da vedere in due
360,I Love Trouble,1994,Action|Comedy,5.4,13355,Comfort movie
361,It Could Happen to You,1994,Comedy|Drama|Romance,6.4,49727,Da vedere in due
362,"Jungle Book, The",1994,Adventure|Children|Romance,,,Da vedere in due
363,"Wonderful, Horrible Life of Leni Riefenstahl, The (Macht der Bilder: Leni Riefenstahl, Die)",1993,Documentary,,,Domenica impegnativa
364,"Lion King, The",1994,Adventure|Animation|Children|Drama|Musical|IMAX,,,Comfort movie
365,Little Buddha,1993,Drama,6.2,19396,Domenica impegnativa
366,"Wes Craven's New Nightmare (Nightmare on Elm Street Part 7: Freddy's Finale, A)",1994,Drama|Horror|Mystery|Thriller,,,Adrenalina
367,"Mask, The",1994,Action|Comedy|Crime|Fantasy,,,Adrenalina
368,Maverick,1994,Adventure|Comedy|Western,7.0,126039,Comfort movie
369,Mrs. Parker and the Vicious Circle,1994,Drama,6.4,5107,Domenica impegnativa
370,Naked Gun 33 1/3: The Final Insult,1994,Action|Comedy,6.5,129799,Comfort movie
371,"Paper, The",1994,Comedy|Drama,,,Comfort movie
372,Reality Bites,1994,Comedy|Drama|Romance,6.6,58169,Da vedere in due
373,Red Rock West,1992,Thriller,,,Adrenalina
374,Richie Rich,1994,Children|Comedy,5.5,80113,Comfort movie
376,"River Wild, The",1994,Action|Thriller,,,Adrenalina
377,Speed,1994,Action|Romance|Thriller,7.3,427654,Adrenalina
378,Speechless,1994,Comedy|Romance,5.8,5671,Da vedere in due
379,Timecop,1994,Action|Sci-Fi|Thriller,6.0,70669,Adrenalina
380,True Lies,1994,Action|Adventure|Comedy|Romance|Thriller,7.3,303481,Adrenalina
381,When a Man Loves a Woman,1994,Drama|Romance,6.6,25214,Da vedere in due
382,Wolf,1994,Drama|Horror|Romance|Thriller,6.3,65031,Adrenalina
383,Wyatt Earp,1994,Western,6.7,60064,Venerdi leggero
384,Bad Company,1995,Action|Crime|Drama,5.4,3586,Adrenalina
387,"Low Down Dirty Shame, A",1994,Action|Comedy,,,Comfort movie
388,Boys Life,1995,Drama,,,Domenica impegnativa
390,Faster Pussycat! Kill! Kill!,1965,Action|Crime|Drama,6.6,17563,Adrenalina
391,Jason's Lyric,1994,Crime|Drama,6.6,5179,Adrenalina
393,Street Fighter,1994,Action|Adventure|Fantasy,4.2,80193,Venerdi leggero
394,Coldblooded,1995,Comedy,6.7,4330,Comfort movie
397,"Fear, The",1995,Horror,,,Adrenalina
402,Open Season,1996,Comedy,,,Comfort movie
405,Highlander III: The Sorcerer (a.k.a. Highlander: The Final Dimension),1994,Action|Fantasy,,,Venerdi leggero
407,In the Mouth of Madness,1995,Horror|Thriller,,,Adrenalina
408,8 Seconds,1994,Drama,6.7,6490,Domenica impegnativa
409,Above the Rim,1994,Crime|Drama,6.6,18449,Adrenalina
410,Addams Family Values,1993,Children|Comedy|Fantasy,6.9,124686,Comfort movie
411,Martin Lawrence: You So Crazy,1994,Comedy|Documentary,6.6,1147,Domenica impegnativa
412,"Age of Innocence, The",1993,Drama,,,Domenica impegnativa
413,Airheads,1994,Comedy,6.2,60251,Comfort movie
414,"Air Up There, The",1994,Comedy,,,Comfort movie
415,Another Stakeout,1993,Comedy|Thriller,5.6,16352,Adrenalina
416,Bad Girls,1994,Western,5.3,14415,Venerdi leggero
417,Barcelona,1994,Comedy|Romance,7.0,7099,Da vedere in due
418,Being Human,1993,Drama,,,Domenica impegnativa
419,"Beverly Hillbillies, The",1993,Comedy,,,Comfort movie
420,Beverly Hills Cop III,1994,Action|Comedy|Crime|Thriller,5.5,101313,Adrenalina
421,Black Beauty,1994,Adventure|Children|Drama,6.6,11437,Comfort movie
422,Blink,1994,Thriller,6.2,9859,Adrenalina
423,Blown Away,1994,Action|Thriller,6.3,37214,Adrenalina
424,Blue Chips,1994,Drama,6.3,16561,Domenica impegnativa
425,Blue Sky,1994,Drama|Romance,6.4,9104,Da vedere in due
426,Body Snatchers,1993,Horror|Sci-Fi|Thriller,6.0,22338,Adrenalina
427,Boxing Helena,1993,Drama|Mystery|Romance|Thriller,4.8,14106,Adrenalina
428,"Bronx Tale, A",1993,Drama,,,Domenica impegnativa
429,Cabin Boy,1994,Comedy,5.4,9740,Comfort movie
431,Carlito's Way,1993,Crime|Drama,7.9,250854,Adrenalina
432,City Slickers II: The Legend of Curly's Gold,1994,Adventure|Comedy|Western,5.6,21900,Comfort movie
433,Clean Slate,1994,Comedy,5.7,4389,Comfort movie
434,Cliffhanger,1993,Action|Adventure|Thriller,6.5,149833,Adrenalina
435,Coneheads,1993,Comedy|Sci-Fi,5.5,62825,Mente accesa
436,Color of Night,1994,Drama|Thriller,5.2,27772,Adrenalina
437,Cops and Robbersons,1994,Comedy,5.3,8032,Comfort movie
438,"Cowboy Way, The",1994,Action|Comedy|Drama,,,Comfort movie
440,Dave,1993,Comedy|Romance,6.9,60727,Da vedere in due
441,Dazed and Confused,1993,Comedy,7.6,218932,Comfort movie
442,Demolition Man,1993,Action|Adventure|Sci-Fi,6.7,211264,Mente accesa
443,"Endless Summer 2, The",1994,Adventure|Documentary,,,Domenica impegnativa
444,Even Cowgirls Get the Blues,1993,Comedy|Romance,4.3,8292,Da vedere in due
445,Fatal Instinct,1993,Comedy,5.8,8994,Comfort movie
446,Farewell My Concubine (Ba wang bie ji),1993,Drama|Romance,,,Da vedere in due
447,"Favor, The",1994,Comedy|Romance,,,Da vedere in due
448,Fearless,1993,Drama,7.0,26424,Domenica impegnativa
449,Fear of a Black Hat,1994,Comedy,,,Comfort movie
450,With Honors,1994,Comedy|Drama,6.8,18455,Comfort movie
451,Flesh and Bone,1993,Drama|Mystery|Romance,6.3,6609,Da vedere in due
452,Widows' Peak,1994,Drama,6.6,2101,Domenica impegnativa
453,For Love or Money,1993,Comedy|Romance,6.2,16924,Da vedere in due
454,"Firm, The",1993,Drama|Thriller,,,Adrenalina
455,Free Willy,1993,Adventure|Children|Drama,6.1,90367,Comfort movie
456,Fresh,1994,Crime|Drama|Thriller,7.5,16452,Adrenalina
457,"Fugitive, The",1993,Thriller,,,Adrenalina
458,Geronimo: An American Legend,1993,Drama|Western,6.6,15580,Domenica impegnativa
459,"Getaway, The",1994,Action|Adventure|Crime|Drama|Romance|Thriller,,,Adrenalina
460,Getting Even with Dad,1994,Comedy,4.9,9457,Comfort movie
461,Go Fish,1994,Drama|Romance,5.8,2644,Da vedere in due
462,"Good Man in Africa, A",1994,Action|Adventure,,,Venerdi leggero
463,Guilty as Sin,1993,Crime|Drama|Thriller,5.7,6339,Adrenalina
464,Hard Target,1993,Action|Adventure|Crime|Thriller,6.2,60649,Adrenalina
465,Heaven & Earth,1993,Action|Drama|War,6.8,16280,Adrenalina
466,Hot Shots! Part Deux,1993,Action|Comedy|War,6.6,104722,Adrenalina
467,Live Nude Girls,1995,Comedy,5.2,2135,Comfort movie
468,"Englishman Who Went Up a Hill But Came Down a Mountain, The",1995,Comedy|Romance,,,Da vedere in due
469,"House of the Spirits, The",1993,Drama|Romance,,,Da vedere in due
470,House Party 3,1994,Comedy,4.7,5849,Comfort movie
471,"Hudsucker Proxy, The",1994,Comedy,,,Comfort movie
472,I'll Do Anything,1994,Comedy|Drama,5.5,3029,Comfort movie
473,In the Army Now,1994,Comedy|War,5.0,15760,Adrenalina
474,In the Line of Fire,1993,Action|Thriller,7.2,124550,Adrenalina
475,In the Name of the Father,1993,Drama,8.1,204763,Domenica impegnativa
476,"Inkwell, The",1994,Comedy|Drama,,,Comfort movie
477,What's Love Got to Do with It?,1993,Drama|Musical,7.4,25941,Comfort movie
479,Judgment Night,1993,Action|Crime|Thriller,6.6,21354,Adrenalina
480,Jurassic Park,1993,Action|Adventure|Sci-Fi|Thriller,8.2,1198763,Adrenalina
481,Kalifornia,1993,Drama|Thriller,6.7,63399,Adrenalina
482,Killing Zoe,1994,Crime|Drama|Thriller,,,Adrenalina
483,King of the Hill,1993,Drama,7.3,9461,Domenica impegnativa
484,Lassie,1994,Adventure|Children,5.9,6708,Comfort movie
485,Last Action Hero,1993,Action|Adventure|Comedy|Fantasy,6.5,175089,Comfort movie
486,Life with Mikey,1993,Comedy,5.7,7104,Comfort movie
487,Lightning Jack,1994,Comedy|Western,5.5,7649,Comfort movie
488,M. Butterfly,1993,Drama|Romance,6.7,11875,Da vedere in due
489,Made in America,1993,Comedy,5.2,18871,Comfort movie
490,Malice,1993,Thriller,6.5,31607,Adrenalina
491,"Man Without a Face, The",1993,Drama,,,Domenica impegnativa
492,Manhattan Murder Mystery,1993,Comedy|Mystery,7.3,50182,Mente accesa
493,Menace II Society,1993,Action|Crime|Drama,7.5,71077,Adrenalina
494,Executive Decision,1996,Action|Adventure|Thriller,6.5,66027,Adrenalina
495,In the Realm of the Senses (Ai no corrida),1976,Drama,,,Domenica impegnativa
496,What Happened Was...,1994,Comedy|Drama|Romance|Thriller,7.3,2929,Adrenalina
497,Much Ado About Nothing,1993,Comedy|Romance,7.3,56269,Da vedere in due
498,Mr. Jones,1993,Drama|Romance,5.9,8051,Da vedere in due
499,Mr. Wonderful,1993,Comedy|Romance,5.9,3865,Da vedere in due
500,Mrs. Doubtfire,1993,Comedy|Drama,7.1,320120,Comfort movie
501,Naked,1993,Drama,7.6,49387,Domenica impegnativa
502,"Next Karate Kid, The",1994,Action|Children|Romance,,,Da vedere in due
503,"New Age, The",1994,Drama,,,Domenica impegnativa
504,No Escape,1994,Action|Drama|Sci-Fi,6.1,24651,Domenica impegnativa
505,North,1994,Comedy,4.6,15798,Comfort movie
506,Orlando,1992,Drama|Fantasy|Romance,7.1,21306,Da vedere in due
507,"Perfect World, A",1993,Crime|Drama|Thriller,,,Adrenalina
508,Philadelphia,1993,Drama,7.7,276855,Domenica impegnativa
509,"Piano, The",1993,Drama|Romance,,,Da vedere in due
510,Poetic Justice,1993,Drama,6.2,18712,Domenica impegnativa
511,"Program, The",1993,Action|Drama,,,Domenica impegnativa
512,"Puppet Masters, The",1994,Horror|Sci-Fi,,,Adrenalina
513,Radioland Murders,1994,Comedy|Mystery|Romance,6.2,4170,Da vedere in due
514,"Ref, The",1994,Comedy,,,Comfort movie
515,"Remains of the Day, The",1993,Drama|Romance,,,Da vedere in due
516,Renaissance Man,1994,Comedy|Drama,6.2,20511,Comfort movie
517,Rising Sun,1993,Action|Drama|Mystery,6.3,50691,Domenica impegnativa
518,"Road to Wellville, The",1994,Comedy,,,Comfort movie
519,RoboCop 3,1993,Action|Crime|Drama|Sci-Fi|Thriller,4.2,57844,Adrenalina
520,Robin Hood: Men in Tights,1993,Comedy,6.7,147324,Comfort movie
521,Romeo Is Bleeding,1993,Crime|Thriller,6.5,17029,Adrenalina
522,Romper Stomper,1992,Action|Drama,6.8,43850,Domenica impegnativa
523,Ruby in Paradise,1993,Drama,6.9,3452,Domenica impegnativa
524,Rudy,1993,Drama,7.5,75612,Domenica impegnativa
527,Schindler's List,1993,Drama|War,9.0,1602967,Adrenalina
528,"Scout, The",1994,Comedy|Drama,,,Comfort movie
529,Searching for Bobby Fischer,1993,Drama,7.3,45092,Domenica impegnativa
531,"Secret Garden, The",1993,Children|Drama,,,Comfort movie
532,Serial Mom,1994,Comedy|Crime|Horror,6.9,38518,Adrenalina
533,"Shadow, The",1994,Action|Adventure|Fantasy|Mystery,,,Mente accesa
534,Shadowlands,1993,Drama|Romance,7.3,21733,Da vedere in due
535,Short Cuts,1993,Drama,7.6,50330,Domenica impegnativa
536,"Simple Twist of Fate, A",1994,Drama,,,Domenica impegnativa
537,Sirens,1994,Drama,5.9,12412,Domenica impegnativa
538,Six Degrees of Separation,1993,Drama,6.7,24422,Domenica impegnativa
539,Sleepless in Seattle,1993,Comedy|Drama|Romance,6.8,209858,Da vedere in due
540,Sliver,1993,Thriller,5.1,38091,Adrenalina
541,Blade Runner,1982,Action|Sci-Fi|Thriller,8.1,891323,Adrenalina
542,Son in Law,1993,Comedy|Drama|Romance,6.0,23912,Da vedere in due
543,So I Married an Axe Murderer,1993,Comedy|Romance|Thriller,6.5,46425,Adrenalina
544,Striking Distance,1993,Action|Crime,5.9,53240,Adrenalina
546,Super Mario Bros.,1993,Action|Adventure|Children|Comedy|Fantasy|Sci-Fi,4.2,68406,Mente accesa
547,Surviving the Game,1994,Action|Adventure|Thriller,6.2,14582,Adrenalina
548,Terminal Velocity,1994,Action|Mystery|Thriller,5.6,15655,Adrenalina
549,Thirty-Two Short Films About Glenn Gould,1993,Drama|Musical,7.3,4278,Comfort movie
550,Threesome,1994,Comedy|Romance,6.3,14361,Da vedere in due
551,"Nightmare Before Christmas, The",1993,Animation|Children|Fantasy|Musical,,,Comfort movie
552,"Three Musketeers, The",1993,Action|Adventure|Comedy|Romance,,,Da vedere in due
553,Tombstone,1993,Action|Drama|Western,7.8,195261,Domenica impegnativa
554,Trial by Jury,1994,Crime|Drama|Thriller,5.5,2197,Adrenalina
555,True Romance,1993,Crime|Thriller,7.9,263756,Adrenalina
556,"War Room, The",1993,Documentary,,,Domenica impegnativa
558,"Pagemaster, The",1994,Action|Adventure|Animation|Children|Fantasy,,,Comfort movie
562,Welcome to the Dollhouse,1995,Comedy|Drama,7.3,40950,Comfort movie
563,Germinal,1993,Drama|Romance,7.1,6228,Da vedere in due
564,Chasers,1994,Comedy,5.2,7641,Comfort movie
565,Cronos,1993,Drama|Horror,,,Adrenalina
568,Bhaji on the Beach,1993,Comedy|Drama,6.4,1328,Comfort movie
569,Little Big League,1994,Comedy|Drama,6.2,12563,Comfort movie
571,"Wedding Gift, The",1994,Drama|Romance,,,Da vedere in due
572,Foreign Student,1994,Drama,5.9,376,Domenica impegnativa
573,"Ciao, Professore! (Io speriamo che me la cavo)",1992,Drama,,,Domenica impegnativa
574,Spanking the Monkey,1994,Comedy|Drama,6.3,7112,Comfort movie
575,"Little Rascals, The",1994,Children|Comedy,,,Comfort movie
576,Fausto,1993,Comedy,5.8,218,Comfort movie
577,Andre,1994,Adventure|Children|Drama,5.7,7793,Comfort movie
580,Princess Caraboo,1994,Drama,6.0,3254,Domenica impegnativa
581,"Celluloid Closet, The",1995,Documentary,,,Domenica impegnativa
582,Métisse (Café au Lait),1993,Comedy|Drama,,,Comfort movie
585,"Brady Bunch Movie, The",1995,Comedy,,,Comfort movie
586,Home Alone,1990,Children|Comedy,7.8,754815,Comfort movie
587,Ghost,1990,Comedy|Drama|Fantasy|Romance|Thriller,7.1,259439,Adrenalina
588,Aladdin,1992,Adventure|Animation|Children|Comedy|Musical,8.0,505686,Comfort movie
589,Terminator 2: Judgment Day,1991,Action|Sci-Fi,8.6,1300700,Mente accesa
590,Dances with Wolves,1990,Adventure|Drama|Western,8.0,313180,Domenica impegnativa
592,Batman,1989,Action|Crime|Thriller,7.5,436021,Adrenalina
593,"Silence of the Lambs, The",1991,Crime|Horror|Thriller,,,Adrenalina
594,Snow White and the Seven Dwarfs,1937,Animation|Children|Drama|Fantasy|Musical,7.6,240373,Comfort movie
595,Beauty and the Beast,1991,Animation|Children|Fantasy|Musical|Romance|IMAX,8.0,509642,Da vedere in due
596,Pinocchio,1940,Animation|Children|Fantasy|Musical,7.4,174557,Comfort movie
597,Pretty Woman,1990,Comedy|Romance,7.1,411966,Da vedere in due
598,Window to Paris (Okno v Parizh),1994,Comedy|Fantasy,,,Comfort movie
599,"Wild Bunch, The",1969,Adventure|Western,,,Venerdi leggero
600,Love and a .45,1994,Action|Comedy|Crime,6.0,5184,Adrenalina
602,"Great Day in Harlem, A",1994,Documentary,,,Domenica impegnativa
603,"Bye Bye, Love",1995,Comedy,6.2,5571,Comfort movie
605,One Fine Day,1996,Drama|Romance,6.5,51044,Da vedere in due
606,Candyman: Farewell to the Flesh,1995,Fantasy|Horror,5.3,15890,Adrenalina
608,Fargo,1996,Comedy|Crime|Drama|Thriller,8.1,796926,Adrenalina
609,Homeward Bound II: Lost in San Francisco,1996,Adventure|Children,5.9,17496,Comfort movie
610,Heavy Metal,1981,Action|Adventure|Animation|Horror|Sci-Fi,6.6,42204,Adrenalina
611,Hellraiser: Bloodline,1996,Action|Horror|Sci-Fi,5.1,27275,Adrenalina
612,"Pallbearer, The",1996,Comedy,,,Comfort movie
613,Jane Eyre,1996,Drama|Romance,6.8,10851,Da vedere in due
614,Loaded,1994,Drama|Thriller,4.5,603,Adrenalina
615,Bread and Chocolate (Pane e cioccolata),1973,Comedy|Drama,,,Comfort movie
616,"Aristocats, The",1970,Animation|Children,,,Comfort movie
618,Two Much,1995,Comedy|Romance,5.4,6400,Da vedere in due
619,Ed,1996,Comedy,2.8,9154,Comfort movie
626,"Thin Line Between Love and Hate, A",1996,Comedy,,,Comfort movie
627,"Last Supper, The",1995,Drama|Thriller,,,Adrenalina
628,Primal Fear,1996,Crime|Drama|Mystery|Thriller,7.7,296870,Adrenalina
630,Carried Away,1996,Drama|Romance,6.3,1843,Da vedere in due
631,All Dogs Go to Heaven 2,1996,Adventure|Animation|Children|Fantasy|Musical|Romance,5.5,7347,Da vedere in due
632,Land and Freedom (Tierra y libertad),1995,Drama|War,,,Adrenalina
633,Denise Calls Up,1995,Comedy,6.6,1439,Comfort movie
635,"Family Thing, A",1996,Comedy|Drama,,,Comfort movie
637,Sgt. Bilko,1996,Comedy,5.9,25303,Comfort movie
638,Jack and Sarah,1995,Romance,,,Da vedere in due
639,Girl 6,1996,Comedy|Drama,5.4,6977,Comfort movie
640,Diabolique,1996,Drama|Thriller,5.5,16616,Adrenalina
641,"Little Indian, Big City (Un indien dans la ville)",1994,Adventure|Children|Comedy,,,Comfort movie
645,Nelly & Monsieur Arnaud,1995,Drama,7.2,5486,Domenica impegnativa
647,Courage Under Fire,1996,Action|Crime|Drama|War,6.6,64229,Adrenalina
648,Mission: Impossible,1996,Action|Adventure|Mystery|Thriller,7.2,523439,Adrenalina
649,Cold Fever (Á köldum klaka),1995,Comedy|Drama,,,Comfort movie
650,Moll Flanders,1996,Drama,6.4,4761,Domenica impegnativa
653,Dragonheart,1996,Action|Adventure|Fantasy,6.4,105455,Venerdi leggero
656,Eddie,1996,Comedy,5.2,10664,Comfort movie
659,Purple Noon (Plein soleil),1960,Crime|Drama|Thriller,,,Adrenalina
661,James and the Giant Peach,1996,Adventure|Animation|Children|Fantasy|Musical,6.7,79328,Comfort movie
662,Fear,1996,Thriller,6.3,64231,Adrenalina
663,Kids in the Hall: Brain Candy,1996,Comedy,6.9,9823,Comfort movie
664,Faithful,1996,Comedy,5.7,2420,Comfort movie
665,Underground,1995,Comedy|Drama|War,8.0,64561,Adrenalina
666,All Things Fair (Lust och fägring stor),1995,Drama|Romance|War,,,Adrenalina
667,Bloodsport 2 (a.k.a. Bloodsport II: The Next Kumite),1996,Action,,,Venerdi leggero
668,Song of the Little Road (Pather Panchali),1955,Drama,,,Domenica impegnativa
670,"World of Apu, The (Apur Sansar)",1959,Drama,,,Domenica impegnativa
671,Mystery Science Theater 3000: The Movie,1996,Comedy|Sci-Fi,7.1,19357,Mente accesa
673,Space Jam,1996,Adventure|Animation|Children|Comedy|Fantasy|Sci-Fi,6.5,231807,Mente accesa
674,Barbarella,1968,Adventure|Comedy|Sci-Fi,5.9,41265,Mente accesa
678,Some Folks Call It a Sling Blade,1993,Drama|Thriller,,,Adrenalina
679,"Run of the Country, The",1995,Drama,,,Domenica impegnativa
680,"Alphaville (Alphaville, une étrange aventure de Lemmy Caution)",1965,Drama|Mystery|Romance|Sci-Fi|Thriller,,,Adrenalina
681,Coup de torchon (Clean Slate),1981,Crime,,,Adrenalina
685,It's My Party,1996,Drama,7.1,3420,Domenica impegnativa
688,Operation Dumbo Drop,1995,Action|Adventure|Comedy|War,5.3,10318,Adrenalina
691,Mrs. Winterbourne,1996,Comedy|Romance,6.3,9403,Da vedere in due
692,Solo,1996,Action|Sci-Fi|Thriller,4.1,4736,Adrenalina
694,"Substitute, The",1996,Action|Crime|Drama,,,Adrenalina
695,True Crime,1996,Mystery|Thriller,,,Adrenalina
696,Butterfly Kiss,1995,Drama|Thriller,6.3,2265,Adrenalina
697,Feeling Minnesota,1996,Drama|Romance,5.4,12115,Da vedere in due
700,Angus,1995,Comedy,6.7,7567,Comfort movie
703,Boys,1996,Drama,4.9,3971,Domenica impegnativa
704,"Quest, The",1996,Action|Adventure,,,Venerdi leggero
705,Cosi,1996,Comedy,6.7,2432,Comfort movie
707,Mulholland Falls,1996,Crime|Drama|Thriller,6.3,21424,Adrenalina
708,"Truth About Cats & Dogs, The",1996,Comedy|Romance,,,Da vedere in due
709,Oliver & Company,1988,Adventure|Animation|Children|Comedy|Musical,6.6,57727,Comfort movie
710,Celtic Pride,1996,Comedy,5.3,11242,Comfort movie
711,Flipper,1996,Adventure|Children,5.4,12761,Comfort movie
712,Captives,1994,Crime|Drama|Romance|Thriller,6.2,2676,Adrenalina
713,Of Love and Shadows,1994,Drama,4.9,2664,Domenica impegnativa
714,Dead Man,1995,Drama|Mystery|Western,7.5,109883,Domenica impegnativa
715,"Horseman on the Roof, The (Hussard sur le toit, Le)",1995,Drama|Romance,,,Da vedere in due
716,Switchblade Sisters,1975,Crime,6.5,4893,Adrenalina
717,Mouth to Mouth (Boca a boca),1995,Comedy,,,Comfort movie
718,"Visitors, The (Visiteurs, Les)",1993,Comedy|Fantasy|Sci-Fi,,,Mente accesa
719,Multiplicity,1996,Comedy,6.2,37463,Comfort movie
720,Wallace & Gromit: The Best of Aardman Animation,1996,Adventure|Animation|Comedy,,,Comfort movie
722,"Haunted World of Edward D. Wood Jr., The",1996,Documentary,,,Domenica impegnativa
724,"Craft, The",1996,Drama|Fantasy|Horror|Thriller,,,Adrenalina
725,"Great White Hype, The",1996,Comedy,,,Comfort movie
726,Last Dance,1996,Drama,5.7,4940,Domenica impegnativa
728,Cold Comfort Farm,1995,Comedy,7.2,8139,Comfort movie
730,Low Life,1994,Drama,,,Domenica impegnativa
731,Heaven's Prisoners,1996,Crime|Thriller,5.8,6204,Adrenalina
732,Original Gangstas,1996,Crime,5.7,2246,Adrenalina
733,"Rock, The",1996,Action|Adventure|Thriller,,,Adrenalina
735,Cemetery Man (Dellamorte Dellamore),1994,Horror,,,Adrenalina
736,Twister,1996,Action|Adventure|Romance|Thriller,6.6,253787,Adrenalina
737,Barb Wire,1996,Action|Sci-Fi,3.6,32301,Mente accesa
741,Ghost in the Shell (Kôkaku kidôtai),1995,Animation|Sci-Fi,,,Mente accesa
742,Thinner,1996,Horror|Thriller,5.8,37418,Adrenalina
743,Spy Hard,1996,Comedy,5.3,43309,Comfort movie
745,Wallace & Gromit: A Close Shave,1995,Animation|Children|Comedy,,,Comfort movie
746,Force of Evil,1948,Film-Noir,7.2,8646,Domenica impegnativa
747,"Stupids, The",1996,Comedy,,,Comfort movie
748,"Arrival, The",1996,Action|Sci-Fi|Thriller,,,Adrenalina
749,"Man from Down Under, The",1943,Drama,,,Domenica impegnativa
750,Dr. Strangelove or: How I Learned to Stop Worrying and Love the Bomb,1964,Comedy|War,8.3,554514,Adrenalina
753,"Month by the Lake, A",1995,Comedy|Drama|Romance,,,Da vedere in due
754,Gold Diggers: The Secret of Bear Mountain,1995,Adventure|Children,6.1,5416,Comfort movie
760,Stalingrad,1993,Drama|War,7.5,39651,Adrenalina
761,"Phantom, The",1996,Action|Adventure,,,Venerdi leggero
762,Striptease,1996,Comedy|Crime,4.6,52113,Adrenalina
764,Heavy,1995,Drama|Romance,6.7,6364,Da vedere in due
765,Jack,1996,Comedy|Drama,5.8,66504,Comfort movie
766,I Shot Andy Warhol,1996,Drama,6.6,7518,Domenica impegnativa
767,"Grass Harp, The",1995,Comedy|Drama,,,Comfort movie
768,Someone Else's America,1995,Drama,6.9,792,Domenica impegnativa
769,Marlene Dietrich: Shadow and Light,1996,Documentary,7.1,75,Domenica impegnativa
771,"Life Is Rosy (a.k.a. Life Is Beautiful) (Vie est belle, La)",1987,Comedy|Drama,,,Comfort movie
778,Trainspotting,1996,Comedy|Crime|Drama,8.1,774688,Adrenalina
779,'Til There Was You,1997,Drama|Romance,4.8,3084,Da vedere in due
780,Independence Day (a.k.a. ID4),1996,Action|Adventure|Sci-Fi|Thriller,,,Adrenalina
781,Stealing Beauty,1996,Drama,6.5,32713,Domenica impegnativa
782,"Fan, The",1996,Drama|Thriller,,,Adrenalina
783,"Hunchback of Notre Dame, The",1996,Animation|Children|Drama|Musical|Romance,,,Da vedere in due
784,"Cable Guy, The",1996,Comedy|Thriller,,,Adrenalina
785,Kingpin,1996,Comedy,6.9,97484,Comfort movie
786,Eraser,1996,Action|Drama|Thriller,6.2,125309,Adrenalina
788,"Nutty Professor, The",1996,Comedy|Fantasy|Romance|Sci-Fi,,,Da vedere in due
790,"Unforgettable Summer, An (Un été inoubliable)",1994,Drama,,,Domenica impegnativa
791,"Last Klezmer: Leopold Kozlowski, His Life and Music, The",1994,Documentary,,,Domenica impegnativa
794,Midnight Dancers (Sibak),1994,Comedy|Drama,,,Comfort movie
797,"Old Lady Who Walked in the Sea, The (Vieille qui marchait dans la mer, La)",1991,Comedy,,,Comfort movie
798,Daylight,1996,Action|Adventure|Drama|Thriller,6.0,81174,Adrenalina
799,"Frighteners, The",1996,Comedy|Horror|Thriller,,,Adrenalina
800,Lone Star,1996,Drama|Mystery|Western,7.4,36266,Domenica impegnativa
801,Harriet the Spy,1996,Children|Comedy,6.0,12334,Comfort movie
802,Phenomenon,1996,Drama|Romance,6.5,90702,Da vedere in due
803,Walking and Talking,1996,Comedy|Drama|Romance,6.7,4326,Da vedere in due
804,She's the One,1996,Comedy|Romance,6.0,20156,Da vedere in due
805,"Time to Kill, A",1996,Drama|Thriller,,,Adrenalina
806,American Buffalo,1996,Crime|Drama,5.8,4238,Adrenalina
808,Alaska,1996,Adventure|Children,5.8,6163,Comfort movie
809,Fled,1996,Action|Adventure,5.5,10695,Venerdi leggero
810,Kazaam,1996,Children|Comedy|Fantasy,3.2,26790,Comfort movie
813,Larger Than Life,1996,Comedy,5.7,8343,Comfort movie
816,Two Deaths,1995,Drama,6.4,551,Domenica impegnativa
818,"Very Brady Sequel, A",1996,Comedy,,,Comfort movie
819,Stefano Quantestorie,1993,Comedy|Drama,6.7,181,Comfort movie
821,"Crude Oasis, The",1995,Drama|Romance,,,Da vedere in due
822,Hedd Wyn,1992,Drama|Romance|War,7.1,504,Adrenalina
824,Kaspar Hauser,1993,Drama|Mystery,6.8,527,Domenica impegnativa
828,"Adventures of Pinocchio, The",1996,Adventure|Children,,,Comfort movie
829,Joe's Apartment,1996,Comedy|Fantasy|Musical,5.6,15623,Comfort movie
830,"First Wives Club, The",1996,Comedy,,,Comfort movie
831,Stonewall,1995,Drama,7.1,1883,Domenica impegnativa
832,Ransom,1996,Crime|Thriller,6.7,145366,Adrenalina
833,High School High,1996,Comedy,5.6,15052,Comfort movie
834,Phat Beach,1996,Comedy,4.1,1123,Comfort movie
835,Foxfire,1996,Drama,6.2,10455,Domenica impegnativa
836,Chain Reaction,1996,Action|Adventure|Thriller,5.7,59145,Adrenalina
837,Matilda,1996,Children|Comedy|Fantasy,7.0,198984,Comfort movie
838,Emma,1996,Comedy|Drama|Romance,6.6,44414,Da vedere in due
839,"Crow: City of Angels, The",1996,Action|Thriller,,,Adrenalina
840,House Arrest,1996,Children|Comedy,5.8,9905,Comfort movie
841,"Eyes Without a Face (Yeux sans visage, Les)",1959,Horror,,,Adrenalina
842,Tales from the Crypt Presents: Bordello of Blood,1996,Comedy|Horror,,,Adrenalina
843,Lotto Land,1995,Drama,6.4,70,Domenica impegnativa
844,"Story of Xinghua, The (Xinghua san yue tian)",1994,Drama,,,Domenica impegnativa
845,"Day the Sun Turned Cold, The (Tianguo niezi)",1994,Drama,,,Domenica impegnativa
846,Flirt,1995,Drama,6.3,2397,Domenica impegnativa
847,"Big Squeeze, The",1996,Comedy|Drama,,,Comfort movie
848,"Spitfire Grill, The",1996,Drama,,,Domenica impegnativa
849,Escape from L.A.,1996,Action|Adventure|Sci-Fi|Thriller,5.7,86897,Adrenalina
850,Cyclo (Xich lo),1995,Crime|Drama,,,Adrenalina
851,Basquiat,1996,Drama,6.9,24094,Domenica impegnativa
852,Tin Cup,1996,Comedy|Drama|Romance,6.4,56643,Da vedere in due
853,Dingo,1991,Drama,6.8,536,Domenica impegnativa
854,"Ballad of Narayama, The (Narayama Bushiko)",1958,Drama,,,Domenica impegnativa
855,Every Other Weekend (Un week-end sur deux),1990,Drama,,,Domenica impegnativa
856,Mille bolle blu,1993,Comedy,6.5,188,Comfort movie
857,Crows and Sparrows (Wuya yu maque),1949,Drama,,,Domenica impegnativa
858,"Godfather, The",1972,Crime|Drama,,,Adrenalina
861,Supercop (Police Story 3: Supercop) (Jing cha gu shi III: Chao ji jing cha),1992,Action|Comedy|Crime|Thriller,,,Adrenalina
864,"Wife, The",1995,Comedy|Drama,,,Comfort movie
865,Small Faces,1996,Drama,,,Domenica impegnativa
866,Bound,1996,Crime|Drama|Romance|Thriller,7.3,68326,Adrenalina
868,Death in Brunswick,1991,Comedy,,,Comfort movie
869,Kansas City,1996,Crime|Drama|Musical|Thriller,6.3,5971,Adrenalina
870,Gone Fishin',1997,Comedy,4.9,11191,Comfort movie
871,Lover's Knot,1996,Comedy,,,Comfort movie
873,Shadow of Angels (Schatten der Engel),1976,Drama,,,Domenica impegnativa
875,Nothing to Lose,1994,Action|Crime|Drama,5.9,80,Adrenalina
876,Supercop 2 (Project S) (Chao ji ji hua),1993,Action|Comedy|Crime|Thriller,,,Adrenalina
879,"Relic, The",1997,Horror|Thriller,,,Adrenalina
880,"Island of Dr. Moreau, The",1996,Sci-Fi|Thriller,,,Adrenalina
881,First Kid,1996,Children|Comedy,5.3,12380,Comfort movie
882,"Trigger Effect, The",1996,Drama|Thriller,,,Adrenalina
884,Sweet Nothing,1996,Drama,,,Domenica impegnativa
885,Bogus,1996,Children|Drama|Fantasy,5.4,7378,Comfort movie
886,Bulletproof,1996,Action|Comedy|Crime,5.8,41618,Adrenalina
888,Land Before Time III: The Time of the Great Giving,1995,Adventure|Animation|Children|Musical,,,Comfort movie
889,1-900 (06),1994,Drama|Romance,,,Da vedere in due
891,Halloween: The Curse of Michael Myers (Halloween 6: The Curse of Michael Myers),1995,Horror|Thriller,,,Adrenalina
892,Twelfth Night,1996,Comedy|Drama|Romance,7.1,6784,Da vedere in due
893,Mother Night,1996,Drama,7.1,5920,Domenica impegnativa
895,Venice/Venice,1992,Drama,6.2,289,Domenica impegnativa
896,Wild Reeds (Les roseaux sauvages),1994,Drama,,,Domenica impegnativa
897,For Whom the Bell Tolls,1943,Adventure|Drama|Romance|War,6.8,11244,Adrenalina
898,"Philadelphia Story, The",1940,Comedy|Drama|Romance,,,Da vedere in due
899,Singin' in the Rain,1952,Comedy|Musical|Romance,8.3,285826,Da vedere in due
900,"American in Paris, An",1951,Musical|Romance,,,Da vedere in due
901,Funny Face,1957,Comedy|Musical,7.0,35963,Comfort movie
902,Breakfast at Tiffany's,1961,Drama|Romance,7.5,206370,Da vedere in due
903,Vertigo,1958,Drama|Mystery|Romance|Thriller,8.2,462841,Adrenalina
904,Rear Window,1954,Mystery|Thriller,8.4,574010,Adrenalina
905,It Happened One Night,1934,Comedy|Romance,8.1,120585,Da vedere in due
906,Gaslight,1944,Drama|Thriller,7.8,38375,Adrenalina
907,"Gay Divorcee, The",1934,Comedy|Musical|Romance,,,Da vedere in due
908,North by Northwest,1959,Action|Adventure|Mystery|Romance|Thriller,8.2,371662,Adrenalina
909,"Apartment, The",1960,Comedy|Drama|Romance,,,Da vedere in due
910,Some Like It Hot,1959,Comedy|Crime,8.2,307392,Adrenalina
911,Charade,1963,Comedy|Crime|Mystery|Romance|Thriller,7.8,94734,Adrenalina
912,Casablanca,1942,Drama|Romance,8.5,660958,Da vedere in due
913,"Maltese Falcon, The",1941,Film-Noir|Mystery,,,Domenica impegnativa
914,My Fair Lady,1964,Comedy|Drama|Musical|Romance,7.7,108631,Da vedere in due
915,Sabrina,1954,Comedy|Romance,7.6,76704,Da vedere in due
916,Roman Holiday,1953,Comedy|Drama|Romance,8.0,158886,Da vedere in due
917,"Little Princess, The",1939,Children|Drama,,,Comfort movie
918,Meet Me in St. Louis,1944,Musical,7.5,31398,Comfort movie
919,"Wizard of Oz, The",1939,Adventure|Children|Fantasy|Musical,,,Comfort movie
920,Gone with the Wind,1939,Drama|Romance|War,8.2,358718,Adrenalina
921,My Favorite Year,1982,Comedy,7.3,11373,Comfort movie
922,Sunset Blvd. (a.k.a. Sunset Boulevard),1950,Drama|Film-Noir|Romance,,,Da vedere in due
923,Citizen Kane,1941,Drama|Mystery,8.2,496673,Domenica impegnativa
924,2001: A Space Odyssey,1968,Adventure|Drama|Sci-Fi,8.3,792731,Domenica impegnativa
926,All About Eve,1950,Drama,8.2,150582,Domenica impegnativa
927,"Women, The",1939,Comedy,,,Comfort movie
928,Rebecca,1940,Drama|Mystery|Romance|Thriller,8.0,162200,Adrenalina
929,Foreign Correspondent,1940,Drama|Film-Noir|Mystery|Thriller,7.4,26421,Adrenalina
930,Notorious,1946,Film-Noir|Romance|Thriller,7.9,113538,Adrenalina
931,Spellbound,1945,Mystery|Romance|Thriller,7.5,55866,Adrenalina
932,"Affair to Remember, An",1957,Drama|Romance,,,Da vedere in due
933,To Catch a Thief,1955,Crime|Mystery|Romance|Thriller,7.4,87673,Adrenalina
934,Father of the Bride,1950,Comedy,7.1,13691,Comfort movie
935,"Band Wagon, The",1953,Comedy|Musical,,,Comfort movie
936,Ninotchka,1939,Comedy|Romance,7.8,25120,Da vedere in due
937,Love in the Afternoon,1957,Comedy|Romance,7.1,18564,Da vedere in due
938,Gigi,1958,Musical,6.6,25160,Comfort movie
939,"Reluctant Debutante, The",1958,Comedy|Drama,,,Comfort movie
940,"Adventures of Robin Hood, The",1938,Action|Adventure|Romance,,,Da vedere in due
941,"Mark of Zorro, The",1940,Adventure,,,Venerdi leggero
942,Laura,1944,Crime|Film-Noir|Mystery,7.9,56700,Adrenalina
943,"Ghost and Mrs. Muir, The",1947,Drama|Fantasy|Romance,,,Da vedere in due
944,Lost Horizon,1937,Drama,7.6,15876,Domenica impegnativa
945,Top Hat,1935,Comedy|Musical|Romance,7.7,22379,Da vedere in due
946,To Be or Not to Be,1942,Comedy|Drama|War,8.1,50345,Adrenalina
947,My Man Godfrey,1936,Comedy|Romance,7.9,28973,Da vedere in due
948,Giant,1956,Drama|Romance|Western,7.6,44425,Da vedere in due
949,East of Eden,1955,Drama,7.8,51164,Domenica impegnativa
950,"Thin Man, The",1934,Comedy|Crime,,,Adrenalina
951,His Girl Friday,1940,Comedy|Romance,7.8,68623,Da vedere in due
952,Around the World in 80 Days,1956,Adventure|Comedy,6.7,32360,Comfort movie
953,It's a Wonderful Life,1946,Drama|Fantasy|Romance,8.6,559258,Da vedere in due
954,Mr. Smith Goes to Washington,1939,Drama,8.1,130475,Domenica impegnativa
955,Bringing Up Baby,1938,Comedy|Romance,7.8,69837,Da vedere in due
956,Penny Serenade,1941,Drama|Romance,7.1,8987,Da vedere in due
959,Of Human Bondage,1934,Drama,7.0,9296,Domenica impegnativa
960,Angel on My Shoulder,1946,Crime|Drama,6.8,3477,Adrenalina
961,Little Lord Fauntleroy,1936,Drama,7.3,2874,Domenica impegnativa
962,They Made Me a Criminal (I Became a Criminal) (They Made Me a Fugitive),1939,Crime|Drama,,,Adrenalina
963,"Inspector General, The",1949,Musical,,,Comfort movie
964,Angel and the Badman,1947,Romance|Western,6.8,7513,Da vedere in due
965,"39 Steps, The",1935,Drama|Mystery|Thriller,,,Adrenalina
966,"Walk in the Sun, A",1945,War,,,Adrenalina
967,"Outlaw, The",1943,Western,,,Venerdi leggero
968,Night of the Living Dead,1968,Horror|Sci-Fi|Thriller,7.8,152469,Adrenalina
969,"African Queen, The",1951,Adventure|Comedy|Romance|War,,,Adrenalina
970,Beat the Devil,1953,Adventure|Comedy|Crime|Drama|Romance,6.4,11571,Adrenalina
971,Cat on a Hot Tin Roof,1958,Drama,7.9,57575,Domenica impegnativa
972,"Last Time I Saw Paris, The",1954,Drama,,,Domenica impegnativa
973,Meet John Doe,1941,Comedy|Drama,7.6,16571,Comfort movie
974,Algiers,1938,Drama|Romance,6.6,3705,Da vedere in due
976,"Farewell to Arms, A",1932,Romance|War,,,Adrenalina
981,Dangerous Ground,1997,Drama,4.5,2093,Domenica impegnativa
982,Picnic,1955,Drama,7.0,10795,Domenica impegnativa
984,"Pompatus of Love, The",1996,Comedy|Drama,,,Comfort movie
985,Small Wonders,1995,Documentary,7.3,183,Domenica impegnativa
986,Fly Away Home,1996,Adventure|Children,6.9,29122,Comfort movie
988,Grace of My Heart,1996,Comedy|Drama,6.8,4246,Comfort movie
989,Brother of Sleep (Schlafes Bruder),1995,Drama,,,Domenica impegnativa
990,Maximum Risk,1996,Action|Adventure|Thriller,5.6,26119,Adrenalina
991,Michael Collins,1996,Drama,7.1,36483,Domenica impegnativa
992,"Rich Man's Wife, The",1996,Thriller,,,Adrenalina
993,Infinity,1996,Drama,6.2,2120,Domenica impegnativa
994,Big Night,1996,Comedy|Drama,7.3,25299,Comfort movie
996,Last Man Standing,1996,Action|Crime|Drama|Thriller,6.4,62833,Adrenalina
997,Caught,1996,Drama|Thriller,6.5,1603,Adrenalina
998,Set It Off,1996,Action|Crime,6.9,20743,Adrenalina
999,2 Days in the Valley,1996,Crime|Film-Noir,6.5,23090,Adrenalina
1000,Curdled,1996,Crime,5.9,5832,Adrenalina
1002,Ed's Next Move,1996,Comedy|Romance,6.4,491,Da vedere in due
1003,Extreme Measures,1996,Drama|Thriller,6.2,21106,Adrenalina
1004,"Glimmer Man, The",1996,Action|Thriller,,,Adrenalina
1005,D3: The Mighty Ducks,1996,Children|Comedy,5.5,30682,Comfort movie
1006,"Chamber, The",1996,Drama,,,Domenica impegnativa
1007,"Apple Dumpling Gang, The",1975,Children|Comedy|Western,,,Comfort movie
1008,"Davy Crockett, King of the Wild Frontier",1955,Adventure|Western,6.8,5664,Venerdi leggero
1009,Escape to Witch Mountain,1975,Adventure|Children|Fantasy,6.3,12535,Comfort movie
1010,"Love Bug, The",1969,Children|Comedy,,,Comfort movie
1011,Herbie Rides Again,1974,Adventure|Children|Comedy,5.7,9744,Comfort movie
1012,Old Yeller,1957,Children|Drama,7.2,16901,Comfort movie
1013,"Parent Trap, The",1961,Children|Comedy|Romance,,,Da vedere in due
1014,Pollyanna,1960,Children|Comedy|Drama,7.4,12713,Comfort movie
1015,Homeward Bound: The Incredible Journey,1993,Adventure|Children|Drama,7.0,56073,Comfort movie
1016,"Shaggy Dog, The",1959,Children|Comedy,,,Comfort movie
1017,Swiss Family Robinson,1960,Adventure|Children,7.1,20232,Comfort movie
1018,That Darn Cat!,1965,Children|Comedy|Mystery,6.8,8898,Mente accesa
1019,"20,000 Leagues Under the Sea",1954,Adventure|Drama|Sci-Fi,7.2,39792,Domenica impegnativa
1020,Cool Runnings,1993,Comedy,7.0,124869,Comfort movie
1021,Angels in the Outfield,1994,Children|Comedy,6.3,38265,Comfort movie
1022,Cinderella,1950,Animation|Children|Fantasy|Musical|Romance,7.3,189407,Da vedere in due
1023,Winnie the Pooh and the Blustery Day,1968,Animation|Children|Musical,,,Comfort movie
1024,"Three Caballeros, The",1945,Animation|Children|Musical,,,Comfort movie
1025,"Sword in the Stone, The",1963,Animation|Children|Fantasy|Musical,,,Comfort movie
1027,Robin Hood: Prince of Thieves,1991,Adventure|Drama,6.9,224331,Domenica impegnativa
1028,Mary Poppins,1964,Children|Comedy|Fantasy|Musical,7.8,200431,Comfort movie
1029,Dumbo,1941,Animation|Children|Drama|Musical,7.2,151804,Comfort movie
1030,Pete's Dragon,1977,Adventure|Animation|Children|Musical,6.4,28408,Comfort movie
1031,Bedknobs and Broomsticks,1971,Adventure|Children|Musical,7.1,43797,Comfort movie
1032,Alice in Wonderland,1951,Adventure|Animation|Children|Fantasy|Musical,7.3,168760,Comfort movie
1033,"Fox and the Hound, The",1981,Animation|Children|Drama,,,Comfort movie
1034,Freeway,1996,Comedy|Crime|Drama|Thriller,6.8,34636,Adrenalina
1035,"Sound of Music, The",1965,Musical|Romance,,,Da vedere in due
1036,Die Hard,1988,Action|Crime|Thriller,8.2,1039966,Adrenalina
1037,"Lawnmower Man, The",1992,Action|Horror|Sci-Fi|Thriller,,,Adrenalina
1038,Unhook the Stars,1996,Drama,6.5,2536,Domenica impegnativa
1040,"Secret Agent, The",1996,Drama,,,Domenica impegnativa
1041,Secrets & Lies,1996,Drama,8.0,50901,Domenica impegnativa
1042,That Thing You Do!,1996,Comedy|Drama,7.0,79155,Comfort movie
1043,To Gillian on Her 37th Birthday,1996,Drama|Romance,5.8,5301,Da vedere in due
1044,Surviving Picasso,1996,Drama,6.3,8229,Domenica impegnativa
1045,Love Is All There Is,1996,Comedy|Drama,5.1,1563,Comfort movie
1046,Beautiful Thing,1996,Drama|Romance,7.6,27636,Da vedere in due
1047,"Long Kiss Goodnight, The",1996,Action|Drama|Thriller,,,Adrenalina
1049,"Ghost and the Darkness, The",1996,Action|Adventure,,,Venerdi leggero
1050,Looking for Richard,1996,Documentary|Drama,7.3,8896,Domenica impegnativa
1051,Trees Lounge,1996,Drama,7.1,17791,Domenica impegnativa
1052,"Proprietor, The",1996,Drama,,,Domenica impegnativa
1053,Normal Life,1996,Crime|Drama|Romance,6.3,2705,Adrenalina
1054,Get on the Bus,1996,Drama,6.9,6447,Domenica impegnativa
1055,Shadow Conspiracy,1997,Thriller,5.0,5617,Adrenalina
1056,Jude,1996,Drama,6.9,11795,Domenica impegnativa
1057,Everyone Says I Love You,1996,Comedy|Musical|Romance,6.7,41510,Da vedere in due
1058,Bitter Sugar (Azúcar amarga),1996,Drama,,,Domenica impegnativa
1059,William Shakespeare's Romeo + Juliet,1996,Drama|Romance,,,Da vedere in due
1060,Swingers,1996,Comedy|Drama,7.2,91829,Comfort movie
1061,Sleepers,1996,Thriller,7.5,257933,Adrenalina
1062,"Sunchaser, The",1996,Drama,,,Domenica impegnativa
1063,Johns,1996,Drama,6.3,1872,Domenica impegnativa
1064,Aladdin and the King of Thieves,1996,Animation|Children|Comedy|Fantasy|Musical|Romance,,,Da vedere in due
1066,Shall We Dance,1937,Comedy|Musical|Romance,7.4,8457,Da vedere in due
1067,"Damsel in Distress, A",1937,Comedy|Musical|Romance,,,Da vedere in due
1068,Crossfire,1947,Crime|Film-Noir,7.2,11014,Adrenalina
1069,"Murder, My Sweet",1944,Crime|Film-Noir|Thriller,7.5,16574,Adrenalina
1071,For the Moment,1994,Romance|War,,,Adrenalina
1073,Willy Wonka & the Chocolate Factory,1971,Children|Comedy|Fantasy|Musical,7.8,246938,Comfort movie
1076,"Innocents, The",1961,Drama|Horror|Thriller,,,Adrenalina
1077,Sleeper,1973,Comedy|Sci-Fi,7.1,45691,Mente accesa
1078,Bananas,1971,Comedy|War,6.9,40278,Adrenalina
1079,"Fish Called Wanda, A",1988,Comedy|Crime,,,Adrenalina
1080,Monty Python's Life of Brian,1979,Comedy,8.0,435899,Comfort movie
1081,Victor/Victoria,1982,Comedy|Musical|Romance,7.6,25890,Da vedere in due
1082,"Candidate, The",1972,Drama,,,Domenica impegnativa
1083,"Great Race, The",1965,Comedy|Musical,,,Comfort movie
1084,Bonnie and Clyde,1967,Crime|Drama,7.7,127767,Adrenalina
1085,"Old Man and the Sea, The",1958,Adventure|Drama,,,Domenica impegnativa
1086,Dial M for Murder,1954,Crime|Mystery|Thriller,8.1,207048,Adrenalina
1087,Madame Butterfly,1995,Musical,7.0,684,Comfort movie
1088,Dirty Dancing,1987,Drama|Musical|Romance,7.1,284513,Da vedere in due
1089,Reservoir Dogs,1992,Crime|Mystery|Thriller,8.2,1181793,Adrenalina
1090,Platoon,1986,Drama|War,8.0,477065,Adrenalina
1091,Weekend at Bernie's,1989,Comedy,6.5,69043,Comfort movie
1092,Basic Instinct,1992,Crime|Mystery|Thriller,7.1,247079,Adrenalina
1093,"Doors, The",1991,Drama,,,Domenica impegnativa
1094,"Crying Game, The",1992,Drama|Romance|Thriller,,,Adrenalina
1095,Glengarry Glen Ross,1992,Drama,7.6,127312,Domenica impegnativa
1096,Sophie's Choice,1982,Drama,7.5,56413,Domenica impegnativa
1097,E.T. the Extra-Terrestrial,1982,Children|Drama|Sci-Fi,7.9,476808,Mente accesa
1098,"Search for One-eye Jimmy, The",1996,Comedy,,,Comfort movie
1099,"Christmas Carol, A",1938,Children|Drama|Fantasy,,,Comfort movie
1100,Days of Thunder,1990,Action|Drama|Romance,6.2,106673,Da vedere in due
1101,Top Gun,1986,Action|Romance,7.0,561137,Da vedere in due
1102,American Strays,1996,Action,5.2,798,Venerdi leggero
1103,Rebel Without a Cause,1955,Drama,7.6,104235,Domenica impegnativa
1104,"Streetcar Named Desire, A",1951,Drama,,,Domenica impegnativa
1105,Children of the Corn IV: The Gathering,1996,Horror,,,Adrenalina
1111,Microcosmos (Microcosmos: Le peuple de l'herbe),1996,Documentary,,,Domenica impegnativa
1112,Palookaville,1996,Action|Comedy|Drama,,,Comfort movie
1113,"Associate, The",1996,Comedy,,,Comfort movie
1114,"Funeral, The",1996,Crime|Drama,,,Adrenalina
1115,Sleepover,1995,Drama,5.5,69,Domenica impegnativa
1116,"Single Girl, A (Fille seule, La)",1995,Drama,,,Domenica impegnativa
1117,"Eighth Day, The (Huitième jour, Le)",1996,Drama,,,Domenica impegnativa
1118,North Star (a.k.a. Tashunga),1995,Action|Adventure|Crime|Drama|Western,,,Adrenalina
1119,Drunks,1995,Drama,6.4,1322,Domenica impegnativa
1120,"People vs. Larry Flynt, The",1996,Comedy|Drama,,,Comfort movie
1123,"Perfect Candidate, A",1996,Documentary,,,Domenica impegnativa
1124,On Golden Pond,1981,Drama,7.6,38129,Domenica impegnativa
1125,"Return of the Pink Panther, The",1975,Comedy|Crime,,,Adrenalina
1126,Drop Dead Fred,1991,Comedy|Fantasy,6.0,34143,Comfort movie
1127,"Abyss, The",1989,Action|Adventure|Sci-Fi|Thriller,,,Adrenalina
1128,"Fog, The",1980,Horror,,,Adrenalina
1129,Escape from New York,1981,Action|Adventure|Sci-Fi|Thriller,7.1,175371,Adrenalina
1130,"Howling, The",1980,Horror|Mystery,,,Adrenalina
1131,Jean de Florette,1986,Drama|Mystery,8.1,29697,Domenica impegnativa
1132,Manon of the Spring (Manon des sources),1986,Drama,,,Domenica impegnativa
1133,Talking About Sex,1994,Comedy|Drama,6.1,49,Comfort movie
1134,Johnny 100 Pesos (Johnny cien pesos),1993,Action|Drama,,,Domenica impegnativa
1135,Private Benjamin,1980,Comedy,6.2,31229,Comfort movie
1136,Monty Python and the Holy Grail,1975,Adventure|Comedy|Fantasy,8.1,607921,Comfort movie
1137,Hustler White,1996,Romance,5.8,1629,Da vedere in due
1138,Dadetown,1995,Drama,7.0,223,Domenica impegnativa
1140,Entertaining Angels: The Dorothy Day Story,1996,Drama,6.3,564,Domenica impegnativa
1142,Get Over It,1996,Drama,,,Domenica impegnativa
1143,Three Lives and Only One Death (Trois vies & une seule mort),1996,Comedy,,,Comfort movie
1144,"Line King: The Al Hirschfeld Story, The",1996,Documentary,,,Domenica impegnativa
1145,Snowriders,1996,Documentary,7.8,59,Domenica impegnativa
1146,Curtis's Charm,1995,Comedy|Drama,6.4,254,Comfort movie
1147,When We Were Kings,1996,Documentary,7.9,19244,Domenica impegnativa
1148,Wallace & Gromit: The Wrong Trousers,1993,Animation|Children|Comedy|Crime,,,Adrenalina
1149,JLG/JLG (JLG/JLG - autoportrait de décembre),1994,Documentary|Drama,,,Domenica impegnativa
1150,"Return of Martin Guerre, The (Retour de Martin Guerre, Le)",1982,Drama,,,Domenica impegnativa
1151,Faust,1994,Animation|Comedy|Thriller,7.3,4812,Adrenalina
1152,He Walked by Night,1948,Crime|Film-Noir|Thriller,7.0,7614,Adrenalina
1153,Raw Deal,1948,Film-Noir,7.2,6378,Domenica impegnativa
1154,T-Men,1947,Film-Noir,6.9,4441,Domenica impegnativa
1158,Here Comes Cookie,1935,Comedy,6.2,194,Comfort movie
1159,Love in Bloom,1935,Romance,5.9,160,Da vedere in due
1160,Six of a Kind,1934,Comedy,6.7,798,Comfort movie
1161,"Tin Drum, The (Blechtrommel, Die)",1979,Drama|War,,,Adrenalina
1162,"Ruling Class, The",1972,Comedy|Drama,,,Comfort movie
1163,Mina Tannenbaum,1994,Drama,7.1,1081,Domenica impegnativa
1165,"Bloody Child, The",1996,Drama|Thriller,,,Adrenalina
1166,Farmer & Chase,1997,Comedy,5.0,95,Comfort movie
1167,Dear God,1996,Comedy,5.5,4410,Comfort movie
1168,Bad Moon,1996,Action|Adventure|Horror,5.8,10131,Adrenalina
1169,American Dream,1990,Documentary,7.7,1220,Domenica impegnativa
1170,Best of the Best 3: No Turning Back,1995,Action,4.9,2782,Venerdi leggero
1171,Bob Roberts,1992,Comedy,7.0,15037,Comfort movie
1172,Cinema Paradiso (Nuovo cinema Paradiso),1989,Drama,,,Domenica impegnativa
1173,"Cook the Thief His Wife & Her Lover, The",1989,Comedy|Drama,,,Comfort movie
1175,Delicatessen,1991,Comedy|Drama|Romance,7.5,94879,Da vedere in due
1176,"Double Life of Veronique, The (Double Vie de Véronique, La)",1991,Drama|Fantasy|Romance,,,Da vedere in due
1177,Enchanted April,1992,Drama|Romance,,,Da vedere in due
1178,Paths of Glory,1957,Drama|War,8.4,242662,Adrenalina
1179,"Grifters, The",1990,Crime|Drama|Film-Noir,,,Adrenalina
1180,Hear My Song,1991,Comedy,7.0,2087,Comfort movie
1183,"English Patient, The",1996,Drama|Romance|War,,,Adrenalina
1184,Mediterraneo,1991,Comedy|Drama,7.4,17982,Comfort movie
1185,My Left Foot,1989,Drama,7.8,85983,Domenica impegnativa
1186,"Sex, Lies, and Videotape",1989,Drama,7.2,65273,Domenica impegnativa
1187,Passion Fish,1992,Drama,7.3,6537,Domenica impegnativa
1188,Strictly Ballroom,1992,Comedy|Romance,7.2,31300,Da vedere in due
1189,"Thin Blue Line, The",1988,Documentary,,,Domenica impegnativa
1190,Tie Me Up! Tie Me Down! (¡Átame!),1990,Crime|Drama|Romance,,,Adrenalina
1191,Madonna: Truth or Dare,1991,Documentary|Musical,6.5,10594,Domenica impegnativa
1192,Paris Is Burning,1990,Documentary,8.2,21690,Domenica impegnativa
1193,One Flew Over the Cuckoo's Nest,1975,Drama,8.6,1166887,Domenica impegnativa
1194,Cheech and Chong's Up in Smoke,1978,Comedy,,,Comfort movie
1196,Star Wars: Episode V - The Empire Strikes Back,1980,Action|Adventure|Sci-Fi,8.7,1523343,Mente accesa
1197,"Princess Bride, The",1987,Action|Adventure|Comedy|Fantasy|Romance,,,Da vedere in due
1198,Raiders of the Lost Ark (Indiana Jones and the Raiders of the Lost Ark),1981,Action|Adventure,,,Venerdi leggero
1199,Brazil,1985,Fantasy|Sci-Fi,7.8,223198,Mente accesa
1200,Aliens,1986,Action|Adventure|Horror|Sci-Fi,8.4,848166,Adrenalina
1201,"Good, the Bad and the Ugly, The (Buono, il brutto, il cattivo, Il)",1966,Action|Adventure|Western,,,Venerdi leggero
1202,Withnail & I,1987,Comedy,7.5,53005,Comfort movie
1203,12 Angry Men,1957,Drama,9.0,1002540,Domenica impegnativa
1204,Lawrence of Arabia,1962,Adventure|Drama|War,8.3,346159,Adrenalina
1206,"Clockwork Orange, A",1971,Crime|Drama|Sci-Fi|Thriller,,,Adrenalina
1207,To Kill a Mockingbird,1962,Drama,8.2,353281,Domenica impegnativa
1208,Apocalypse Now,1979,Action|Drama|War,8.4,777996,Adrenalina
1209,Once Upon a Time in the West (C'era una volta il West),1968,Action|Drama|Western,,,Domenica impegnativa
1210,Star Wars: Episode VI - Return of the Jedi,1983,Action|Adventure|Sci-Fi,8.3,1223930,Mente accesa
1211,"Wings of Desire (Himmel über Berlin, Der)",1987,Drama|Fantasy|Romance,,,Da vedere in due
1212,"Third Man, The",1949,Film-Noir|Mystery|Thriller,,,Adrenalina
1213,Goodfellas,1990,Crime|Drama,8.7,1412684,Adrenalina
1214,Alien,1979,Horror|Sci-Fi,8.4,1076705,Adrenalina
1215,Army of Darkness,1993,Action|Adventure|Comedy|Fantasy|Horror,,,Adrenalina
1216,"Big Blue, The (Grand bleu, Le)",1988,Adventure|Drama|Romance,,,Da vedere in due
1217,Ran,1985,Drama|War,8.2,154597,Adrenalina
1218,"Killer, The (Die xue shuang xiong)",1989,Action|Crime|Drama|Thriller,,,Adrenalina
1219,Psycho,1960,Crime|Horror,8.5,794117,Adrenalina
1220,"Blues Brothers, The",1980,Action|Comedy|Musical,,,Comfort movie
1221,"Godfather: Part II, The",1974,Crime|Drama,,,Adrenalina
1222,Full Metal Jacket,1987,Drama|War,8.2,859396,Adrenalina
1223,"Grand Day Out with Wallace and Gromit, A",1989,Adventure|Animation|Children|Comedy|Sci-Fi,,,Mente accesa
1224,Henry V,1989,Action|Drama|Romance|War,7.4,33589,Adrenalina
1225,Amadeus,1984,Drama,8.4,473327,Domenica impegnativa
1226,"Quiet Man, The",1952,Drama|Romance,,,Da vedere in due
1227,Once Upon a Time in America,1984,Crime|Drama,8.3,412101,Adrenalina
1228,Raging Bull,1980,Drama,8.1,414105,Domenica impegnativa
1230,Annie Hall,1977,Comedy|Romance,7.9,292805,Da vedere in due
1231,"Right Stuff, The",1983,Drama,,,Domenica impegnativa
1232,Stalker,1979,Drama|Mystery|Sci-Fi,8.0,158025,Domenica impegnativa
1233,"Boot, Das (Boat, The)",1981,Action|Drama|War,,,Adrenalina
1234,"Sting, The",1973,Comedy|Crime,,,Adrenalina
1235,Harold and Maude,1971,Comedy|Drama|Romance,7.8,85660,Da vedere in due
1236,Trust,1990,Comedy|Drama|Romance,7.3,11900,Da vedere in due
1237,"Seventh Seal, The (Sjunde inseglet, Det)",1957,Drama,,,Domenica impegnativa
1238,Local Hero,1983,Comedy,7.3,30358,Comfort movie
1240,"Terminator, The",1984,Action|Sci-Fi|Thriller,,,Adrenalina
1241,Dead Alive (Braindead),1992,Comedy|Fantasy|Horror,,,Adrenalina
1242,Glory,1989,Drama|War,7.8,154229,Adrenalina
1243,Rosencrantz and Guildenstern Are Dead,1990,Comedy|Drama,,,Comfort movie
1244,Manhattan,1979,Comedy|Drama|Romance,7.8,153534,Da vedere in due
1245,Miller's Crossing,1990,Crime|Drama|Film-Noir|Thriller,7.7,149263,Adrenalina
1246,Dead Poets Society,1989,Drama,8.1,668932,Domenica impegnativa
1247,"Graduate, The",1967,Comedy|Drama|Romance,,,Da vedere in due
1248,Touch of Evil,1958,Crime|Film-Noir|Thriller,7.9,115637,Adrenalina
1249,"Femme Nikita, La (Nikita)",1990,Action|Crime|Romance|Thriller,,,Adrenalina
1250,"Bridge on the River Kwai, The",1957,Adventure|Drama|War,,,Adrenalina
1251,8 1/2 (8½),1963,Drama|Fantasy,,,Domenica impegnativa
1252,Chinatown,1974,Crime|Film-Noir|Mystery|Thriller,8.1,380085,Adrenalina
1253,"Day the Earth Stood Still, The",1951,Drama|Sci-Fi|Thriller,,,Adrenalina
1254,"Treasure of the Sierra Madre, The",1948,Action|Adventure|Drama|Western,,,Domenica impegnativa
1255,Bad Taste,1987,Comedy|Horror|Sci-Fi,6.4,51773,Adrenalina
1256,Duck Soup,1933,Comedy|Musical|War,7.7,64442,Adrenalina
1257,Better Off Dead...,1985,Comedy|Romance,7.1,54271,Da vedere in due
1258,"Shining, The",1980,Horror,,,Adrenalina
1259,Stand by Me,1986,Adventure|Drama,8.1,494861,Domenica impegnativa
1260,M,1931,Crime|Film-Noir|Thriller,8.3,184379,Adrenalina
1261,Evil Dead II (Dead by Dawn),1987,Action|Comedy|Fantasy|Horror,,,Adrenalina
1262,"Great Escape, The",1963,Action|Adventure|Drama|War,,,Adrenalina
1263,"Deer Hunter, The",1978,Drama|War,,,Adrenalina
1264,Diva,1981,Action|Drama|Mystery|Romance|Thriller,7.1,15478,Adrenalina
1265,Groundhog Day,1993,Comedy|Fantasy|Romance,8.0,740873,Da vedere in due
1266,Unforgiven,1992,Drama|Western,8.2,472786,Domenica impegnativa
1267,"Manchurian Candidate, The",1962,Crime|Thriller|War,,,Adrenalina
1268,Pump Up the Volume,1990,Comedy|Drama,7.2,33854,Comfort movie
1269,Arsenic and Old Lace,1944,Comedy|Mystery|Thriller,7.9,78139,Adrenalina
1270,Back to the Future,1985,Adventure|Comedy|Sci-Fi,8.5,1475383,Mente accesa
1271,Fried Green Tomatoes,1991,Comedy|Crime|Drama,7.7,93445,Adrenalina
1272,Patton,1970,Drama|War,7.9,114210,Adrenalina
1273,Down by Law,1986,Comedy|Drama|Film-Noir,7.6,59216,Domenica impegnativa
1274,Akira,1988,Action|Adventure|Animation|Sci-Fi,8.0,231778,Mente accesa
1275,Highlander,1986,Action|Adventure|Fantasy,7.0,160842,Venerdi leggero
1276,Cool Hand Luke,1967,Drama,8.0,197340,Domenica impegnativa
1277,Cyrano de Bergerac,1990,Comedy|Drama|Romance,7.5,27825,Da vedere in due
1278,Young Frankenstein,1974,Comedy|Fantasy,8.0,181723,Comfort movie
1279,Night on Earth,1991,Comedy|Drama,7.6,71746,Comfort movie
1280,Raise the Red Lantern (Da hong deng long gao gao gua),1991,Drama,,,Domenica impegnativa
1281,"Great Dictator, The",1940,Comedy|Drama|War,,,Adrenalina
1282,Fantasia,1940,Animation|Children|Fantasy|Musical,7.7,112360,Comfort movie
1283,High Noon,1952,Drama|Western,7.9,117367,Domenica impegnativa
1284,"Big Sleep, The",1946,Crime|Film-Noir|Mystery,,,Adrenalina
1285,Heathers,1989,Comedy,7.1,127502,Comfort movie
1286,Somewhere in Time,1980,Drama|Romance,7.2,37002,Da vedere in due
1287,Ben-Hur,1959,Action|Adventure|Drama,8.1,273542,Domenica impegnativa
1288,This Is Spinal Tap,1984,Comedy,7.9,161674,Comfort movie
1289,Koyaanisqatsi (a.k.a. Koyaanisqatsi: Life Out of Balance),1983,Documentary,,,Domenica impegnativa
1290,Some Kind of Wonderful,1987,Drama|Romance,7.0,38035,Da vedere in due
1291,Indiana Jones and the Last Crusade,1989,Action|Adventure,8.2,871491,Venerdi leggero
1292,Being There,1979,Comedy|Drama,7.9,82611,Comfort movie
1293,Gandhi,1982,Drama,8.0,247095,Domenica impegnativa
1295,"Unbearable Lightness of Being, The",1988,Drama,,,Domenica impegnativa
1296,"Room with a View, A",1986,Drama|Romance,,,Da vedere in due
1297,Real Genius,1985,Comedy,6.9,41788,Comfort movie
1298,Pink Floyd: The Wall,1982,Drama|Musical,8.0,90610,Comfort movie
1299,"Killing Fields, The",1984,Drama|War,,,Adrenalina
1300,My Life as a Dog (Mitt liv som hund),1985,Comedy|Drama,,,Comfort movie
1301,Forbidden Planet,1956,Drama|Sci-Fi,7.5,57817,Domenica impegnativa
1302,Field of Dreams,1989,Children|Drama|Fantasy,7.5,142368,Comfort movie
1303,"Man Who Would Be King, The",1975,Adventure|Drama,,,Domenica impegnativa
1304,Butch Cassidy and the Sundance Kid,1969,Action|Western,8.0,239751,Venerdi leggero
1305,"Paris, Texas",1984,Drama|Romance,8.1,144744,Da vedere in due
1306,Until the End of the World (Bis ans Ende der Welt),1991,Adventure|Drama|Sci-Fi,,,Domenica impegnativa
1307,When Harry Met Sally...,1989,Comedy|Romance,7.7,275122,Da vedere in due
1308,I Shot a Man in Vegas,1995,Comedy,4.0,146,Comfort movie
1309,Parallel Sons,1995,Drama|Romance,6.3,300,Da vedere in due
1310,Hype!,1996,Documentary,7.5,3370,Domenica impegnativa
1311,Santa with Muscles,1996,Comedy,2.7,9956,Comfort movie
1312,Female Perversions,1996,Drama,5.4,3159,Domenica impegnativa
1313,Mad Dog Time,1996,Crime,5.4,3910,Adrenalina
1314,Breathing Room,1996,Romance,5.1,161,Da vedere in due
1315,Paris Was a Woman,1995,Documentary,,,Domenica impegnativa
1316,Anna,1996,Drama,,,Domenica impegnativa
1317,I'm Not Rappaport,1996,Comedy,6.5,1970,Comfort movie
1318,Blue Juice,1995,Comedy|Drama,5.1,3180,Comfort movie
1319,Kids of Survival,1996,Documentary,6.6,19,Domenica impegnativa
1320,Alien³ (a.k.a. Alien 3),1992,Action|Horror|Sci-Fi|Thriller,,,Adrenalina
1321,"American Werewolf in London, An",1981,Comedy|Horror|Thriller,,,Adrenalina
1322,Amityville 1992: It's About Time,1992,Horror,,,Adrenalina
1323,Amityville 3-D,1983,Horror,4.2,8416,Adrenalina
1324,Amityville: Dollhouse,1996,Horror,,,Adrenalina
1325,Amityville: A New Generation,1993,Horror,,,Adrenalina
1326,Amityville II: The Possession,1982,Horror,5.6,14391,Adrenalina
1327,"Amityville Horror, The",1979,Drama|Horror|Mystery|Thriller,,,Adrenalina
1328,"Amityville Curse, The",1990,Horror,,,Adrenalina
1329,Blood for Dracula (Andy Warhol's Dracula),1974,Horror,,,Adrenalina
1330,April Fool's Day,1986,Horror,6.2,20315,Adrenalina
1331,Audrey Rose,1977,Horror,5.8,7511,Adrenalina
1332,"Believers, The",1987,Horror|Thriller,,,Adrenalina
1333,"Birds, The",1963,Horror|Thriller,,,Adrenalina
1334,"Blob, The",1958,Horror|Sci-Fi,,,Adrenalina
1336,Body Parts,1991,Horror|Thriller,5.7,5645,Adrenalina
1337,"Body Snatcher, The",1945,Drama|Horror|Thriller,,,Adrenalina
1339,Dracula (Bram Stoker's Dracula),1992,Fantasy|Horror|Romance|Thriller,,,Adrenalina
1340,"Bride of Frankenstein, The (Bride of Frankenstein)",1935,Drama|Horror|Sci-Fi,,,Adrenalina
1341,Burnt Offerings,1976,Horror,6.4,15329,Adrenalina
1342,Candyman,1992,Horror|Thriller,6.8,110476,Adrenalina
1343,Cape Fear,1991,Thriller,7.3,250009,Adrenalina
1344,Cape Fear,1962,Crime|Drama|Thriller,7.7,36093,Adrenalina
1345,Carrie,1976,Drama|Fantasy|Horror|Thriller,7.4,231276,Adrenalina
1346,Cat People,1982,Drama|Fantasy|Horror,6.2,26914,Adrenalina
1347,"Nightmare on Elm Street, A",1984,Horror|Thriller,,,Adrenalina
1348,"Nosferatu (Nosferatu, eine Symphonie des Grauens)",1922,Horror,,,Adrenalina
1349,Vampire in Venice (Nosferatu a Venezia) (Nosferatu in Venice),1986,Horror,,,Adrenalina
1350,"Omen, The",1976,Horror|Mystery|Thriller,,,Adrenalina
1351,Blood and Wine (Blood & Wine),1996,Crime|Drama|Thriller,,,Adrenalina
1352,Albino Alligator,1996,Crime|Thriller,6.1,9032,Adrenalina
1353,"Mirror Has Two Faces, The",1996,Comedy|Drama|Romance,,,Da vedere in due
1354,Breaking the Waves,1996,Drama|Mystery,7.8,76656,Domenica impegnativa
1355,Nightwatch,1997,Horror|Thriller,6.2,22982,Adrenalina
1356,Star Trek: First Contact,1996,Action|Adventure|Sci-Fi|Thriller,7.6,138941,Adrenalina
1357,Shine,1996,Drama|Romance,7.6,59343,Da vedere in due
1358,Sling Blade,1996,Drama,8.0,104805,Domenica impegnativa
1359,Jingle All the Way,1996,Children|Comedy,5.8,131142,Comfort movie
1360,Identification of a Woman (Identificazione di una donna),1982,Drama,,,Domenica impegnativa
1361,Paradise Lost: The Child Murders at Robin Hood Hills,1996,Documentary,8.2,19835,Domenica impegnativa
1363,"Preacher's Wife, The",1996,Drama,,,Domenica impegnativa
1364,Zero Kelvin (Kjærlighetens kjøtere),1995,Drama,,,Domenica impegnativa
1365,Ridicule,1996,Drama,7.3,8593,Domenica impegnativa
1366,"Crucible, The",1996,Drama,,,Domenica impegnativa
1367,101 Dalmatians,1996,Adventure|Children|Comedy,5.8,124611,Comfort movie
1368,"Forbidden Christ, The (Cristo proibito, Il)",1950,Drama,,,Domenica impegnativa
1369,I Can't Sleep (J'ai pas sommeil),1994,Drama|Thriller,,,Adrenalina
1370,Die Hard 2,1990,Action|Adventure|Thriller,7.2,410010,Adrenalina
1371,Star Trek: The Motion Picture,1979,Adventure|Sci-Fi,6.4,102251,Mente accesa
1372,Star Trek VI: The Undiscovered Country,1991,Action|Mystery|Sci-Fi,7.3,85891,Mente accesa
1373,Star Trek V: The Final Frontier,1989,Action|Sci-Fi,5.5,68583,Mente accesa
1374,Star Trek II: The Wrath of Khan,1982,Action|Adventure|Sci-Fi|Thriller,7.7,136998,Adrenalina
1375,Star Trek III: The Search for Spock,1984,Action|Adventure|Sci-Fi,6.7,91538,Mente accesa
1376,Star Trek IV: The Voyage Home,1986,Adventure|Comedy|Sci-Fi,7.3,97628,Mente accesa
1377,Batman Returns,1992,Action|Crime,7.1,352984,Adrenalina
1378,Young Guns,1988,Action|Comedy|Western,6.8,74759,Comfort movie
1379,Young Guns II,1990,Action|Western,6.5,41003,Venerdi leggero
1380,Grease,1978,Comedy|Musical|Romance,7.2,329990,Da vedere in due
1381,Grease 2,1982,Comedy|Musical|Romance,4.6,41771,Da vedere in due
1382,Marked for Death,1990,Action|Drama,5.9,26616,Domenica impegnativa
1383,Adrenalin: Fear the Rush,1996,Action|Sci-Fi,3.9,4013,Mente accesa
1384,"Substance of Fire, The",1996,Drama,,,Domenica impegnativa
1385,Under Siege,1992,Action|Drama|Thriller,6.5,104003,Adrenalina
1387,Jaws,1975,Action|Horror,8.1,749875,Adrenalina
1388,Jaws 2,1978,Horror|Thriller,5.8,92799,Adrenalina
1389,Jaws 3-D,1983,Action|Horror,3.8,53552,Adrenalina
1390,My Fellow Americans,1996,Comedy,6.5,16709,Comfort movie
1391,Mars Attacks!,1996,Action|Comedy|Sci-Fi,6.4,261185,Mente accesa
1392,Citizen Ruth,1996,Comedy|Drama,7.0,9842,Comfort movie
1393,Jerry Maguire,1996,Drama|Romance,7.3,316125,Da vedere in due
1394,Raising Arizona,1987,Comedy,7.3,162251,Comfort movie
1395,Tin Men,1987,Comedy|Drama,6.6,10778,Comfort movie
1396,Sneakers,1992,Action|Comedy|Crime|Drama|Sci-Fi,7.1,68151,Adrenalina
1397,Bastard Out of Carolina,1996,Drama,7.3,5174,Domenica impegnativa
1398,In Love and War,1996,Romance|War,6.0,9534,Adrenalina
1399,Marvin's Room,1996,Drama,6.7,32245,Domenica impegnativa
1400,Somebody is Waiting,1996,Drama,6.1,476,Domenica impegnativa
1401,Ghosts of Mississippi,1996,Drama,6.7,13803,Domenica impegnativa
1404,Night Falls on Manhattan,1996,Crime|Drama,6.7,9609,Adrenalina
1405,Beavis and Butt-Head Do America,1996,Adventure|Animation|Comedy|Crime,6.8,63319,Adrenalina
1406,"Judgement in Stone, A (Cérémonie, La)",1995,Drama,,,Domenica impegnativa
1407,Scream,1996,Comedy|Horror|Mystery|Thriller,7.4,453220,Adrenalina
1408,"Last of the Mohicans, The",1992,Action|Romance|War|Western,,,Adrenalina
1409,Michael,1996,Comedy|Drama|Fantasy|Romance,5.7,47344,Da vedere in due
1410,"Evening Star, The",1996,Comedy|Drama,,,Comfort movie
1411,Hamlet,1996,Crime|Drama|Romance,7.7,42212,Adrenalina
1412,Some Mother's Son,1996,Drama,7.2,3197,Domenica impegnativa
1413,"Whole Wide World, The",1996,Drama,,,Domenica impegnativa
1414,Mother,1996,Comedy,6.9,7422,Comfort movie
1416,Evita,1996,Drama|Musical,6.3,39797,Comfort movie
1417,"Portrait of a Lady, The",1996,Drama,,,Domenica impegnativa
1419,Walkabout,1971,Adventure|Drama,7.6,30116,Domenica impegnativa
1420,Message to Love: The Isle of Wight Festival,1996,Documentary,7.6,634,Domenica impegnativa
1421,Grateful Dead,1995,Documentary,,,Domenica impegnativa
1422,Murder at 1600,1997,Crime|Drama|Mystery|Thriller,6.1,34930,Adrenalina
1423,Hearts and Minds,1996,Drama,,,Domenica impegnativa
1425,Fierce Creatures,1997,Comedy,6.4,26747,Comfort movie
1427,Turbulence,1997,Action|Thriller,5.1,13611,Adrenalina
1428,Angel Baby,1995,Drama,6.9,1679,Domenica impegnativa
1429,First Strike (Police Story 4: First Strike) (Ging chaat goo si 4: Ji gaan daan yam mo),1996,Action|Adventure|Comedy|Thriller,,,Adrenalina
1431,Beverly Hills Ninja,1997,Action|Comedy,5.6,47436,Comfort movie
1432,Metro,1997,Action|Comedy|Crime|Drama|Thriller,5.6,30840,Adrenalina
1437,"Cement Garden, The",1993,Drama,,,Domenica impegnativa
1438,Dante's Peak,1997,Action|Thriller,6.1,109605,Adrenalina
1439,Meet Wally Sparks,1997,Comedy,5.3,4011,Comfort movie
1440,Amos & Andrew,1993,Comedy,5.7,10476,Comfort movie
1441,Benny & Joon,1993,Comedy|Romance,7.1,65836,Da vedere in due
1442,Prefontaine,1997,Drama,6.8,7985,Domenica impegnativa
1445,McHale's Navy,1997,Comedy|War,4.6,7473,Adrenalina
1446,Kolya (Kolja),1996,Comedy|Drama,,,Comfort movie
1447,Gridlock'd,1997,Crime,6.9,17637,Adrenalina
1449,Waiting for Guffman,1996,Comedy,7.4,34092,Comfort movie
1450,Prisoner of the Mountains (Kavkazsky plennik),1996,War,,,Adrenalina
1453,"Beautician and the Beast, The",1997,Comedy|Romance,,,Da vedere in due
1454,SubUrbia,1997,Comedy|Drama,,,Comfort movie
1456,"Pest, The",1997,Comedy,,,Comfort movie
1457,Fools Rush In,1997,Comedy|Drama|Romance,6.2,42230,Da vedere in due
1459,Absolute Power,1997,Mystery|Thriller,6.7,65597,Adrenalina
1460,That Darn Cat,1997,Children|Comedy|Mystery,4.7,5260,Mente accesa
1461,Vegas Vacation (National Lampoon's Las Vegas Vacation),1997,Comedy,,,Comfort movie
1463,That Old Feeling,1997,Comedy|Romance,6.1,4276,Da vedere in due
1464,Lost Highway,1997,Crime|Drama|Fantasy|Film-Noir|Mystery|Romance,7.6,173310,Adrenalina
1465,Rosewood,1997,Action|Drama,7.2,9478,Domenica impegnativa
1466,Donnie Brasco,1997,Crime|Drama,7.7,360697,Adrenalina
1468,Booty Call,1997,Comedy|Romance,5.5,10213,Da vedere in due
1470,Rhyme & Reason,1997,Documentary,7.4,963,Domenica impegnativa
1472,City of Industry,1997,Crime|Thriller,6.1,7301,Adrenalina
1474,Jungle2Jungle (a.k.a. Jungle 2 Jungle),1997,Children|Comedy,,,Comfort movie
1475,Kama Sutra: A Tale of Love,1996,Romance,6.0,12079,Da vedere in due
1476,Private Parts,1997,Comedy|Drama,6.9,40716,Comfort movie
1477,Love Jones,1997,Romance,7.4,6507,Da vedere in due
1479,"Saint, The",1997,Action|Romance|Sci-Fi|Thriller,,,Adrenalina
1480,Smilla's Sense of Snow,1997,Drama|Thriller,6.3,16089,Adrenalina
1482,"Van, The",1996,Comedy|Drama,,,Comfort movie
1483,Crash,1996,Drama|Thriller,6.4,72877,Adrenalina
1484,"Daytrippers, The",1996,Comedy|Drama|Mystery|Romance,,,Da vedere in due
1485,Liar Liar,1997,Comedy,6.9,366733,Comfort movie
1487,Selena,1997,Drama|Musical,6.9,34165,Comfort movie
1488,"Devil's Own, The",1997,Action|Drama|Thriller,,,Adrenalina
1490,B*A*P*S,1997,Comedy,4.9,6407,Comfort movie
1495,Turbo: A Power Rangers Movie,1997,Action|Adventure|Children,3.8,10545,Comfort movie
1496,Anna Karenina,1997,Drama|Romance,6.3,6474,Da vedere in due
1497,Double Team,1997,Action,4.8,39152,Venerdi leggero
1498,Inventing the Abbotts,1997,Drama|Romance,6.4,15445,Da vedere in due
1499,Anaconda,1997,Action|Adventure|Thriller,5.0,127259,Adrenalina
1500,Grosse Pointe Blank,1997,Comedy|Crime|Romance,7.3,105862,Adrenalina
1502,Kissed,1996,Drama|Romance,6.4,4216,Da vedere in due
1503,8 Heads in a Duffel Bag,1997,Comedy,5.4,11824,Comfort movie
1504,Hollow Reed,1996,Drama,7.2,1212,Domenica impegnativa
1507,Paradise Road,1997,Drama|War,6.8,6302,Adrenalina
1508,Traveller,1997,Drama,6.1,2543,Domenica impegnativa
1509,All Over Me,1997,Drama,6.5,3603,Domenica impegnativa
1511,"Chef in Love, A (Shekvarebuli kulinaris ataserti retsepti)",1997,Comedy|Romance,,,Da vedere in due
1513,Romy and Michele's High School Reunion,1997,Comedy,6.4,58784,Comfort movie
1514,Temptress Moon (Feng Yue),1996,Romance,,,Da vedere in due
1515,Volcano,1997,Action|Drama|Thriller,5.6,87921,Adrenalina
1516,Children of the Revolution,1996,Comedy,6.3,2457,Comfort movie
1517,Austin Powers: International Man of Mystery,1997,Action|Adventure|Comedy,7.0,276117,Comfort movie
1518,Breakdown,1997,Action|Thriller,7.0,71844,Adrenalina
1523,"Truth or Consequences, N.M.",1997,Action|Crime|Romance,6.3,5553,Adrenalina
1525,Warriors of Virtue,1997,Action|Adventure|Children|Fantasy,4.8,3947,Comfort movie
1526,Fathers' Day,1997,Comedy,5.3,17500,Comfort movie
1527,"Fifth Element, The",1997,Action|Adventure|Comedy|Sci-Fi,,,Mente accesa
1531,Losing Chase,1996,Drama,6.5,1033,Domenica impegnativa
1533,"Promise, The (La promesse)",1996,Drama,,,Domenica impegnativa
1535,Love! Valour! Compassion!,1997,Drama|Romance,7.0,3811,Da vedere in due
1537,Shall We Dance? (Shall We Dansu?),1996,Comedy|Drama|Romance,,,Da vedere in due
1538,"Second Jungle Book: Mowgli & Baloo, The",1997,Adventure|Children,,,Comfort movie
1539,Twin Town,1997,Comedy|Crime,6.8,6781,Adrenalina
1541,Addicted to Love,1997,Comedy|Romance,6.1,26879,Da vedere in due
1542,Brassed Off,1996,Comedy|Drama|Romance,7.2,22574,Da vedere in due
1544,"Lost World: Jurassic Park, The",1997,Action|Adventure|Sci-Fi|Thriller,,,Adrenalina
1545,Ponette,1996,Drama,7.5,5112,Domenica impegnativa
1546,Schizopolis,1996,Comedy,6.7,6410,Comfort movie
1547,Shiloh,1997,Children|Drama,,,Comfort movie
1550,Trial and Error,1997,Comedy|Romance,5.8,6866,Da vedere in due
1551,Buddy,1997,Adventure|Children|Drama,4.8,2987,Comfort movie
1552,Con Air,1997,Action|Adventure|Thriller,6.9,342810,Adrenalina
1554,"Pillow Book, The",1996,Drama|Romance,,,Da vedere in due
1556,Speed 2: Cruise Control,1997,Action|Romance|Thriller,4.0,89873,Adrenalina
1562,Batman & Robin,1997,Action|Adventure|Fantasy|Thriller,3.8,285017,Adrenalina
1565,Head Above Water,1996,Comedy|Thriller,6.0,8731,Adrenalina
1566,Hercules,1997,Adventure|Animation|Children|Comedy|Musical,7.3,283910,Comfort movie
1569,My Best Friend's Wedding,1997,Comedy|Romance,6.4,168734,Da vedere in due
1570,Tetsuo II: Body Hammer,1992,Horror|Sci-Fi,6.4,5746,Adrenalina
1571,When the Cat's Away (Chacun cherche son chat),1996,Comedy|Romance,,,Da vedere in due
1572,"Contempt (Mépris, Le)",1963,Drama,,,Domenica impegnativa
1573,Face/Off,1997,Action|Crime|Drama|Thriller,7.3,431320,Adrenalina
1579,For Ever Mozart,1996,Drama,6.2,1267,Domenica impegnativa
1580,Men in Black (a.k.a. MIB),1997,Action|Comedy|Sci-Fi,,,Mente accesa
1581,Out to Sea,1997,Comedy,6.1,10346,Comfort movie
1584,Contact,1997,Drama|Sci-Fi,7.5,317215,Domenica impegnativa
1585,Love Serenade,1996,Comedy,6.7,1781,Comfort movie
1586,G.I. Jane,1997,Action|Drama,6.1,92773,Domenica impegnativa
1587,Conan the Barbarian,1982,Action|Adventure|Fantasy,6.9,175680,Venerdi leggero
1588,George of the Jungle,1997,Children|Comedy,5.6,91382,Comfort movie
1589,Cop Land,1997,Action|Crime|Drama|Thriller,7.0,117162,Adrenalina
1590,Event Horizon,1997,Horror|Sci-Fi|Thriller,6.6,217606,Adrenalina
1591,Spawn,1997,Action|Adventure|Sci-Fi|Thriller,5.2,77338,Adrenalina
1592,Air Bud,1997,Children|Comedy,5.4,21724,Comfort movie
1593,Picture Perfect,1997,Comedy|Romance,5.6,22540,Da vedere in due
1594,In the Company of Men,1997,Comedy|Drama,7.1,14900,Comfort movie
1595,Free Willy 3: The Rescue,1997,Adventure|Children|Drama,4.8,11401,Comfort movie
1596,Career Girls,1997,Drama,7.1,6790,Domenica impegnativa
1597,Conspiracy Theory,1997,Drama|Mystery|Romance|Thriller,6.7,115396,Adrenalina
1598,Desperate Measures,1998,Crime|Drama|Thriller,6.1,19245,Adrenalina
1599,Steel,1997,Action,3.0,15999,Venerdi leggero
1600,She's So Lovely,1997,Drama|Romance,5.9,9121,Da vedere in due
1601,Hoodlum,1997,Crime|Drama|Film-Noir,6.3,14301,Adrenalina
1602,Leave It to Beaver,1997,Comedy,5.2,4849,Comfort movie
1603,Mimic,1997,Horror|Sci-Fi|Thriller,6.0,60708,Adrenalina
1604,Money Talks,1997,Action|Comedy,6.2,33891,Comfort movie
1605,Excess Baggage,1997,Adventure|Romance,5.4,15235,Da vedere in due
1606,Kull the Conqueror,1997,Action|Adventure,4.9,9301,Venerdi leggero
1608,Air Force One,1997,Action|Thriller,6.6,226029,Adrenalina
1609,187 (One Eight Seven),1997,Drama|Thriller,,,Adrenalina
1610,"Hunt for Red October, The",1990,Action|Adventure|Thriller,,,Adrenalina
1611,My Own Private Idaho,1991,Drama|Romance,6.9,68000,Da vedere in due
1612,"Kiss Me, Guido",1997,Comedy,6.0,2194,Comfort movie
1613,Star Maps,1997,Drama,5.6,1108,Domenica impegnativa
1614,In & Out,1997,Comedy,6.4,46929,Comfort movie
1615,"Edge, The",1997,Adventure|Drama,,,Domenica impegnativa
1616,"Peacemaker, The",1997,Action|Thriller|War,,,Adrenalina
1617,L.A. Confidential,1997,Crime|Film-Noir|Mystery|Thriller,8.2,663787,Adrenalina
1619,Seven Years in Tibet,1997,Adventure|Drama|War,7.1,170091,Adrenalina
1620,Kiss the Girls,1997,Crime|Drama|Mystery|Thriller,6.6,101496,Adrenalina
1621,Soul Food,1997,Drama,7.0,9897,Domenica impegnativa
1623,Wishmaster,1997,Horror,5.9,29292,Adrenalina
1624,"Thousand Acres, A",1997,Drama,,,Domenica impegnativa
1625,"Game, The",1997,Drama|Mystery|Thriller,,,Adrenalina
1626,Fire Down Below,1997,Action|Drama|Thriller,5.2,20447,Adrenalina
1627,U Turn,1997,Crime|Drama|Mystery,6.7,58049,Adrenalina
1629,"MatchMaker, The",1997,Comedy|Romance,,,Da vedere in due
1631,"Assignment, The",1997,Action|Thriller,,,Adrenalina
1633,Ulee's Gold,1997,Drama,7.0,8045,Domenica impegnativa
1635,"Ice Storm, The",1997,Drama,,,Domenica impegnativa
1639,Chasing Amy,1997,Comedy|Drama|Romance,7.2,149150,Da vedere in due
1640,How to Be a Player,1997,Comedy,5.4,9682,Comfort movie
1641,"Full Monty, The",1997,Comedy|Drama,,,Comfort movie
1642,Indian Summer (a.k.a. Alive & Kicking),1996,Comedy|Drama,,,Comfort movie
1643,"Mrs. Brown (a.k.a. Her Majesty, Mrs. Brown)",1997,Drama|Romance,,,Da vedere in due
1644,I Know What You Did Last Summer,1997,Horror|Mystery|Thriller,5.9,183024,Adrenalina
1645,"Devil's Advocate, The",1997,Drama|Mystery|Thriller,,,Adrenalina
1646,RocketMan (a.k.a. Rocket Man),1997,Children|Comedy|Romance|Sci-Fi,,,Da vedere in due
1647,Playing God,1997,Crime|Drama|Thriller,5.6,8273,Adrenalina
1648,"House of Yes, The",1997,Comedy|Drama,,,Comfort movie
1649,"Fast, Cheap & Out of Control",1997,Documentary,7.1,4112,Domenica impegnativa
1650,Washington Square,1997,Drama,6.7,3966,Domenica impegnativa
1653,Gattaca,1997,Drama|Sci-Fi|Thriller,7.7,350838,Adrenalina
1654,FairyTale: A True Story,1997,Children|Drama|Fantasy,6.5,6699,Comfort movie
1655,Phantoms,1998,Drama|Horror|Thriller,5.5,24788,Adrenalina
1656,Swept from the Sea,1997,Drama|Romance,6.7,3852,Da vedere in due
1658,"Life Less Ordinary, A",1997,Romance|Thriller,,,Adrenalina
1660,Eve's Bayou,1997,Drama,7.2,13173,Domenica impegnativa
1661,Switchback,1997,Crime|Mystery|Thriller,6.5,16329,Adrenalina
1662,Gang Related,1997,Crime,6.4,11227,Adrenalina
1663,Stripes,1981,Comedy|War,6.8,86851,Adrenalina
1664,Nenette and Boni (Nénette et Boni),1996,Drama,,,Domenica impegnativa
1665,Bean,1997,Comedy,6.5,117400,Comfort movie
1667,Mad City,1997,Action|Drama,6.3,22011,Domenica impegnativa
1668,One Night Stand,1997,Drama,5.9,7476,Domenica impegnativa
1669,"Tango Lesson, The",1997,Romance,,,Da vedere in due
1670,Welcome to Sarajevo,1997,Drama|War,6.7,8184,Adrenalina
1672,"Rainmaker, The",1997,Drama,,,Domenica impegnativa
1673,Boogie Nights,1997,Drama,7.9,309672,Domenica impegnativa
1674,Witness,1985,Drama|Romance|Thriller,7.3,115446,Adrenalina
1675,Incognito,1997,Crime|Thriller,6.4,4307,Adrenalina
1676,Starship Troopers,1997,Action|Sci-Fi,7.3,350002,Mente accesa
1678,"Joy Luck Club, The",1993,Drama|Romance,,,Da vedere in due
1679,Chairman of the Board,1998,Comedy,,,Comfort movie
1680,Sliding Doors,1998,Drama|Romance,6.7,76698,Da vedere in due
1681,Mortal Kombat: Annihilation,1997,Action|Adventure|Fantasy,3.6,62717,Venerdi leggero
1682,"Truman Show, The",1998,Comedy|Drama|Sci-Fi,,,Mente accesa
1683,"Wings of the Dove, The",1997,Drama|Romance,,,Da vedere in due
1684,Mrs. Dalloway,1997,Drama|Romance,6.5,4625,Da vedere in due
1686,Red Corner,1997,Crime|Thriller,6.3,19939,Adrenalina
1687,"Jackal, The",1997,Action|Thriller,,,Adrenalina
1688,Anastasia,1997,Adventure|Animation|Children|Drama|Musical,7.2,148561,Comfort movie
1689,"Man Who Knew Too Little, The",1997,Comedy|Crime|Thriller,,,Adrenalina
1690,Alien: Resurrection,1997,Action|Horror|Sci-Fi,6.2,294532,Adrenalina
1693,Amistad,1997,Drama|Mystery,7.3,88715,Domenica impegnativa
1694,"Apostle, The",1997,Drama,,,Domenica impegnativa
1695,Artemisia,1997,Drama,7.0,22,Domenica impegnativa
1696,Bent,1997,Drama|War,7.1,9430,Adrenalina
1699,"Butcher Boy, The",1997,Comedy|Drama,,,Comfort movie
1701,Deconstructing Harry,1997,Comedy|Drama,7.3,50831,Comfort movie
1702,Flubber,1997,Children|Comedy|Fantasy,5.3,101270,Comfort movie
1703,For Richer or Poorer,1997,Comedy,5.9,13179,Comfort movie
1704,Good Will Hunting,1997,Drama|Romance,8.4,1241902,Da vedere in due
1707,Home Alone 3,1997,Children|Comedy,4.6,139604,Comfort movie
1711,Midnight in the Garden of Good and Evil,1997,Crime|Drama|Mystery,6.6,44093,Adrenalina
1713,Mouse Hunt,1997,Children|Comedy,6.5,64261,Comfort movie
1716,"Other Voices, Other Rooms",1995,Drama,6.1,197,Domenica impegnativa
1717,Scream 2,1997,Comedy|Horror|Mystery|Thriller,6.4,240275,Adrenalina
1719,"Sweet Hereafter, The",1997,Drama,,,Domenica impegnativa
1720,Time Tracers,1995,Action|Adventure|Sci-Fi,,,Mente accesa
1721,Titanic,1997,Drama|Romance,8.0,1412792,Da vedere in due
1722,Tomorrow Never Dies,1997,Action|Adventure|Thriller,6.5,217716,Adrenalina
1723,Twisted,1996,Comedy|Drama,4.8,208,Comfort movie
1725,"Education of Little Tree, The",1997,Drama,,,Domenica impegnativa
1726,"Postman, The",1997,Action|Adventure|Drama|Sci-Fi,,,Domenica impegnativa
1727,"Horse Whisperer, The",1998,Drama|Romance,,,Da vedere in due
1728,"Winter Guest, The",1997,Drama,,,Domenica impegnativa
1729,Jackie Brown,1997,Crime|Drama|Thriller,7.5,408329,Adrenalina
1730,Kundun,1997,Drama,7.0,32498,Domenica impegnativa
1731,Mr. Magoo,1997,Comedy,4.1,17010,Comfort movie
1732,"Big Lebowski, The",1998,Comedy|Crime,,,Adrenalina
1733,Afterglow,1997,Drama|Romance,6.0,4116,Da vedere in due
1734,My Life in Pink (Ma vie en rose),1997,Comedy|Drama,,,Comfort movie
1735,Great Expectations,1998,Drama|Romance,6.8,60912,Da vedere in due
1739,3 Ninjas: High Noon On Mega Mountain,1998,Action|Children|Comedy,,,Comfort movie
1743,Arguing the World,1998,Documentary,,,Domenica impegnativa
1744,Firestorm,1998,Action|Adventure|Thriller,4.9,4593,Adrenalina
1746,Senseless,1998,Comedy,6.0,17968,Comfort movie
1747,Wag the Dog,1997,Comedy,7.1,94182,Comfort movie
1748,Dark City,1998,Adventure|Film-Noir|Sci-Fi|Thriller,7.5,228577,Adrenalina
1749,"Leading Man, The",1996,Romance,,,Da vedere in due
1750,Star Kid,1997,Adventure|Children|Fantasy|Sci-Fi,5.3,3421,Mente accesa
1752,Hard Rain,1998,Action|Crime|Thriller,5.9,38762,Adrenalina
1753,Half Baked,1998,Comedy,6.6,71571,Comfort movie
1754,Fallen,1998,Crime|Drama|Fantasy|Thriller,7.0,105851,Adrenalina
1755,Shooting Fish,1997,Comedy|Romance,6.5,8042,Da vedere in due
1756,"Prophecy II, The",1998,Horror,,,Adrenalina
1759,"Four Days in September (O Que É Isso, Companheiro?)",1997,Drama,,,Domenica impegnativa
1760,Spice World,1997,Comedy,3.8,38621,Comfort movie
1762,Deep Rising,1998,Action|Horror|Sci-Fi,6.1,45563,Adrenalina
1767,Music From Another Room,1998,Drama|Romance,6.2,5757,Da vedere in due
1769,"Replacement Killers, The",1998,Action|Crime|Thriller,,,Adrenalina
1771,Night Flier,1997,Horror,,,Adrenalina
1772,Blues Brothers 2000,1998,Action|Comedy|Musical,4.9,36415,Comfort movie
1777,"Wedding Singer, The",1998,Comedy|Romance,,,Da vedere in due
1779,Sphere,1998,Sci-Fi|Thriller,6.1,118281,Adrenalina
1783,Palmetto,1998,Crime|Drama|Mystery|Romance|Thriller,6.1,9044,Adrenalina
1784,As Good as It Gets,1997,Comedy|Drama|Romance,7.7,340313,Da vedere in due
1785,King of New York,1990,Crime|Thriller,6.9,49860,Adrenalina
1788,Men with Guns,1997,Action|Drama,5.3,297,Domenica impegnativa
1791,Twilight,1998,Crime|Drama|Thriller,6.2,14179,Adrenalina
1792,U.S. Marshals,1998,Action|Crime|Thriller,6.6,121328,Adrenalina
1793,Welcome to Woop-Woop,1997,Comedy,5.7,2309,Comfort movie
1794,Love and Death on Long Island,1997,Comedy|Drama,6.9,4339,Comfort movie
1797,Everest,1998,Documentary|IMAX,,,Domenica impegnativa
1798,Hush,1998,Thriller,5.5,14914,Adrenalina
1799,Suicide Kings,1997,Comedy|Crime|Drama|Mystery|Thriller,6.9,30778,Adrenalina
1801,"Man in the Iron Mask, The",1998,Action|Adventure|Drama,,,Domenica impegnativa
1804,"Newton Boys, The",1998,Crime|Drama,,,Adrenalina
1805,Wild Things,1998,Crime|Drama|Mystery|Thriller,6.6,142096,Adrenalina
1806,Paulie,1998,Adventure|Children|Comedy,6.6,17651,Comfort movie
1807,"Cool, Dry Place, A",1998,Drama,,,Domenica impegnativa
1809,Fireworks (Hana-bi),1997,Crime|Drama,,,Adrenalina
1810,Primary Colors,1998,Comedy|Drama,6.7,31689,Comfort movie
1811,"Niagara, Niagara",1997,Drama,6.8,1825,Domenica impegnativa
1814,"Price Above Rubies, A",1998,Drama,,,Domenica impegnativa
1816,Two Girls and a Guy,1997,Comedy|Drama,5.5,7674,Comfort movie
1821,"Object of My Affection, The",1998,Comedy|Romance,,,Da vedere in due
1822,Meet the Deedles,1998,Children|Comedy,4.2,3371,Comfort movie
1825,"Player's Club, The",1998,Comedy|Drama,,,Comfort movie
1826,Barney's Great Adventure,1998,Adventure|Children,3.3,3837,Comfort movie
1827,"Big One, The",1997,Comedy|Documentary,,,Domenica impegnativa
1829,Chinese Box,1997,Drama|Romance,6.2,3781,Da vedere in due
1831,Lost in Space,1998,Action|Adventure|Sci-Fi,5.3,78149,Mente accesa
1832,Heaven's Burning,1997,Action|Drama,5.7,2445,Domenica impegnativa
1833,Mercury Rising,1998,Action|Drama|Thriller,6.1,81916,Adrenalina
1834,"Spanish Prisoner, The",1997,Crime|Drama|Mystery|Thriller,,,Adrenalina
1835,City of Angels,1998,Drama|Fantasy|Romance,6.7,136029,Da vedere in due
1836,"Last Days of Disco, The",1998,Comedy|Drama,,,Comfort movie
1837,"Odd Couple II, The",1998,Comedy,,,Comfort movie
1839,My Giant,1998,Comedy,5.0,7506,Comfort movie
1840,He Got Game,1998,Drama,6.9,55279,Domenica impegnativa
1841,"Gingerbread Man, The",1998,Drama|Thriller,,,Adrenalina
1844,Live Flesh (Carne trémula),1997,Drama|Romance,,,Da vedere in due
1845,Zero Effect,1998,Comedy|Mystery|Thriller,6.8,16181,Adrenalina
1846,Nil By Mouth,1997,Drama,7.3,11199,Domenica impegnativa
1848,"Borrowers, The",1997,Adventure|Children|Comedy|Fantasy,,,Comfort movie
1850,"I Love You, Don't Touch Me!",1998,Drama|Romance,,,Da vedere in due
1853,"Alan Smithee Film: Burn Hollywood Burn, An",1997,Comedy,,,Comfort movie
1854,Kissing a Fool,1998,Comedy|Romance,5.6,5320,Da vedere in due
1855,Krippendorf's Tribe,1998,Comedy,5.1,6643,Comfort movie
1856,Kurt & Courtney,1998,Documentary,6.1,7494,Domenica impegnativa
1857,"Real Blonde, The",1997,Comedy,,,Comfort movie
1858,Mr. Nice Guy (Yat goh ho yan),1997,Action|Comedy,,,Comfort movie
1859,Taste of Cherry (Ta'm e guilass),1997,Drama,,,Domenica impegnativa
1860,Character (Karakter),1997,Drama,,,Domenica impegnativa
1862,Species II,1998,Horror|Sci-Fi,4.6,34128,Adrenalina
1863,Major League: Back to the Minors,1998,Comedy,4.7,8750,Comfort movie
1865,Wild Man Blues,1997,Documentary,6.9,2337,Domenica impegnativa
1866,"Big Hit, The",1998,Action|Comedy|Crime,,,Adrenalina
1867,Tarzan and the Lost City,1998,Action|Adventure,4.0,2483,Venerdi leggero
1869,Black Dog,1998,Action|Thriller,5.5,10854,Adrenalina
1870,"Dancer, Texas Pop. 81",1998,Comedy|Drama,6.6,2729,Comfort movie
1871,"Friend of the Deceased, A (Priyatel pokonika)",1997,Comedy|Drama,,,Comfort movie
1872,Go Now,1995,Drama,7.1,1344,Domenica impegnativa
1873,"Misérables, Les",1998,Crime|Drama|Romance|War,,,Adrenalina
1874,Still Breathing,1997,Comedy|Romance,6.4,3771,Da vedere in due
1875,Clockwatchers,1997,Comedy,6.6,7874,Comfort movie
1876,Deep Impact,1998,Drama|Sci-Fi|Thriller,6.3,207641,Adrenalina
1878,Woo,1998,Comedy|Romance,4.3,2407,Da vedere in due
1879,"Hanging Garden, The",1997,Drama|Romance,,,Da vedere in due
1880,Lawn Dogs,1997,Drama,7.4,9357,Domenica impegnativa
1881,Quest for Camelot,1998,Adventure|Animation|Children|Fantasy|Musical,6.3,19865,Comfort movie
1882,Godzilla,1998,Action|Sci-Fi|Thriller,5.5,214821,Adrenalina
1883,Bulworth,1998,Comedy|Drama|Romance,6.8,28376,Da vedere in due
1884,Fear and Loathing in Las Vegas,1998,Adventure|Comedy|Drama,7.4,321720,Comfort movie
1885,"Opposite of Sex, The",1998,Comedy|Drama|Romance,,,Da vedere in due
1886,I Got the Hook Up,1998,Comedy,4.2,2540,Comfort movie
1887,Almost Heroes,1998,Adventure|Comedy|Western,5.8,19108,Comfort movie
1888,Hope Floats,1998,Comedy|Drama|Romance,6.1,33267,Da vedere in due
1889,Insomnia,1997,Drama|Mystery|Thriller,7.2,17739,Adrenalina
1890,Little Boy Blue,1997,Drama,6.2,2377,Domenica impegnativa
1891,"Ugly, The",1997,Horror|Thriller,,,Adrenalina
1892,"Perfect Murder, A",1998,Thriller,,,Adrenalina
1893,Beyond Silence (Jenseits der Stille),1996,Drama,,,Domenica impegnativa
1894,Six Days Seven Nights,1998,Adventure|Comedy|Romance,5.9,88638,Da vedere in due
1895,Can't Hardly Wait,1998,Comedy|Drama|Romance,6.5,57898,Da vedere in due
1896,Cousin Bette,1998,Comedy,6.2,3007,Comfort movie
1897,High Art,1998,Drama|Romance,6.6,11823,Da vedere in due
1898,"Land Girls, The",1998,Drama|War,,,Adrenalina
1899,Passion in the Desert,1998,Adventure|Drama,,,Domenica impegnativa
1900,"Children of Heaven, The (Bacheha-Ye Aseman)",1997,Comedy|Drama,,,Comfort movie
1901,Dear Jesse,1997,Documentary,6.9,164,Domenica impegnativa
1902,Dream for an Insomniac,1996,Drama|Romance,5.9,3132,Da vedere in due
1903,Hav Plenty,1997,Comedy,6.3,1250,Comfort movie
1904,Henry Fool,1997,Comedy|Drama,7.1,8264,Comfort movie
1905,Marie from the Bay of Angels (Marie Baie Des Anges),1997,Drama,,,Domenica impegnativa
1906,Mr. Jealousy,1997,Comedy|Romance,6.3,2812,Da vedere in due
1907,Mulan,1998,Adventure|Animation|Children|Comedy|Drama|Musical|Romance,7.7,351056,Da vedere in due
1909,"X-Files: Fight the Future, The",1998,Action|Crime|Mystery|Sci-Fi|Thriller,,,Adrenalina
1910,I Went Down,1997,Comedy|Crime|Drama,6.7,2518,Adrenalina
1911,Dr. Dolittle,1998,Comedy,,,Comfort movie
1912,Out of Sight,1998,Comedy|Crime|Drama|Romance|Thriller,7.0,106476,Adrenalina
1913,Picnic at Hanging Rock,1975,Drama|Mystery,7.3,46576,Domenica impegnativa
1914,Smoke Signals,1998,Comedy|Drama,7.2,12282,Comfort movie
1915,Voyage to the Beginning of the World (Viagem ao Princípio do Mundo),1997,Drama,,,Domenica impegnativa
1916,Buffalo '66 (a.k.a. Buffalo 66),1998,Drama|Romance,,,Da vedere in due
1917,Armageddon,1998,Action|Romance|Sci-Fi|Thriller,6.7,483936,Adrenalina
1918,Lethal Weapon 4,1998,Action|Comedy|Crime|Thriller,6.6,181893,Adrenalina
1919,Madeline,1998,Children|Comedy,6.0,8676,Comfort movie
1920,Small Soldiers,1998,Animation|Children|Fantasy|War,6.3,111447,Adrenalina
1921,Pi,1998,Drama|Sci-Fi|Thriller,7.3,193774,Adrenalina
1922,Whatever,1998,Drama,6.4,1075,Domenica impegnativa
1923,There's Something About Mary,1998,Comedy|Romance,7.1,351197,Da vedere in due
1924,Plan 9 from Outer Space,1959,Horror|Sci-Fi,,,Adrenalina
1925,Wings,1927,Action|Drama|Romance|War,7.5,16549,Adrenalina
1926,"Broadway Melody, The",1929,Musical,,,Comfort movie
1927,All Quiet on the Western Front,1930,Action|Drama|War,8.1,72752,Adrenalina
1928,Cimarron,1931,Drama|Western,5.8,7916,Domenica impegnativa
1929,Grand Hotel,1932,Drama|Romance,7.3,22927,Da vedere in due
1930,Cavalcade,1933,Drama|Romance|War,5.7,6771,Adrenalina
1931,Mutiny on the Bounty,1935,Adventure|Drama,7.6,26962,Domenica impegnativa
1932,"Great Ziegfeld, The",1936,Drama|Musical,,,Comfort movie
1933,"Life of Emile Zola, The",1937,Drama,,,Domenica impegnativa
1934,You Can't Take It with You,1938,Comedy|Romance,7.8,30724,Da vedere in due
1935,How Green Was My Valley,1941,Drama|Musical|Romance,7.7,29584,Da vedere in due
1936,Mrs. Miniver,1942,Drama|War,7.6,21545,Adrenalina
1937,Going My Way,1944,Comedy|Drama|Musical,7.0,14960,Comfort movie
1938,"Lost Weekend, The",1945,Drama,,,Domenica impegnativa
1939,"Best Years of Our Lives, The",1946,Drama|War,,,Adrenalina
1940,Gentleman's Agreement,1947,Drama,7.2,19359,Domenica impegnativa
1941,Hamlet,1948,Drama,7.5,20123,Domenica impegnativa
1942,All the King's Men,1949,Drama,7.4,18345,Domenica impegnativa
1943,"Greatest Show on Earth, The",1952,Drama,,,Domenica impegnativa
1944,From Here to Eternity,1953,Drama|Romance|War,7.6,54845,Adrenalina
1945,On the Waterfront,1954,Crime|Drama,8.1,181044,Adrenalina
1946,Marty,1955,Drama|Romance,7.6,31021,Da vedere in due
1947,West Side Story,1961,Drama|Musical|Romance,7.6,128754,Da vedere in due
1948,Tom Jones,1963,Adventure|Comedy|Romance,6.3,15514,Da vedere in due
1949,"Man for All Seasons, A",1966,Drama,,,Domenica impegnativa
1950,In the Heat of the Night,1967,Drama|Mystery,7.9,92447,Domenica impegnativa
1951,Oliver!,1968,Drama|Musical,7.4,44833,Comfort movie
1952,Midnight Cowboy,1969,Drama,7.8,132807,Domenica impegnativa
1953,"French Connection, The",1971,Action|Crime|Thriller,,,Adrenalina
1954,Rocky,1976,Drama,8.1,701653,Domenica impegnativa
1955,Kramer vs. Kramer,1979,Drama,7.8,168151,Domenica impegnativa
1956,Ordinary People,1980,Drama,7.7,62642,Domenica impegnativa
1957,Chariots of Fire,1981,Drama,7.1,71695,Domenica impegnativa
1958,Terms of Endearment,1983,Comedy|Drama,7.4,71423,Comfort movie
1959,Out of Africa,1985,Drama|Romance,7.2,94198,Da vedere in due
1960,"Last Emperor, The",1987,Drama,,,Domenica impegnativa
1961,Rain Man,1988,Drama,8.0,589841,Domenica impegnativa
1962,Driving Miss Daisy,1989,Drama,7.3,124642,Domenica impegnativa
1963,Take the Money and Run,1969,Comedy|Crime,7.2,33137,Adrenalina
1964,Klute,1971,Drama|Mystery,7.1,34362,Domenica impegnativa
1965,Repo Man,1984,Comedy|Sci-Fi,6.8,46181,Mente accesa
1966,Metropolitan,1990,Comedy,7.2,13889,Comfort movie
1967,Labyrinth,1986,Adventure|Fantasy|Musical,7.3,166913,Comfort movie
1968,"Breakfast Club, The",1985,Comedy|Drama,,,Comfort movie
1969,"Nightmare on Elm Street 2: Freddy's Revenge, A",1985,Horror,,,Adrenalina
1970,"Nightmare on Elm Street 3: Dream Warriors, A",1987,Horror|Thriller,,,Adrenalina
1971,"Nightmare on Elm Street 4: The Dream Master, A",1988,Horror|Thriller,,,Adrenalina
1972,"Nightmare on Elm Street 5: The Dream Child, A",1989,Horror,,,Adrenalina
1973,"Freddy's Dead: The Final Nightmare (Nightmare on Elm Street Part 6: Freddy's Dead, A)",1991,Horror,,,Adrenalina
1974,Friday the 13th,1980,Horror|Mystery|Thriller,6.4,177115,Adrenalina
1975,Friday the 13th Part 2,1981,Horror,6.1,88778,Adrenalina
1976,Friday the 13th Part 3: 3D,1982,Horror,,,Adrenalina
1977,Friday the 13th Part IV: The Final Chapter,1984,Horror,,,Adrenalina
1978,Friday the 13th Part V: A New Beginning,1985,Horror,,,Adrenalina
1979,Friday the 13th Part VI: Jason Lives,1986,Horror,6.0,58283,Adrenalina
1980,Friday the 13th Part VII: The New Blood,1988,Horror,5.2,48298,Adrenalina
1981,Friday the 13th Part VIII: Jason Takes Manhattan,1989,Horror,4.5,49008,Adrenalina
1982,Halloween,1978,Horror,7.7,342995,Adrenalina
1983,Halloween II,1981,Horror,6.5,113421,Adrenalina
1984,Halloween III: Season of the Witch,1982,Horror,5.2,68639,Adrenalina
1985,Halloween 4: The Return of Michael Myers,1988,Horror,5.8,65350,Adrenalina
1986,Halloween 5: The Revenge of Michael Myers,1989,Horror,4.9,52674,Adrenalina
1987,Prom Night,1980,Horror,5.3,24263,Adrenalina
1988,Hello Mary Lou: Prom Night II,1987,Horror,5.8,9068,Adrenalina
1991,Child's Play,1988,Horror|Thriller,6.7,133940,Adrenalina
1992,Child's Play 2,1990,Horror|Thriller,6.0,65465,Adrenalina
1993,Child's Play 3,1991,Comedy|Horror|Thriller,5.2,52197,Adrenalina
1994,Poltergeist,1982,Horror|Thriller,7.3,196937,Adrenalina
1995,Poltergeist II: The Other Side,1986,Horror|Thriller,5.7,33183,Adrenalina
1996,Poltergeist III,1988,Horror|Thriller,4.7,22691,Adrenalina
1997,"Exorcist, The",1973,Horror|Mystery,,,Adrenalina
1998,Exorcist II: The Heretic,1977,Horror,3.8,31204,Adrenalina
1999,"Exorcist III, The",1990,Horror,,,Adrenalina
2000,Lethal Weapon,1987,Action|Comedy|Crime|Drama,7.6,298791,Adrenalina
2001,Lethal Weapon 2,1989,Action|Comedy|Crime|Drama,7.3,203192,Adrenalina
2002,Lethal Weapon 3,1992,Action|Comedy|Crime|Drama,6.7,190111,Adrenalina
2003,Gremlins,1984,Comedy|Horror,7.3,277475,Adrenalina
2004,Gremlins 2: The New Batch,1990,Comedy|Horror,6.5,120321,Adrenalina
2005,"Goonies, The",1985,Action|Adventure|Children|Comedy|Fantasy,,,Comfort movie
2006,"Mask of Zorro, The",1998,Action|Comedy|Romance,,,Da vedere in due
2007,Polish Wedding,1998,Comedy,5.5,3482,Comfort movie
2008,"This World, Then the Fireworks",1997,Crime|Drama|Film-Noir,5.3,1510,Adrenalina
2009,Soylent Green,1973,Drama|Mystery|Sci-Fi|Thriller,7.0,74959,Adrenalina
2010,Metropolis,1927,Drama|Sci-Fi,8.2,203087,Domenica impegnativa
2011,Back to the Future Part II,1989,Adventure|Comedy|Sci-Fi,7.8,629359,Mente accesa
2012,Back to the Future Part III,1990,Adventure|Comedy|Sci-Fi|Western,7.5,526357,Mente accesa
2013,"Poseidon Adventure, The",1972,Action|Adventure|Drama,,,Domenica impegnativa
2014,Freaky Friday,1977,Children|Comedy|Fantasy,,,Comfort movie
2015,"Absent-Minded Professor, The",1961,Children|Comedy|Fantasy,,,Comfort movie
2016,"Apple Dumpling Gang Rides Again, The",1979,Children|Comedy|Western,,,Comfort movie
2017,Babes in Toyland,1961,Children|Fantasy|Musical,6.1,5256,Comfort movie
2018,Bambi,1942,Animation|Children|Drama,7.3,166984,Comfort movie
2019,Seven Samurai (Shichinin no samurai),1954,Action|Adventure|Drama,,,Domenica impegnativa
2020,Dangerous Liaisons,1988,Drama|Romance,7.5,80772,Da vedere in due
2021,Dune,1984,Adventure|Sci-Fi,6.2,194123,Mente accesa
2022,"Last Temptation of Christ, The",1988,Drama,,,Domenica impegnativa
2023,"Godfather: Part III, The",1990,Crime|Drama|Mystery|Thriller,,,Adrenalina
2024,"Rapture, The",1991,Drama|Mystery,,,Domenica impegnativa
2025,Lolita,1997,Drama|Romance,6.8,75746,Da vedere in due
2026,Disturbing Behavior,1998,Horror|Thriller,5.7,28052,Adrenalina
2027,Jane Austen's Mafia!,1998,Comedy|Crime,5.6,16797,Adrenalina
2028,Saving Private Ryan,1998,Action|Drama|War,8.6,1661729,Adrenalina
2029,Billy's Hollywood Screen Kiss,1997,Comedy|Romance,,,Da vedere in due
2030,East Palace West Palace (Dong gong xi gong),1997,Drama,,,Domenica impegnativa
2031,"Million Dollar Duck, The (a.k.a. $1,000,000 Duck)",1971,Children|Comedy,,,Comfort movie
2033,"Black Cauldron, The",1985,Adventure|Animation|Children|Fantasy,,,Comfort movie
2034,"Black Hole, The",1979,Children|Sci-Fi,,,Mente accesa
2036,Blank Check,1994,Children|Comedy,5.3,24273,Comfort movie
2037,Candleshoe,1977,Adventure|Children|Comedy,6.7,5488,Comfort movie
2038,"Cat from Outer Space, The",1978,Children|Comedy|Sci-Fi,,,Mente accesa
2040,"Computer Wore Tennis Shoes, The",1969,Children|Comedy,,,Comfort movie
2041,Condorman,1981,Action|Adventure|Children|Comedy,5.7,5841,Comfort movie
2042,D2: The Mighty Ducks,1994,Children|Comedy,6.1,46277,Comfort movie
2043,Darby O'Gill and the Little People,1959,Adventure|Children|Fantasy,7.1,10319,Comfort movie
2044,"Devil and Max Devlin, The",1981,Comedy|Fantasy,,,Comfort movie
2045,"Far Off Place, A",1993,Adventure|Children|Drama|Romance,,,Da vedere in due
2046,Flight of the Navigator,1986,Adventure|Children|Sci-Fi,6.9,55993,Mente accesa
2047,"Gnome-Mobile, The",1967,Adventure|Children|Fantasy|Musical,,,Comfort movie
2048,"Great Mouse Detective, The",1986,Action|Animation|Children|Crime,,,Adrenalina
2049,"Happiest Millionaire, The",1967,Comedy|Musical,,,Comfort movie
2050,Herbie Goes Bananas,1980,Adventure|Children|Comedy,4.9,6912,Comfort movie
2051,Herbie Goes to Monte Carlo,1977,Adventure|Children|Comedy,5.7,8929,Comfort movie
2052,Hocus Pocus,1993,Children|Comedy|Fantasy|Horror,6.9,174075,Adrenalina
2053,"Honey, I Blew Up the Kid",1992,Children|Comedy|Sci-Fi,4.9,49899,Mente accesa
2054,"Honey, I Shrunk the Kids",1989,Adventure|Children|Comedy|Fantasy|Sci-Fi,6.5,179083,Mente accesa
2055,Hot Lead and Cold Feet,1978,Action|Comedy|Western,6.1,1631,Comfort movie
2057,"Incredible Journey, The",1963,Adventure|Children,,,Comfort movie
2058,"Negotiator, The",1998,Action|Crime|Drama|Mystery|Thriller,,,Adrenalina
2059,"Parent Trap, The",1998,Children|Comedy|Romance,,,Da vedere in due
2060,BASEketball,1998,Comedy,6.5,69484,Comfort movie
2061,Full Tilt Boogie,1997,Documentary,6.6,2958,Domenica impegnativa
2062,"Governess, The",1998,Drama|Romance,,,Da vedere in due
2063,"Seventh Heaven (Septième ciel, Le)",1997,Drama|Romance,,,Da vedere in due
2064,Roger & Me,1989,Documentary,7.5,28323,Domenica impegnativa
2065,"Purple Rose of Cairo, The",1985,Comedy|Drama|Fantasy|Romance,,,Da vedere in due
2066,Out of the Past,1947,Film-Noir,7.9,45200,Domenica impegnativa
2067,Doctor Zhivago,1965,Drama|Romance|War,7.9,88039,Adrenalina
2068,Fanny and Alexander (Fanny och Alexander),1982,Drama|Fantasy|Mystery,,,Domenica impegnativa
2069,"Trip to Bountiful, The",1985,Drama,,,Domenica impegnativa
2070,Tender Mercies,1983,Drama|Romance|Western,7.3,14685,Da vedere in due
2071,And the Band Played On,1993,Drama,7.8,11874,Domenica impegnativa
2072,"'burbs, The",1989,Comedy,,,Comfort movie
2073,Fandango,1985,Comedy,6.7,9863,Comfort movie
2074,"Night Porter, The (Portiere di notte, Il)",1974,Crime|Drama|Romance,,,Adrenalina
2075,Mephisto,1981,Drama|War,7.7,12703,Adrenalina
2076,Blue Velvet,1986,Drama|Mystery|Thriller,7.7,249003,Adrenalina
2077,"Journey of Natty Gann, The",1985,Adventure|Children,,,Comfort movie
2078,"Jungle Book, The",1967,Animation|Children|Comedy|Musical,,,Comfort movie
2080,Lady and the Tramp,1955,Animation|Children|Comedy|Romance,7.3,163930,Da vedere in due
2081,"Little Mermaid, The",1989,Animation|Children|Comedy|Musical|Romance,,,Da vedere in due
2082,"Mighty Ducks, The",1992,Children|Comedy,,,Comfort movie
2083,"Muppet Christmas Carol, The",1992,Children|Comedy|Musical,,,Comfort movie
2084,Newsies,1992,Children|Musical,6.9,24599,Comfort movie
2085,101 Dalmatians (One Hundred and One Dalmatians),1961,Adventure|Animation|Children,,,Comfort movie
2086,One Magic Christmas,1985,Drama|Fantasy,6.4,5140,Domenica impegnativa
2087,Peter Pan,1953,Animation|Children|Fantasy|Musical,7.2,167689,Comfort movie
2088,Popeye,1980,Adventure|Comedy|Musical,5.4,38091,Comfort movie
2089,"Rescuers Down Under, The",1990,Adventure|Animation|Children,,,Comfort movie
2090,"Rescuers, The",1977,Adventure|Animation|Children|Crime|Drama,,,Adrenalina
2091,Return from Witch Mountain,1978,Children|Sci-Fi,5.7,6191,Mente accesa
2092,"Return of Jafar, The",1994,Adventure|Animation|Children|Fantasy|Musical|Romance,,,Da vedere in due
2093,Return to Oz,1985,Adventure|Children|Fantasy,6.7,34521,Comfort movie
2094,"Rocketeer, The",1991,Action|Adventure|Sci-Fi,,,Mente accesa
2095,"Shaggy D.A., The",1976,Children|Comedy,,,Comfort movie
2096,Sleeping Beauty,1959,Animation|Children|Musical,7.2,172794,Comfort movie
2097,Something Wicked This Way Comes,1983,Children|Drama|Fantasy|Mystery|Thriller,6.7,13125,Adrenalina
2098,Son of Flubber,1963,Children|Comedy,,,Comfort movie
2099,Song of the South,1946,Adventure|Animation|Children|Musical,6.9,15361,Comfort movie
2100,Splash,1984,Comedy|Fantasy|Romance,6.3,89263,Da vedere in due
2102,Steamboat Willie,1928,Animation|Children|Comedy|Musical,,,Comfort movie
2103,Tall Tale,1995,Adventure|Children|Fantasy|Western,5.9,4752,Comfort movie
2104,Tex,1982,Drama,6.5,2804,Domenica impegnativa
2105,Tron,1982,Action|Adventure|Sci-Fi,6.7,147544,Mente accesa
2106,Swing Kids,1993,Drama|War,6.8,18417,Adrenalina
2107,Halloween H20: 20 Years Later (Halloween 7: The Revenge of Laurie Strode),1998,Horror|Thriller,,,Adrenalina
2108,L.A. Story,1991,Comedy|Romance,6.7,34980,Da vedere in due
2109,"Jerk, The",1979,Comedy,,,Comfort movie
2110,Dead Men Don't Wear Plaid,1982,Comedy|Crime|Thriller,6.8,26061,Adrenalina
2111,"Man with Two Brains, The",1983,Comedy,,,Comfort movie
2112,Grand Canyon,1991,Crime|Drama,6.8,17576,Adrenalina
2113,Graveyard Shift (Stephen King's Graveyard Shift),1990,Horror|Thriller,,,Adrenalina
2114,"Outsiders, The",1983,Drama,,,Domenica impegnativa
2115,Indiana Jones and the Temple of Doom,1984,Action|Adventure|Fantasy,7.5,573788,Venerdi leggero
2116,"Lord of the Rings, The",1978,Adventure|Animation|Children|Fantasy,,,Comfort movie
2117,1984 (Nineteen Eighty-Four),1984,Drama|Sci-Fi,,,Domenica impegnativa
2118,"Dead Zone, The",1983,Thriller,,,Adrenalina
2119,Maximum Overdrive,1986,Horror,5.4,40515,Adrenalina
2120,Needful Things,1993,Drama|Horror,6.3,30852,Adrenalina
2121,Cujo,1983,Horror|Thriller,6.1,55156,Adrenalina
2122,Children of the Corn,1984,Horror|Thriller,5.6,63470,Adrenalina
2123,All Dogs Go to Heaven,1989,Animation|Children|Comedy|Drama|Fantasy,6.8,50145,Comfort movie
2124,"Addams Family, The",1991,Children|Comedy|Fantasy,,,Comfort movie
2125,Ever After: A Cinderella Story,1998,Comedy|Drama|Romance,7.1,87035,Da vedere in due
2126,Snake Eyes,1998,Action|Crime|Mystery|Thriller,6.2,94255,Adrenalina
2127,"First Love, Last Rites",1997,Drama|Romance,5.6,383,Da vedere in due
2128,Safe Men,1998,Comedy,5.8,3785,Comfort movie
2129,"Saltmen of Tibet, The (Salzmänner von Tibet, Die)",1997,Documentary,,,Domenica impegnativa
2130,Atlantic City,1980,Crime|Drama|Romance,7.3,19999,Adrenalina
2131,Autumn Sonata (Höstsonaten),1978,Drama,,,Domenica impegnativa
2132,Who's Afraid of Virginia Woolf?,1966,Drama,8.0,83764,Domenica impegnativa
2133,Adventures in Babysitting,1987,Adventure|Comedy,7.0,54922,Comfort movie
2134,Weird Science,1985,Comedy|Fantasy|Sci-Fi,6.6,106802,Mente accesa
2135,Doctor Dolittle,1967,Adventure|Children|Musical,6.2,11153,Comfort movie
2136,"Nutty Professor, The",1963,Comedy|Sci-Fi,,,Mente accesa
2137,Charlotte's Web,1973,Animation|Children,6.9,23082,Comfort movie
2138,Watership Down,1978,Adventure|Animation|Children|Drama|Fantasy,7.5,43847,Comfort movie
2139,"Secret of NIMH, The",1982,Adventure|Animation|Children|Drama,,,Comfort movie
2140,"Dark Crystal, The",1982,Adventure|Fantasy,,,Venerdi leggero
2141,"American Tail, An",1986,Adventure|Animation|Children|Comedy,,,Comfort movie
2142,"American Tail: Fievel Goes West, An",1991,Adventure|Animation|Children|Musical|Western,,,Comfort movie
2143,Legend,1985,Adventure|Fantasy|Romance,6.3,81258,Da vedere in due
2144,Sixteen Candles,1984,Comedy|Romance,7.0,136514,Da vedere in due
2145,Pretty in Pink,1986,Comedy|Drama|Romance,6.7,96450,Da vedere in due
2146,St. Elmo's Fire,1985,Drama|Romance,6.4,51123,Da vedere in due
2147,"Clan of the Cave Bear, The",1986,Adventure|Drama|Fantasy,,,Domenica impegnativa
2148,House,1986,Comedy|Fantasy|Horror,,,Adrenalina
2149,House II: The Second Story,1987,Comedy|Fantasy|Horror,5.4,13487,Adrenalina
2150,"Gods Must Be Crazy, The",1980,Adventure|Comedy,,,Comfort movie
2151,"Gods Must Be Crazy II, The",1989,Comedy,,,Comfort movie
2152,Air Bud: Golden Receiver,1998,Children|Comedy,4.6,6706,Comfort movie
2153,"Avengers, The",1998,Action|Adventure,,,Venerdi leggero
2154,How Stella Got Her Groove Back,1998,Drama|Romance,5.8,9040,Da vedere in due
2155,"Slums of Beverly Hills, The",1998,Comedy|Drama,,,Comfort movie
2156,"Best Man, The (Testimone dello sposo, Il)",1998,Comedy|Drama|Romance,,,Da vedere in due
2157,"Chambermaid on the Titanic, The (Femme de chambre du Titanic, La)",1998,Romance,,,Da vedere in due
2159,Henry: Portrait of a Serial Killer,1986,Crime|Horror|Thriller,7.0,45013,Adrenalina
2160,Rosemary's Baby,1968,Drama|Horror|Thriller,8.0,260990,Adrenalina
2161,"NeverEnding Story, The",1984,Adventure|Children|Fantasy,,,Comfort movie
2162,"NeverEnding Story II: The Next Chapter, The",1990,Adventure|Children|Fantasy,,,Comfort movie
2163,Attack of the Killer Tomatoes!,1978,Comedy|Horror,4.6,16635,Adrenalina
2164,Surf Nazis Must Die,1987,Action|Comedy|Drama|Horror,3.8,6512,Adrenalina
2165,Your Friends and Neighbors,1998,Comedy|Drama,6.3,8654,Comfort movie
2166,Return to Paradise,1998,Crime|Drama|Romance|Thriller,6.9,16177,Adrenalina
2167,Blade,1998,Action|Horror|Thriller,7.1,335819,Adrenalina
2168,Dance with Me,1998,Drama|Romance,6.0,7239,Da vedere in due
2169,Dead Man on Campus,1998,Comedy,6.0,15833,Comfort movie
2170,Wrongfully Accused,1998,Action|Comedy,6.1,32443,Comfort movie
2171,Next Stop Wonderland,1998,Comedy|Drama|Romance,6.5,5384,Da vedere in due
2173,"Navigator: A Mediaeval Odyssey, The",1988,Adventure|Fantasy|Sci-Fi,,,Mente accesa
2174,Beetlejuice,1988,Comedy|Fantasy,7.4,422514,Comfort movie
2176,Rope,1948,Crime|Drama|Thriller,7.9,166618,Adrenalina
2177,Family Plot,1976,Comedy|Thriller,6.8,27132,Adrenalina
2178,Frenzy,1972,Thriller,7.4,53845,Adrenalina
2179,Topaz,1969,Thriller,6.2,21207,Adrenalina
2180,Torn Curtain,1966,Thriller,6.6,31961,Adrenalina
2181,Marnie,1964,Drama|Mystery|Romance|Thriller,7.1,58109,Adrenalina
2182,"Wrong Man, The",1956,Drama|Film-Noir|Thriller,,,Adrenalina
2183,"Man Who Knew Too Much, The",1956,Adventure|Drama|Mystery|Thriller,,,Adrenalina
2184,"Trouble with Harry, The",1955,Comedy|Mystery,,,Mente accesa
2185,I Confess,1953,Thriller,7.2,25586,Adrenalina
2186,Strangers on a Train,1951,Crime|Drama|Film-Noir|Thriller,7.9,149158,Adrenalina
2187,Stage Fright,1950,Mystery|Romance|Thriller,7.0,17932,Adrenalina
2188,54,1998,Drama,5.9,36174,Domenica impegnativa
2189,I Married A Strange Person!,1997,Animation|Comedy|Fantasy|Sci-Fi,6.9,2458,Mente accesa
2190,Why Do Fools Fall In Love?,1998,Drama,6.4,4860,Domenica impegnativa
2193,Willow,1988,Action|Adventure|Fantasy,7.2,139391,Venerdi leggero
2194,"Untouchables, The",1987,Action|Crime|Drama,,,Adrenalina
2195,Dirty Work,1998,Comedy,6.4,33364,Comfort movie
2197,Firelight,1997,Drama,7.2,5292,Domenica impegnativa
2201,"Paradine Case, The",1947,Drama,,,Domenica impegnativa
2202,Lifeboat,1944,Drama|War,7.6,34144,Adrenalina
2203,Shadow of a Doubt,1943,Crime|Drama|Thriller,7.7,76113,Adrenalina
2204,Saboteur,1942,Mystery|Thriller,7.1,29951,Adrenalina
2205,Mr. & Mrs. Smith,1941,Comedy|Romance,6.3,12312,Da vedere in due
2206,Suspicion,1941,Film-Noir|Mystery|Thriller,7.2,45646,Adrenalina
2207,Jamaica Inn,1939,Drama,6.3,12426,Domenica impegnativa
2208,"Lady Vanishes, The",1938,Drama|Mystery|Thriller,,,Adrenalina
2209,Young and Innocent,1937,Crime|Thriller,6.8,12242,Adrenalina
2210,Sabotage,1936,Thriller,7.0,21006,Adrenalina
2211,Secret Agent,1936,Thriller,6.4,9792,Adrenalina
2212,"Man Who Knew Too Much, The",1934,Drama|Thriller,,,Adrenalina
2213,Waltzes from Vienna,1933,Comedy|Musical,,,Comfort movie
2214,Number Seventeen (a.k.a. Number 17),1932,Thriller,,,Adrenalina
2219,Murder!,1930,Mystery|Thriller,6.3,7931,Adrenalina
2227,"Lodger: A Story of the London Fog, The",1927,Crime|Drama|Thriller,,,Adrenalina
2231,Rounders,1998,Drama,7.3,173518,Domenica impegnativa
2232,Cube,1997,Horror|Mystery|Sci-Fi|Thriller,7.1,263802,Adrenalina
2236,Simon Birch,1998,Drama,6.8,23146,Domenica impegnativa
2237,Without Limits,1998,Drama,7.2,8066,Domenica impegnativa
2238,Seven Beauties (Pasqualino Settebellezze),1976,Comedy|Drama,,,Comfort movie
2239,Swept Away (Travolti da un insolito destino nell'azzurro mare d'Agosto),1975,Comedy|Drama,,,Comfort movie
2240,My Bodyguard,1980,Drama,7.1,11839,Domenica impegnativa
2241,Class,1983,Comedy,6.0,14009,Comfort movie
2242,"Grandview, U.S.A.",1984,Drama,5.5,2568,Domenica impegnativa
2243,Broadcast News,1987,Comedy|Drama|Romance,7.3,37196,Da vedere in due
2244,"Allnighter, The",1987,Comedy|Romance,,,Da vedere in due
2245,Working Girl,1988,Comedy|Drama|Romance,6.8,68715,Da vedere in due
2246,Stars and Bars,1988,Action|Comedy|Romance,4.8,1124,Da vedere in due
2247,Married to the Mob,1988,Comedy,6.3,22280,Comfort movie
2248,Say Anything...,1989,Comedy|Drama|Romance,7.3,103985,Da vedere in due
2249,My Blue Heaven,1990,Comedy,6.3,24294,Comfort movie
2250,Men Don't Leave,1990,Drama,6.6,3007,Domenica impegnativa
2252,Hero,1992,Comedy|Drama,6.5,25376,Comfort movie
2253,Toys,1992,Comedy|Fantasy,5.2,35628,Comfort movie
2255,Young Doctors in Love,1982,Comedy,5.5,3693,Comfort movie
2256,Parasite,1982,Horror|Sci-Fi,4.1,3469,Adrenalina
2257,No Small Affair,1984,Comedy|Romance,5.6,2766,Da vedere in due
2259,Blame It on Rio,1984,Comedy|Romance,5.8,13349,Da vedere in due
2260,Wisdom,1986,Crime|Drama,5.8,3939,Adrenalina
2261,One Crazy Summer,1986,Comedy,6.4,18546,Comfort movie
2262,About Last Night...,1986,Comedy|Drama|Romance,6.3,19466,Da vedere in due
2263,"Seventh Sign, The",1988,Drama|Fantasy|Thriller,,,Adrenalina
2264,We're No Angels,1989,Comedy|Crime,6.1,26503,Adrenalina
2265,Nothing But Trouble,1991,Adventure|Comedy,5.2,30656,Comfort movie
2266,"Butcher's Wife, The",1991,Comedy|Romance,,,Da vedere in due
2267,Mortal Thoughts,1991,Mystery|Thriller,5.8,10660,Adrenalina
2268,"Few Good Men, A",1992,Crime|Drama|Thriller,,,Adrenalina
2269,Indecent Proposal,1993,Drama|Romance,6.1,88172,Da vedere in due
2271,Permanent Midnight,1998,Drama,6.2,8495,Domenica impegnativa
2272,One True Thing,1998,Drama,6.9,13462,Domenica impegnativa
2273,Rush Hour,1998,Action|Comedy|Crime|Thriller,7.1,335222,Adrenalina
2275,Six-String Samurai,1998,Action|Adventure|Sci-Fi,6.4,8580,Mente accesa
2276,"Soldier's Daughter Never Cries, A",1998,Drama,,,Domenica impegnativa
2278,Ronin,1998,Action|Crime|Thriller,7.2,210250,Adrenalina
2279,Urban Legend,1998,Horror|Thriller,5.6,79288,Adrenalina
2280,Clay Pigeons,1998,Crime,6.6,12666,Adrenalina
2282,Pecker,1998,Comedy|Drama,6.4,15807,Comfort movie
2283,"Sheltering Sky, The",1990,Drama,,,Domenica impegnativa
2284,Bandit Queen,1994,Drama,7.5,5932,Domenica impegnativa
2285,If....,1968,Drama,7.4,26631,Domenica impegnativa
2286,"Fiendish Plot of Dr. Fu Manchu, The",1980,Comedy,,,Comfort movie
2287,Them!,1954,Horror|Sci-Fi|Thriller,7.2,27198,Adrenalina
2288,"Thing, The",1982,Action|Horror|Sci-Fi|Thriller,,,Adrenalina
2289,"Player, The",1992,Comedy|Crime|Drama,,,Adrenalina
2290,Stardust Memories,1980,Comedy|Drama,7.2,25401,Comfort movie
2291,Edward Scissorhands,1990,Drama|Fantasy|Romance,7.8,570454,Da vedere in due
2292,Overnight Delivery,1998,Comedy|Romance,,,Da vedere in due
2294,Antz,1998,Adventure|Animation|Children|Comedy|Fantasy,6.5,172341,Comfort movie
2295,"Impostors, The",1998,Comedy,,,Comfort movie
2296,"Night at the Roxbury, A",1998,Comedy,,,Comfort movie
2297,What Dreams May Come,1998,Adventure|Drama|Fantasy|Romance,7.0,121789,Da vedere in due
2298,Strangeland,1998,Thriller,5.1,8506,Adrenalina
2299,"Battle of the Sexes, The",1959,Comedy,,,Comfort movie
2300,"Producers, The",1968,Comedy,,,Comfort movie
2301,History of the World: Part I,1981,Comedy|Musical,6.8,59593,Comfort movie
2302,My Cousin Vinny,1992,Comedy,7.6,161702,Comfort movie
2303,Nashville,1975,Drama|Musical,7.6,31843,Comfort movie
2305,Slam,1998,Drama,7.0,2595,Domenica impegnativa
2306,Holy Man,1998,Comedy,5.0,21967,Comfort movie
2307,One Tough Cop,1998,Action|Crime,5.2,1544,Adrenalina
2309,"Inheritors, The (Siebtelbauern, Die)",1998,Drama|Mystery,,,Domenica impegnativa
2310,"Mighty, The",1998,Drama,,,Domenica impegnativa
2311,2010: The Year We Make Contact,1984,Sci-Fi,6.7,61639,Mente accesa
2312,Children of a Lesser God,1986,Drama,7.2,20228,Domenica impegnativa
2313,"Elephant Man, The",1980,Drama,,,Domenica impegnativa
2314,Beloved,1998,Drama,6.1,8845,Domenica impegnativa
2315,Bride of Chucky (Child's Play 4),1998,Comedy|Horror|Thriller,,,Adrenalina
2316,Practical Magic,1998,Drama|Fantasy|Mystery|Romance,6.4,117216,Da vedere in due
2317,"Alarmist, The (a.k.a. Life During Wartime)",1997,Comedy,,,Comfort movie
2318,Happiness,1998,Comedy|Drama,7.7,80786,Comfort movie
2320,Apt Pupil,1998,Drama|Thriller,6.7,44660,Adrenalina
2321,Pleasantville,1998,Comedy|Drama|Fantasy,7.5,145789,Comfort movie
2322,Soldier,1998,Action|Sci-Fi|War,6.1,62296,Adrenalina
2323,"Cruise, The",1998,Documentary,,,Domenica impegnativa
2324,Life Is Beautiful (La Vita è bella),1997,Comedy|Drama|Romance|War,,,Adrenalina
2325,Orgazmo,1997,Comedy,6.1,39479,Comfort movie
2327,Tales from the Darkside: The Movie,1990,Fantasy|Horror|Thriller,6.2,21218,Adrenalina
2328,Vampires,1998,Horror|Western,6.1,69109,Adrenalina
2329,American History X,1998,Crime|Drama,8.5,1286510,Adrenalina
2330,Hands on a Hard Body,1996,Comedy|Documentary,,,Domenica impegnativa
2331,Living Out Loud,1998,Comedy|Drama|Romance,6.5,5220,Da vedere in due
2332,Belly,1998,Crime|Drama,6.2,14161,Adrenalina
2333,Gods and Monsters,1998,Drama,7.3,34494,Domenica impegnativa
2334,"Siege, The",1998,Action|Thriller,,,Adrenalina
2335,"Waterboy, The",1998,Comedy,,,Comfort movie
2336,Elizabeth,1998,Drama,7.4,110988,Domenica impegnativa
2337,Velvet Goldmine,1998,Drama,6.9,40727,Domenica impegnativa
2338,I Still Know What You Did Last Summer,1998,Horror|Mystery|Thriller,4.8,89286,Adrenalina
2339,I'll Be Home For Christmas,1998,Comedy|Romance,5.6,13424,Da vedere in due
2340,Meet Joe Black,1998,Romance,7.2,303478,Da vedere in due
2341,Dancing at Lughnasa,1998,Drama,6.3,4470,Domenica impegnativa
2342,Hard Core Logo,1996,Comedy|Drama,7.2,2971,Comfort movie
2344,Runaway Train,1985,Action|Adventure|Drama|Thriller,7.2,37558,Adrenalina
2345,Desert Bloom,1986,Drama,6.6,1200,Domenica impegnativa
2346,"Stepford Wives, The",1975,Mystery|Sci-Fi|Thriller,,,Adrenalina
2347,"Pope of Greenwich Village, The",1984,Drama,,,Domenica impegnativa
2348,Sid and Nancy,1986,Drama,7.0,37266,Domenica impegnativa
2349,Mona Lisa,1986,Comedy|Thriller,7.3,19635,Adrenalina
2350,Heart Condition,1990,Comedy,5.6,4484,Comfort movie
2351,"Nights of Cabiria (Notti di Cabiria, Le)",1957,Drama,,,Domenica impegnativa
2352,"Big Chill, The",1983,Comedy|Drama,,,Comfort movie
2353,Enemy of the State,1998,Action|Thriller,7.3,277012,Adrenalina
2354,"Rugrats Movie, The",1998,Animation|Children|Comedy,,,Comfort movie
2355,"Bug's Life, A",1998,Adventure|Animation|Children|Comedy,,,Comfort movie
2356,Celebrity,1998,Comedy,6.3,28873,Comfort movie
2357,Central Station (Central do Brasil),1998,Drama,,,Domenica impegnativa
2359,Waking Ned Devine (a.k.a. Waking Ned),1998,Comedy,,,Comfort movie
2360,"Celebration, The (Festen)",1998,Drama,,,Domenica impegnativa
2361,Pink Flamingos,1972,Comedy,6.0,31475,Comfort movie
2362,Glen or Glenda,1953,Drama,4.3,9805,Domenica impegnativa
2363,Godzilla (Gojira),1954,Drama|Horror|Sci-Fi,,,Adrenalina
2364,"Godzilla 1985: The Legend Is Reborn (Gojira) (Godzilla) (Return of Godzilla, The)",1984,Action|Horror|Sci-Fi|Thriller,,,Adrenalina
2365,King Kong vs. Godzilla (Kingukongu tai Gojira),1962,Action|Sci-Fi,,,Mente accesa
2366,King Kong,1933,Action|Adventure|Fantasy|Horror,7.9,96641,Adrenalina
2367,King Kong,1976,Adventure|Fantasy|Romance|Sci-Fi|Thriller,6.0,38779,Adrenalina
2368,King Kong Lives,1986,Adventure|Sci-Fi,4.0,7557,Mente accesa
2369,Desperately Seeking Susan,1985,Comedy|Drama|Romance,6.2,29496,Da vedere in due
2370,"Emerald Forest, The",1985,Action|Adventure|Drama,,,Domenica impegnativa
2371,Fletch,1985,Comedy|Crime|Mystery,6.9,62023,Adrenalina
2372,Fletch Lives,1989,Comedy,6.1,24701,Comfort movie
2373,Red Sonja,1985,Action|Adventure|Fantasy,5.1,48735,Venerdi leggero
2374,Gung Ho,1986,Comedy|Drama,6.3,15168,Comfort movie
2375,"Money Pit, The",1986,Comedy,,,Comfort movie
2376,"View to a Kill, A",1985,Action|Adventure|Thriller,,,Adrenalina
2377,Lifeforce,1985,Horror|Sci-Fi,6.2,35354,Adrenalina
2378,Police Academy,1984,Comedy|Crime,6.7,150642,Adrenalina
2379,Police Academy 2: Their First Assignment,1985,Comedy|Crime,5.8,64094,Adrenalina
2380,Police Academy 3: Back in Training,1986,Comedy|Crime,5.4,52507,Adrenalina
2381,Police Academy 4: Citizens on Patrol,1987,Comedy|Crime,5.0,49103,Adrenalina
2382,Police Academy 5: Assignment: Miami Beach,1988,Comedy|Crime,4.7,39923,Adrenalina
2383,Police Academy 6: City Under Siege,1989,Comedy|Crime,4.4,34226,Adrenalina
2384,Babe: Pig in the City,1998,Adventure|Children|Drama,5.9,37886,Comfort movie
2385,Home Fries,1998,Comedy|Romance,5.2,9628,Da vedere in due
2386,Jerry Springer: Ringmaster,1998,Comedy|Drama,,,Comfort movie
2387,Very Bad Things,1998,Comedy|Crime,6.3,51222,Adrenalina
2388,Steam: The Turkish Bath (Hamam),1997,Drama|Romance,,,Da vedere in due
2389,Psycho,1998,Crime|Horror|Thriller,4.6,53152,Adrenalina
2390,Little Voice,1998,Comedy,7.0,17896,Comfort movie
2391,"Simple Plan, A",1998,Crime|Drama|Thriller,,,Adrenalina
2392,Jack Frost,1998,Children|Comedy|Drama,5.5,44912,Comfort movie
2393,Star Trek: Insurrection,1998,Action|Drama|Romance|Sci-Fi,6.4,83798,Da vedere in due
2394,"Prince of Egypt, The",1998,Animation|Musical,,,Comfort movie
2395,Rushmore,1998,Comedy|Drama,7.6,209733,Comfort movie
2396,Shakespeare in Love,1998,Comedy|Drama|Romance,7.1,244363,Da vedere in due
2397,Mass Appeal,1984,Drama,6.7,1224,Domenica impegnativa
2398,Miracle on 34th Street,1947,Comedy|Drama,7.9,60112,Comfort movie
2399,Santa Claus: The Movie,1985,Adventure|Children|Fantasy,,,Comfort movie
2400,Prancer,1989,Children|Drama|Fantasy,6.5,7294,Comfort movie
2401,Pale Rider,1985,Western,7.3,71734,Venerdi leggero
2402,Rambo: First Blood Part II,1985,Action|Adventure|Thriller,6.5,198305,Adrenalina
2403,First Blood (Rambo: First Blood),1982,Action|Adventure|Drama|Thriller,,,Adrenalina
2404,Rambo III,1988,Action|Adventure|Thriller|War,5.8,151269,Adrenalina
2405,"Jewel of the Nile, The",1985,Action|Adventure|Comedy|Romance,,,Da vedere in due
2406,Romancing the Stone,1984,Action|Adventure|Comedy|Romance,6.9,113183,Da vedere in due
2407,Cocoon,1985,Comedy|Sci-Fi,6.7,74076,Mente accesa
2408,Cocoon: The Return,1988,Comedy|Sci-Fi,5.4,18379,Mente accesa
2409,Rocky II,1979,Action|Drama,7.3,254376,Domenica impegnativa
2410,Rocky III,1982,Action|Drama,6.9,232575,Domenica impegnativa
2411,Rocky IV,1985,Action|Drama,6.9,249497,Domenica impegnativa
2412,Rocky V,1990,Action|Drama,5.4,164154,Domenica impegnativa
2413,Clue,1985,Comedy|Crime|Mystery|Thriller,7.3,127363,Adrenalina
2414,Young Sherlock Holmes,1985,Action|Adventure|Children|Fantasy|Mystery|Thriller,6.8,25543,Adrenalina
2415,Violets Are Blue...,1986,Drama|Romance,5.8,1279,Da vedere in due
2416,Back to School,1986,Comedy,6.7,40084,Comfort movie
2417,Heartburn,1986,Comedy|Drama,6.1,14290,Comfort movie
2418,Nothing in Common,1986,Comedy,5.9,8787,Comfort movie
2419,Extremities,1986,Drama|Thriller,6.3,5000,Adrenalina
2420,"Karate Kid, The",1984,Drama,,,Domenica impegnativa
2421,"Karate Kid, Part II, The",1986,Action|Adventure|Drama,,,Domenica impegnativa
2422,"Karate Kid, Part III, The",1989,Action|Adventure|Children|Drama,,,Comfort movie
2423,Christmas Vacation (National Lampoon's Christmas Vacation),1989,Comedy,,,Comfort movie
2424,You've Got Mail,1998,Comedy|Romance,6.7,248451,Da vedere in due
2425,"General, The",1998,Crime,,,Adrenalina
2427,"Thin Red Line, The",1998,Action|Drama|War,,,Adrenalina
2428,"Faculty, The",1998,Horror|Sci-Fi,,,Adrenalina
2429,Mighty Joe Young,1998,Action|Adventure|Drama|Fantasy|Thriller,5.7,32888,Adrenalina
2430,Mighty Joe Young,1949,Adventure|Children|Drama,7.0,6309,Comfort movie
2431,Patch Adams,1998,Comedy|Drama,6.9,131457,Comfort movie
2432,Stepmom,1998,Drama,6.8,81154,Domenica impegnativa
2433,"Civil Action, A",1998,Drama,,,Domenica impegnativa
2434,Down in the Delta,1998,Drama,6.9,2019,Domenica impegnativa
2435,Hurlyburly,1998,Drama,5.7,10774,Domenica impegnativa
2436,Tea with Mussolini,1999,Comedy|Drama|War,6.9,13946,Adrenalina
2437,Wilde,1997,Drama,6.9,17837,Domenica impegnativa
2439,Affliction,1997,Drama,6.9,21923,Domenica impegnativa
2440,Another Day in Paradise,1998,Drama,6.5,9771,Domenica impegnativa
2442,Hilary and Jackie,1998,Drama,7.3,11348,Domenica impegnativa
2443,Playing by Heart,1998,Drama|Romance,6.9,21123,Da vedere in due
2445,At First Sight,1999,Drama,6.0,15436,Domenica impegnativa
2446,In Dreams,1999,Horror|Thriller,5.5,14234,Adrenalina
2447,Varsity Blues,1999,Comedy|Drama,6.6,53958,Comfort movie
2448,Virus,1999,Horror|Sci-Fi,5.1,32409,Adrenalina
2449,"Garbage Pail Kids Movie, The",1987,Adventure|Children|Comedy,,,Comfort movie
2450,Howard the Duck,1986,Adventure|Comedy|Sci-Fi,4.8,55312,Mente accesa
2451,"Gate, The",1987,Horror,,,Adrenalina
2453,"Boy Who Could Fly, The",1986,Drama|Fantasy,,,Domenica impegnativa
2454,"Fly, The",1958,Horror|Mystery|Sci-Fi,,,Adrenalina
2455,"Fly, The",1986,Drama|Horror|Sci-Fi|Thriller,,,Adrenalina
2456,"Fly II, The",1989,Horror|Sci-Fi,,,Adrenalina
2457,Running Scared,1986,Action|Comedy,6.5,17631,Comfort movie
2458,Armed and Dangerous,1986,Comedy|Crime,5.8,14248,Adrenalina
2459,"Texas Chainsaw Massacre, The",1974,Horror,,,Adrenalina
2460,"Texas Chainsaw Massacre 2, The",1986,Horror,,,Adrenalina
2461,Leatherface: Texas Chainsaw Massacre III,1990,Comedy|Horror|Thriller,5.0,22225,Adrenalina
2462,Texas Chainsaw Massacre: The Next Generation (a.k.a. The Return of the Texas Chainsaw Massacre),1994,Horror,,,Adrenalina
2463,Ruthless People,1986,Comedy,6.9,33401,Comfort movie
2464,Trick or Treat,1986,Horror,5.9,9493,Adrenalina
2467,"Name of the Rose, The (Name der Rose, Der)",1986,Crime|Drama|Mystery|Thriller,,,Adrenalina
2468,Jumpin' Jack Flash,1986,Action|Comedy|Romance|Thriller,6.0,22014,Adrenalina
2469,Peggy Sue Got Married,1986,Comedy|Drama,6.4,43433,Comfort movie
2470,Crocodile Dundee,1986,Adventure|Comedy,6.7,125500,Comfort movie
2471,Crocodile Dundee II,1988,Action|Adventure|Comedy,5.7,64943,Comfort movie
2472,Tough Guys,1986,Comedy,6.3,8497,Comfort movie
2473,Soul Man,1986,Comedy,5.3,9957,Comfort movie
2474,"Color of Money, The",1986,Drama,,,Domenica impegnativa
2475,52 Pick-Up,1986,Action|Mystery|Thriller,6.4,8494,Adrenalina
2476,Heartbreak Ridge,1986,Action|War,6.8,52966,Adrenalina
2477,Firewalker,1986,Adventure,5.2,9094,Venerdi leggero
2478,¡Three Amigos!,1986,Comedy|Western,6.5,93526,Comfort movie
2479,Gloria,1999,Drama|Thriller,5.2,6679,Adrenalina
2481,My Name Is Joe,1998,Drama|Romance,7.4,9402,Da vedere in due
2482,Still Crazy,1998,Comedy|Romance,7.0,9388,Da vedere in due
2483,"Day of the Beast, The (Día de la Bestia, El)",1995,Adventure|Comedy|Thriller,,,Adrenalina
2485,She's All That,1999,Comedy|Romance,6.0,114791,Da vedere in due
2487,"Blood, Guts, Bullets and Octane",1998,Action|Comedy,5.3,1201,Comfort movie
2488,Peeping Tom,1960,Drama|Horror|Thriller,7.6,44346,Adrenalina
2490,Payback,1999,Action|Thriller,7.0,154942,Adrenalina
2491,Simply Irresistible,1999,Comedy|Romance,5.3,15874,Da vedere in due
2492,20 Dates,1998,Comedy|Romance,5.6,1780,Da vedere in due
2493,"Harmonists, The",1997,Drama,,,Domenica impegnativa
2494,"Last Days, The",1998,Documentary,,,Domenica impegnativa
2495,"Fantastic Planet, The (Planète sauvage, La)",1973,Animation|Sci-Fi,,,Mente accesa
2496,Blast from the Past,1999,Comedy|Romance,6.7,78423,Da vedere in due
2497,Message in a Bottle,1999,Romance,6.3,42775,Da vedere in due
2498,My Favorite Martian,1999,Comedy|Sci-Fi,5.1,15255,Mente accesa
2499,God Said 'Ha!',1998,Comedy,7.2,1073,Comfort movie
2500,Jawbreaker,1999,Comedy,5.8,32695,Comfort movie
2501,October Sky,1999,Drama,7.8,113118,Domenica impegnativa
2502,Office Space,1999,Comedy|Crime,7.6,311760,Adrenalina
2504,200 Cigarettes,1999,Comedy|Drama,6.0,17306,Comfort movie
2505,8MM,1999,Drama|Mystery|Thriller,6.6,152720,Adrenalina
2506,"Other Sister, The",1999,Comedy|Drama|Romance,,,Da vedere in due
2507,Breakfast of Champions,1999,Comedy|Sci-Fi,4.6,8818,Mente accesa
2509,Eight Days a Week,1997,Comedy,5.9,3707,Comfort movie
2511,"Long Goodbye, The",1973,Crime|Film-Noir,,,Adrenalina
2513,Pet Sematary,1989,Horror,6.5,125437,Adrenalina
2514,Pet Sematary II,1992,Comedy|Horror,5.0,25598,Adrenalina
2515,Children of the Corn II: The Final Sacrifice,1993,Horror,,,Adrenalina
2516,Children of the Corn III,1994,Horror,,,Adrenalina
2517,Christine,1983,Horror,6.8,103872,Adrenalina
2518,Night Shift,1982,Comedy,6.5,20203,Comfort movie
2519,House on Haunted Hill,1959,Drama|Horror|Thriller,6.7,35222,Adrenalina
2520,Airport,1970,Drama,6.6,25144,Domenica impegnativa
2521,Airport 1975,1974,Action|Drama|Thriller,5.8,13701,Adrenalina
2522,Airport '77,1977,Drama,5.8,14082,Domenica impegnativa
2524,"Towering Inferno, The",1974,Action|Adventure|Drama|Thriller,,,Adrenalina
2525,Alligator,1980,Action|Horror|Sci-Fi,6.1,18749,Adrenalina
2526,Meteor,1979,Sci-Fi,5.1,9603,Mente accesa
2527,Westworld,1973,Action|Sci-Fi|Thriller|Western,6.9,68165,Adrenalina
2528,Logan's Run,1976,Action|Adventure|Sci-Fi,6.8,66445,Mente accesa
2529,Planet of the Apes,1968,Action|Drama|Sci-Fi,8.0,211252,Domenica impegnativa
2530,Beneath the Planet of the Apes,1970,Action|Sci-Fi,6.0,57026,Mente accesa
2531,Battle for the Planet of the Apes,1973,Action|Sci-Fi,5.4,38238,Mente accesa
2532,Conquest of the Planet of the Apes,1972,Action|Sci-Fi,6.1,40929,Mente accesa
2533,Escape from the Planet of the Apes,1971,Action|Sci-Fi,6.3,45175,Mente accesa
2535,Earthquake,1974,Action|Drama|Thriller,6.0,18555,Adrenalina
2536,"Concorde: Airport '79, The",1979,Drama,,,Domenica impegnativa
2537,Beyond the Poseidon Adventure,1979,Adventure,4.7,6621,Venerdi leggero
2539,Analyze This,1999,Comedy,6.7,170558,Comfort movie
2540,"Corruptor, The",1999,Action|Crime|Drama|Thriller,,,Adrenalina
2541,Cruel Intentions,1999,Drama,6.8,222597,Domenica impegnativa
2542,"Lock, Stock & Two Smoking Barrels",1998,Comedy|Crime|Thriller,,,Adrenalina
2543,Six Ways to Sunday,1997,Comedy,6.1,1843,Comfort movie
2545,Relax... It's Just Sex,1998,Comedy,6.7,1667,Comfort movie
2546,"Deep End of the Ocean, The",1999,Drama,,,Domenica impegnativa
2548,"Rage: Carrie 2, The",1999,Horror,,,Adrenalina
2549,Wing Commander,1999,Action|Sci-Fi,4.4,18293,Mente accesa
2550,"Haunting, The",1963,Horror|Thriller,,,Adrenalina
2551,Dead Ringers,1988,Drama|Horror|Thriller,7.2,59597,Adrenalina
2552,My Boyfriend's Back,1993,Comedy,5.5,5596,Comfort movie
2553,Village of the Damned,1960,Horror|Sci-Fi|Thriller,7.3,21586,Adrenalina
2554,Children of the Damned,1963,Horror|Sci-Fi|Thriller,,,Adrenalina
2555,Baby Geniuses,1999,Comedy,2.6,28531,Comfort movie
2556,Telling You,1998,Comedy|Drama|Romance,4.4,883,Da vedere in due
2558,Forces of Nature,1999,Comedy|Romance,5.5,37741,Da vedere in due
2559,"King and I, The",1999,Animation|Children,,,Comfort movie
2560,Ravenous,1999,Horror|Thriller,6.9,47058,Adrenalina
2561,True Crime,1999,Crime|Thriller,6.6,40347,Adrenalina
2563,Dangerous Beauty,1998,Drama,7.1,20940,Domenica impegnativa
2565,"King and I, The",1956,Drama|Musical|Romance,,,Da vedere in due
2566,Doug's 1st Movie,1999,Animation|Children,4.9,3823,Comfort movie
2567,EDtv,1999,Comedy,6.1,46984,Comfort movie
2568,"Mod Squad, The",1999,Action|Crime,,,Adrenalina
2570,"Walk on the Moon, A",1999,Drama|Romance,,,Da vedere in due
2571,"Matrix, The",1999,Action|Sci-Fi|Thriller,,,Adrenalina
2572,10 Things I Hate About You,1999,Comedy|Romance,7.4,461331,Da vedere in due
2574,"Out-of-Towners, The",1999,Comedy,,,Comfort movie
2575,"Dreamlife of Angels, The (Vie rêvée des anges, La)",1998,Drama,,,Domenica impegnativa
2579,Following,1998,Crime|Mystery|Thriller,7.4,114416,Adrenalina
2580,Go,1999,Comedy|Crime,7.2,80770,Adrenalina
2581,Never Been Kissed,1999,Comedy|Romance,6.0,103896,Da vedere in due
2582,Twin Dragons (Shuang long hui),1992,Action|Comedy,,,Comfort movie
2583,Cookie's Fortune,1999,Comedy|Drama,6.8,14399,Comfort movie
2584,Foolish,1999,Comedy,4.9,7452,Comfort movie
2585,"Lovers of the Arctic Circle, The (Los Amantes del Círculo Polar)",1998,Drama|Romance,,,Da vedere in due
2587,Life,1999,Comedy|Crime|Drama,6.8,61793,Adrenalina
2589,Friends & Lovers,1999,Comedy|Drama|Romance,4.4,1687,Da vedere in due
2590,Hideous Kinky,1998,Drama,6.0,7293,Domenica impegnativa
2593,"Monster, The (Mostro, Il)",1994,Comedy,,,Comfort movie
2594,Open Your Eyes (Abre los ojos),1997,Drama|Romance|Sci-Fi|Thriller,,,Adrenalina
2596,SLC Punk!,1998,Comedy|Drama,7.3,36343,Comfort movie
2598,Pushing Tin,1999,Comedy,6.0,32009,Comfort movie
2599,Election,1999,Comedy,7.2,112262,Comfort movie
2600,eXistenZ,1999,Action|Sci-Fi|Thriller,6.8,114712,Adrenalina
2605,Entrapment,1999,Crime|Thriller,6.3,130691,Adrenalina
2606,Idle Hands,1999,Comedy|Horror,6.3,50795,Adrenalina
2607,Get Real,1998,Drama|Romance,7.5,14033,Da vedere in due
2609,"King of Masks, The (Bian Lian)",1996,Drama,,,Domenica impegnativa
2611,"Winslow Boy, The",1999,Drama,,,Domenica impegnativa
2612,Mildred Pierce,1945,Drama|Film-Noir,7.9,31788,Domenica impegnativa
2613,Night of the Comet,1984,Comedy|Horror|Sci-Fi,6.3,27413,Adrenalina
2614,Chopping Mall (a.k.a. Killbots),1986,Action|Horror|Sci-Fi,,,Adrenalina
2615,My Science Project,1985,Adventure|Sci-Fi,6.0,7235,Mente accesa
2616,Dick Tracy,1990,Action|Crime,6.2,70744,Adrenalina
2617,"Mummy, The",1999,Action|Adventure|Comedy|Fantasy|Horror|Thriller,,,Adrenalina
2618,"Castle, The",1997,Comedy,,,Comfort movie
2621,Xiu Xiu: The Sent-Down Girl (Tian yu),1998,Drama,,,Domenica impegnativa
2622,William Shakespeare's A Midsummer Night's Dream,1999,Comedy|Fantasy,,,Comfort movie
2624,After Life (Wandafuru raifu),1998,Drama|Fantasy,,,Domenica impegnativa
2625,Black Mask (Hak hap),1996,Action|Adventure|Crime|Sci-Fi|Thriller,,,Adrenalina
2628,Star Wars: Episode I - The Phantom Menace,1999,Action|Adventure|Sci-Fi,6.5,938901,Mente accesa
2629,"Love Letter, The",1999,Comedy|Romance,,,Da vedere in due
2633,"Mummy, The",1932,Horror|Romance,,,Adrenalina
2634,"Mummy, The",1959,Horror,,,Adrenalina
2635,"Mummy's Curse, The",1944,Horror,,,Adrenalina
2637,"Mummy's Hand, The",1940,Horror,,,Adrenalina
2638,"Mummy's Tomb, The",1942,Horror,,,Adrenalina
2639,Mommie Dearest,1981,Drama,6.7,20305,Domenica impegnativa
2640,Superman,1978,Action|Adventure|Sci-Fi,7.4,208906,Mente accesa
2641,Superman II,1980,Action|Sci-Fi,6.8,124868,Mente accesa
2642,Superman III,1983,Action|Adventure|Sci-Fi,5.0,81193,Mente accesa
2643,Superman IV: The Quest for Peace,1987,Action|Adventure|Sci-Fi,3.8,58191,Mente accesa
2644,Dracula,1931,Horror,7.3,65431,Adrenalina
2646,House of Dracula,1945,Horror,5.7,6904,Adrenalina
2647,House of Frankenstein,1944,Horror,6.2,8765,Adrenalina
2648,Frankenstein,1931,Drama|Horror|Sci-Fi,7.7,88686,Adrenalina
2649,Son of Frankenstein,1939,Horror,7.1,13575,Adrenalina
2651,Frankenstein Meets the Wolf Man,1943,Horror,6.4,11142,Adrenalina
2652,"Curse of Frankenstein, The",1957,Horror,,,Adrenalina
2653,Son of Dracula,1943,Horror,6.0,7137,Adrenalina
2654,"Wolf Man, The",1941,Drama|Fantasy|Horror,,,Adrenalina
2656,Tarantula,1955,Horror|Sci-Fi,6.4,12089,Adrenalina
2657,"Rocky Horror Picture Show, The",1975,Comedy|Horror|Musical|Sci-Fi,,,Adrenalina
2659,It Came from Hollywood,1982,Comedy|Documentary,5.8,1083,Domenica impegnativa
2660,"Thing from Another World, The",1951,Horror|Sci-Fi,,,Adrenalina
2661,It Came from Outer Space,1953,Sci-Fi,6.5,13022,Mente accesa
2662,"War of the Worlds, The",1953,Action|Drama|Sci-Fi,,,Domenica impegnativa
2663,It Came from Beneath the Sea,1955,Sci-Fi,5.9,7271,Mente accesa
2664,Invasion of the Body Snatchers,1956,Horror|Sci-Fi|Thriller,7.7,60529,Adrenalina
2668,Swamp Thing,1982,Horror|Sci-Fi,5.3,19234,Adrenalina
2669,Pork Chop Hill,1959,War,7.0,5905,Adrenalina
2670,Run Silent Run Deep,1958,War,7.3,14971,Adrenalina
2671,Notting Hill,1999,Comedy|Romance,7.2,390323,Da vedere in due
2672,"Thirteenth Floor, The",1999,Drama|Sci-Fi|Thriller,,,Adrenalina
2676,Instinct,1999,Drama|Thriller,6.6,35694,Adrenalina
2677,Buena Vista Social Club,1999,Documentary|Musical,7.6,21132,Domenica impegnativa
2679,Finding North,1998,Comedy|Drama|Romance,6.3,351,Da vedere in due
2681,Free Enterprise,1998,Comedy|Romance|Sci-Fi,6.7,3464,Da vedere in due
2682,Limbo,1999,Drama,6.9,6715,Domenica impegnativa
2683,Austin Powers: The Spy Who Shagged Me,1999,Action|Adventure|Comedy,6.7,264779,Comfort movie
2686,"Red Violin, The (Violon rouge, Le)",1998,Drama|Mystery,,,Domenica impegnativa
2687,Tarzan,1999,Adventure|Animation|Children|Drama,7.3,272182,Comfort movie
2688,"General's Daughter, The",1999,Crime|Drama|Mystery|Thriller,,,Adrenalina
2689,Get Bruce,1999,Documentary,6.2,731,Domenica impegnativa
2690,"Ideal Husband, An",1999,Comedy|Romance,,,Da vedere in due
2691,"Legend of 1900, The (a.k.a. The Legend of the Pianist on the Ocean) (Leggenda del pianista sull'oceano)",1998,Drama,,,Domenica impegnativa
2692,Run Lola Run (Lola rennt),1998,Action|Crime,,,Adrenalina
2693,Trekkies,1997,Documentary,6.9,5140,Domenica impegnativa
2694,Big Daddy,1999,Comedy,6.5,254211,Comfort movie
2695,"Boys, The",1998,Drama,,,Domenica impegnativa
2696,"Dinner Game, The (Dîner de cons, Le)",1998,Comedy,,,Comfort movie
2697,My Son the Fanatic,1997,Comedy|Drama|Romance,6.8,1712,Da vedere in due
2699,Arachnophobia,1990,Comedy|Horror,6.5,81450,Adrenalina
2700,"South Park: Bigger, Longer and Uncut",1999,Animation|Comedy|Musical,,,Comfort movie
2701,Wild Wild West,1999,Action|Comedy|Sci-Fi|Western,5.0,174696,Mente accesa
2702,Summer of Sam,1999,Drama,6.7,44530,Domenica impegnativa
2705,"Late August, Early September (Fin août, début septembre)",1998,Drama,,,Domenica impegnativa
2706,American Pie,1999,Comedy|Romance,7.0,473065,Da vedere in due
2707,Arlington Road,1999,Thriller,7.2,100369,Adrenalina
2709,Muppets From Space,1999,Children|Comedy,6.3,22119,Comfort movie
2710,"Blair Witch Project, The",1999,Drama|Horror|Thriller,,,Adrenalina
2711,My Life So Far,1999,Drama,6.5,3228,Domenica impegnativa
2712,Eyes Wide Shut,1999,Drama|Mystery|Thriller,7.5,438538,Adrenalina
2713,Lake Placid,1999,Horror|Thriller,5.8,70246,Adrenalina
2714,"Wood, The",1999,Drama,,,Domenica impegnativa
2716,Ghostbusters (a.k.a. Ghost Busters),1984,Action|Comedy|Sci-Fi,,,Mente accesa
2717,Ghostbusters II,1989,Comedy|Fantasy|Sci-Fi,6.6,241646,Mente accesa
2718,Drop Dead Gorgeous,1999,Comedy,6.7,45666,Comfort movie
2719,"Haunting, The",1999,Horror|Thriller,,,Adrenalina
2720,Inspector Gadget,1999,Action|Adventure|Children|Comedy,4.2,54348,Comfort movie
2721,Trick,1999,Comedy|Romance,7.2,10033,Da vedere in due
2722,Deep Blue Sea,1999,Action|Horror|Sci-Fi|Thriller,6.0,153163,Adrenalina
2723,Mystery Men,1999,Action|Comedy|Fantasy,6.1,74475,Comfort movie
2724,Runaway Bride,1999,Comedy|Romance,5.6,111824,Da vedere in due
2725,Twin Falls Idaho,1999,Drama,7.1,4116,Domenica impegnativa
2726,"Killing, The",1956,Crime|Film-Noir,,,Adrenalina
2727,Killer's Kiss,1955,Crime|Film-Noir,6.5,28620,Adrenalina
2728,Spartacus,1960,Action|Drama|Romance|War,7.9,152382,Adrenalina
2729,Lolita,1962,Drama|Romance,7.5,117174,Da vedere in due
2730,Barry Lyndon,1975,Drama|Romance|War,8.1,208269,Adrenalina
2731,"400 Blows, The (Les quatre cents coups)",1959,Crime|Drama,,,Adrenalina
2732,Jules and Jim (Jules et Jim),1961,Drama|Romance,,,Da vedere in due
2733,Vibes,1988,Adventure|Comedy|Romance,5.7,5761,Da vedere in due
2734,"Mosquito Coast, The",1986,Adventure|Drama|Thriller,,,Adrenalina
2735,"Golden Child, The",1986,Action|Adventure|Comedy|Fantasy|Mystery,,,Mente accesa
2736,Brighton Beach Memoirs,1986,Comedy,6.8,4191,Comfort movie
2737,Assassination,1987,Action|Drama|Thriller,5.2,4293,Adrenalina
2738,Crimes of the Heart,1986,Comedy|Drama,6.3,5048,Comfort movie
2739,"Color Purple, The",1985,Drama,,,Domenica impegnativa
2741,No Mercy,1986,Action|Crime|Thriller,5.7,9437,Adrenalina
2743,Native Son,1986,Drama,6.0,667,Domenica impegnativa
2744,Otello,1986,Drama,6.9,671,Domenica impegnativa
2745,"Mission, The",1986,Drama,,,Domenica impegnativa
2746,Little Shop of Horrors,1986,Comedy|Horror|Musical,7.1,95914,Adrenalina
2747,"Little Shop of Horrors, The",1960,Comedy|Horror,,,Adrenalina
2748,Allan Quatermain and the Lost City of Gold,1987,Action|Adventure|Comedy,,,Comfort movie
2749,"Morning After, The",1986,Drama|Mystery,,,Domenica impegnativa
2750,Radio Days,1987,Comedy|Drama,7.4,39132,Comfort movie
2752,Outrageous Fortune,1987,Comedy|Mystery,6.2,9369,Mente accesa
2753,"Bedroom Window, The",1987,Thriller,,,Adrenalina
2755,Light of Day,1987,Drama,5.6,3615,Domenica impegnativa
2756,Wanted: Dead or Alive,1987,Action,,,Venerdi leggero
2757,Frances,1982,Drama,7.2,9475,Domenica impegnativa
2759,Dick,1999,Comedy,6.2,22902,Comfort movie
2761,"Iron Giant, The",1999,Adventure|Animation|Children|Drama|Sci-Fi,,,Mente accesa
2762,"Sixth Sense, The",1999,Drama|Horror|Mystery,,,Adrenalina
2763,"Thomas Crown Affair, The",1999,Action|Mystery,,,Mente accesa
2764,"Thomas Crown Affair, The",1968,Crime|Drama|Romance|Thriller,,,Adrenalina
2765,"Acid House, The",1998,Comedy|Drama,,,Comfort movie
2766,"Adventures of Sebastian Cole, The",1998,Comedy|Drama,,,Comfort movie
2767,Illuminata,1998,Comedy,6.0,1815,Comfort movie
2769,"Yards, The",2000,Crime|Drama,,,Adrenalina
2770,Bowfinger,1999,Comedy,6.5,78298,Comfort movie
2771,Brokedown Palace,1999,Drama,6.4,25317,Domenica impegnativa
2772,Detroit Rock City,1999,Comedy,6.8,41986,Comfort movie
2777,Cobra,1925,Drama,6.4,814,Domenica impegnativa
2779,Heaven Can Wait,1978,Comedy,6.9,25972,Comfort movie
2780,"Raven, The",1963,Comedy|Horror,,,Adrenalina
2781,"Tingler, The",1959,Horror,,,Adrenalina
2782,Pit and the Pendulum,1961,Horror,7.0,18893,Adrenalina
2784,"Masque of the Red Death, The",1964,Horror,,,Adrenalina
2785,Tales of Terror,1962,Horror,6.8,9521,Adrenalina
2786,Haunted Honeymoon,1986,Comedy,5.7,8880,Comfort movie
2787,Cat's Eye,1985,Horror,6.3,30953,Adrenalina
2788,Monty Python's And Now for Something Completely Different,1971,Comedy,7.5,32901,Comfort movie
2789,Damien: Omen II,1978,Horror,6.2,40477,Adrenalina
2790,"Final Conflict, The (a.k.a. Omen III: The Final Conflict)",1981,Horror|Thriller,,,Adrenalina
2791,Airplane!,1980,Comedy,7.7,292576,Comfort movie
2792,Airplane II: The Sequel,1982,Comedy,6.2,61517,Comfort movie
2793,"American Werewolf in Paris, An",1997,Comedy|Horror|Romance|Thriller,,,Adrenalina
2794,European Vacation (aka National Lampoon's European Vacation),1985,Adventure|Comedy|Romance,,,Da vedere in due
2795,National Lampoon's Vacation,1983,Comedy,7.3,129698,Comfort movie
2796,Funny Farm,1988,Comedy,6.2,25774,Comfort movie
2797,Big,1988,Comedy|Drama|Fantasy|Romance,7.3,263577,Da vedere in due
2798,Problem Child,1990,Children|Comedy,5.5,35921,Comfort movie
2799,Problem Child 2,1991,Comedy,5.0,25415,Comfort movie
2800,Little Nemo: Adventures in Slumberland,1992,Adventure|Animation|Children|Drama|Fantasy,,,Comfort movie
2801,Oscar and Lucinda (a.k.a. Oscar & Lucinda),1997,Drama|Romance,,,Da vedere in due
2802,Tequila Sunrise,1988,Action|Drama|Romance|Thriller,6.1,36616,Adrenalina
2803,"Pelican Brief, The",1993,Crime|Drama|Mystery|Romance|Thriller,,,Adrenalina
2804,"Christmas Story, A",1983,Children|Comedy,,,Comfort movie
2805,Mickey Blue Eyes,1999,Comedy|Romance,5.9,39773,Da vedere in due
2806,Teaching Mrs. Tingle,1999,Comedy|Thriller,5.4,22764,Adrenalina
2807,Universal Soldier: The Return,1999,Action|Sci-Fi,4.2,32280,Mente accesa
2808,Universal Soldier,1992,Action|Sci-Fi,6.1,102717,Mente accesa
2810,Perfect Blue,1997,Animation|Horror|Mystery|Thriller,8.0,126965,Adrenalina
2812,In Too Deep,1999,Action|Thriller,6.2,7626,Adrenalina
2815,Iron Eagle,1986,Action|War,5.6,17291,Adrenalina
2816,Iron Eagle II,1988,Action|War,3.9,5765,Adrenalina
2817,Aces: Iron Eagle III,1992,Action,3.8,3355,Venerdi leggero
2818,Iron Eagle IV,1995,Action|War,3.4,1595,Adrenalina
2819,Three Days of the Condor (3 Days of the Condor),1975,Drama|Mystery|Romance|Thriller,,,Adrenalina
2820,Hamlet,1964,Drama,8.2,3268,Domenica impegnativa
2822,Medicine Man,1992,Adventure|Romance,6.0,26424,Da vedere in due
2826,"13th Warrior, The",1999,Action|Adventure|Fantasy,,,Venerdi leggero
2827,"Astronaut's Wife, The",1999,Horror|Sci-Fi|Thriller,,,Adrenalina
2828,Dudley Do-Right,1999,Children|Comedy,4.0,11951,Comfort movie
2829,"Muse, The",1999,Comedy,,,Comfort movie
2835,Chill Factor,1999,Action|Adventure|Comedy|Thriller,5.3,10415,Adrenalina
2836,Outside Providence,1999,Comedy,6.4,9884,Comfort movie
2840,Stigmata,1999,Drama|Thriller,6.2,78046,Adrenalina
2841,Stir of Echoes,1999,Horror|Mystery|Thriller,6.9,93688,Adrenalina
2843,"Black Cat, White Cat (Crna macka, beli macor)",1998,Comedy|Romance,,,Da vedere in due
2844,"Minus Man, The",1999,Drama|Mystery,,,Domenica impegnativa
2846,"Adventures of Milo and Otis, The (Koneko monogatari)",1986,Adventure|Children|Comedy|Drama,,,Comfort movie
2847,Only Angels Have Wings,1939,Adventure|Drama|Romance,7.6,17660,Da vedere in due
2848,"Othello (Tragedy of Othello: The Moor of Venice, The)",1952,Drama,,,Domenica impegnativa
2849,Queens Logic,1991,Comedy|Drama,5.7,2011,Comfort movie
2851,Saturn 3,1980,Adventure|Sci-Fi|Thriller,5.1,11843,Adrenalina
2852,"Soldier's Story, A",1984,Drama,,,Domenica impegnativa
2853,"Alice, Sweet Alice (a.k.a. Communion) (a.k.a. Holy Terror)",1976,Horror|Mystery,,,Adrenalina
2854,Don't Look in the Basement!,1973,Horror,4.9,3817,Adrenalina
2856,I Saw What You Did,1965,Thriller,6.2,3802,Adrenalina
2857,Yellow Submarine,1968,Adventure|Animation|Comedy|Fantasy|Musical,7.4,30150,Comfort movie
2858,American Beauty,1999,Comedy|Drama,8.3,1288320,Comfort movie
2859,Stop Making Sense,1984,Documentary|Musical,8.7,24535,Domenica impegnativa
2860,Blue Streak,1999,Comedy,6.4,93969,Comfort movie
2861,For Love of the Game,1999,Comedy|Drama,6.6,40663,Comfort movie
2862,Caligula,1979,Drama,5.4,42225,Domenica impegnativa
2863,"Hard Day's Night, A",1964,Adventure|Comedy|Musical,,,Comfort movie
2864,Splendor,1999,Comedy,6.1,3952,Comfort movie
2866,"Buddy Holly Story, The",1978,Drama,,,Domenica impegnativa
2867,Fright Night,1985,Comedy|Horror|Thriller,7.0,89150,Adrenalina
2868,Fright Night Part II,1988,Horror,,,Adrenalina
2870,Barefoot in the Park,1967,Comedy,7.0,23101,Comfort movie
2871,Deliverance,1972,Adventure|Drama|Thriller,7.6,130151,Adrenalina
2872,Excalibur,1981,Adventure|Fantasy,7.3,74824,Venerdi leggero
2874,"Pajama Game, The",1957,Comedy|Musical|Romance,,,Da vedere in due
2875,Sommersby,1993,Drama|Mystery|Romance,6.3,23809,Da vedere in due
2876,Thumbelina,1994,Animation|Children|Fantasy,6.3,20461,Comfort movie
2877,Tommy,1975,Drama|Musical,6.6,24710,Comfort movie
2879,Armour of God II: Operation Condor (Operation Condor) (Fei ying gai wak),1991,Action|Adventure|Comedy,,,Comfort movie
2880,Armour of God (Long xiong hu di),1987,Action|Adventure|Comedy,,,Comfort movie
2881,Double Jeopardy,1999,Action|Crime|Drama|Thriller,6.6,106925,Adrenalina
2882,Jakob the Liar,1999,Drama,6.5,17544,Domenica impegnativa
2883,Mumford,1999,Comedy|Drama,6.8,9830,Comfort movie
2884,Dog Park,1998,Comedy|Romance,5.2,2326,Da vedere in due
2888,Drive Me Crazy,1999,Comedy|Romance,5.8,23298,Da vedere in due
2889,"Mystery, Alaska",1999,Comedy|Drama,6.7,29850,Comfort movie
2890,Three Kings,1999,Action|Adventure|Comedy|Drama|War,7.1,187360,Adrenalina
2891,"Happy, Texas",1999,Comedy,6.3,10703,Comfort movie
2892,New Rose Hotel,1998,Action|Drama,5.2,7284,Domenica impegnativa
2893,Plunkett & MaCleane,1999,Action|Adventure|Drama,6.3,10853,Domenica impegnativa
2894,Romance,1999,Drama|Romance,5.2,13478,Da vedere in due
2896,Alvarez Kelly,1966,Western,6.3,3020,Venerdi leggero
2898,"Dark Half, The",1993,Horror|Mystery,,,Adrenalina
2899,Gulliver's Travels,1939,Adventure|Animation|Children,6.6,5483,Comfort movie
2900,Monkey Shines,1988,Horror|Sci-Fi,6.2,14884,Adrenalina
2901,Phantasm,1979,Horror|Sci-Fi,6.6,45514,Adrenalina
2902,Psycho II,1983,Horror|Mystery|Thriller,6.6,35680,Adrenalina
2903,Psycho III,1986,Horror|Thriller,5.5,18686,Adrenalina
2904,Rain,1932,Drama,6.9,3553,Domenica impegnativa
2905,Sanjuro (Tsubaki Sanjûrô),1962,Action|Adventure|Drama,,,Domenica impegnativa
2906,Random Hearts,1999,Drama|Romance,5.4,25525,Da vedere in due
2907,Superstar,1999,Comedy,5.3,21730,Comfort movie
2908,Boys Don't Cry,1999,Drama,7.5,108268,Domenica impegnativa
2909,"Five Wives, Three Secretaries and Me",1998,Documentary,7.2,62,Domenica impegnativa
2912,"Limey, The",1999,Crime|Drama|Thriller,,,Adrenalina
2913,"Mating Habits of the Earthbound Human, The",1999,Comedy|Sci-Fi,,,Mente accesa
2915,Risky Business,1983,Comedy,6.8,109687,Comfort movie
2916,Total Recall,1990,Action|Adventure|Sci-Fi|Thriller,7.5,384888,Adrenalina
2917,Body Heat,1981,Crime|Thriller,7.4,44818,Adrenalina
2918,Ferris Bueller's Day Off,1986,Comedy,7.8,420598,Comfort movie
2919,"Year of Living Dangerously, The",1982,Drama|Romance|War,,,Adrenalina
2920,Children of Paradise (Les enfants du paradis),1945,Drama|Romance,,,Da vedere in due
2921,High Plains Drifter,1973,Western,7.4,74207,Venerdi leggero
2922,Hang 'Em High,1968,Crime|Drama|Western,7.0,48972,Adrenalina
2924,Drunken Master (Jui kuen),1978,Action|Comedy,,,Comfort movie
2925,"Conformist, The (Conformista, Il)",1970,Drama,,,Domenica impegnativa
2926,Hairspray,1988,Comedy|Drama,7.0,25739,Comfort movie
2927,Brief Encounter,1946,Drama|Romance,,,Da vedere in due
2928,"Razor's Edge, The",1984,Drama,,,Domenica impegnativa
2929,Reds,1981,Drama|Romance,7.3,27046,Da vedere in due
2930,Return with Honor,1998,Documentary,8.2,269,Domenica impegnativa
2931,Time of the Gypsies (Dom za vesanje),1989,Comedy|Crime|Drama|Fantasy,,,Adrenalina
2932,Days of Heaven,1978,Drama,7.7,69987,Domenica impegnativa
2935,"Lady Eve, The",1941,Comedy|Romance,,,Da vedere in due
2936,Sullivan's Travels,1941,Adventure|Comedy|Romance,7.9,31190,Da vedere in due
2937,"Palm Beach Story, The",1942,Comedy,,,Comfort movie
2939,Niagara,1953,Drama|Thriller,7.0,22800,Adrenalina
2940,Gilda,1946,Drama|Film-Noir|Mystery|Romance,7.6,37808,Da vedere in due
2941,South Pacific,1958,Musical|Romance|War,6.8,11161,Adrenalina
2942,Flashdance,1983,Drama|Romance,6.2,65144,Da vedere in due
2943,Indochine,1992,Drama|Romance,7.0,11850,Da vedere in due
2944,"Dirty Dozen, The",1967,Action|Drama|War,,,Adrenalina
2945,Mike's Murder,1984,Mystery,5.7,1438,Mente accesa
2946,Help!,1965,Comedy|Musical,7.1,21427,Comfort movie
2947,Goldfinger,1964,Action|Adventure|Thriller,7.7,219846,Adrenalina
2948,From Russia with Love,1963,Action|Adventure|Thriller,7.3,160704,Adrenalina
2949,Dr. No,1962,Action|Adventure|Thriller,7.2,197875,Adrenalina
2950,"Blue Lagoon, The",1980,Adventure|Drama|Romance,,,Da vedere in due
2951,"Fistful of Dollars, A (Per un pugno di dollari)",1964,Action|Western,,,Venerdi leggero
2952,Sydney (Hard Eight),1996,Crime|Drama|Thriller,,,Adrenalina
2953,Home Alone 2: Lost in New York,1992,Children|Comedy,6.9,462378,Comfort movie
2955,Penitentiary II,1982,Drama,4.5,889,Domenica impegnativa
2956,Someone to Watch Over Me,1987,Action|Crime|Thriller,6.1,13454,Adrenalina
2959,Fight Club,1999,Action|Crime|Drama|Thriller,8.8,2660917,Adrenalina
2961,"Story of Us, The",1999,Comedy|Drama,,,Comfort movie
2965,"Omega Code, The",1999,Action,,,Venerdi leggero
2966,"Straight Story, The",1999,Adventure|Drama,,,Domenica impegnativa
2967,"Bad Seed, The",1956,Drama|Thriller,,,Adrenalina
2968,Time Bandits,1981,Adventure|Comedy|Fantasy|Sci-Fi,6.9,74924,Mente accesa
2969,"Man and a Woman, A (Un homme et une femme)",1966,Drama|Romance,,,Da vedere in due
2970,Fitzcarraldo,1982,Adventure|Drama,7.9,43672,Domenica impegnativa
2971,All That Jazz,1979,Drama|Fantasy|Musical,7.8,41272,Comfort movie
2973,Crimes and Misdemeanors,1989,Comedy|Crime|Drama,7.8,63772,Adrenalina
2974,Bats,1999,Horror|Thriller,4.1,12228,Adrenalina
2975,"Best Man, The",1999,Comedy|Drama,,,Comfort movie
2976,Bringing Out the Dead,1999,Drama,6.8,82009,Domenica impegnativa
2977,Crazy in Alabama,1999,Comedy|Drama,6.3,7795,Comfort movie
2978,Three to Tango,1999,Comedy|Romance,6.1,20966,Da vedere in due
2979,Body Shots,1999,Drama,4.9,5798,Domenica impegnativa
2982,"Guardian, The",1990,Horror|Thriller,,,Adrenalina
2983,"Ipcress File, The",1965,Thriller,,,Adrenalina
2984,On Any Sunday,1971,Documentary,7.7,1743,Domenica impegnativa
2985,RoboCop,1987,Action|Crime|Drama|Sci-Fi|Thriller,7.6,312385,Adrenalina
2986,RoboCop 2,1990,Action|Crime|Sci-Fi|Thriller,5.9,100993,Adrenalina
2987,Who Framed Roger Rabbit?,1988,Adventure|Animation|Children|Comedy|Crime|Fantasy|Mystery,7.7,235276,Adrenalina
2988,Melvin and Howard,1980,Drama,6.8,5821,Domenica impegnativa
2989,For Your Eyes Only,1981,Action|Adventure|Thriller,6.7,117604,Adrenalina
2990,Licence to Kill,1989,Action|Adventure|Thriller,6.7,121754,Adrenalina
2991,Live and Let Die,1973,Action|Adventure|Thriller,6.7,125988,Adrenalina
2992,Rawhead Rex,1986,Horror|Thriller,5.2,7619,Adrenalina
2993,Thunderball,1965,Action|Adventure|Thriller,6.9,139275,Adrenalina
2995,House on Haunted Hill,1999,Horror|Thriller,5.6,64480,Adrenalina
2996,Music of the Heart,1999,Drama,6.7,13988,Domenica impegnativa
2997,Being John Malkovich,1999,Comedy|Drama|Fantasy,7.7,371352,Comfort movie
2999,Man of the Century,1999,Comedy,7.0,1288,Comfort movie
3000,Princess Mononoke (Mononoke-hime),1997,Action|Adventure|Animation|Drama|Fantasy,,,Comfort movie
3002,My Best Fiend (Mein liebster Feind),1999,Documentary,,,Domenica impegnativa
3004,"Bachelor, The",1999,Comedy|Romance,,,Da vedere in due
3005,"Bone Collector, The",1999,Thriller,,,Adrenalina
3006,"Insider, The",1999,Drama|Thriller,,,Adrenalina
3007,American Movie,1999,Documentary,7.8,21300,Domenica impegnativa
3008,Last Night,1998,Drama|Sci-Fi,7.1,10597,Domenica impegnativa
3010,Rosetta,1999,Drama,7.4,17365,Domenica impegnativa
3011,"They Shoot Horses, Don't They?",1969,Drama,7.8,22021,Domenica impegnativa
3013,Bride of Re-Animator,1990,Comedy|Horror,6.2,19330,Adrenalina
3014,Bustin' Loose,1981,Comedy,6.1,4128,Comfort movie
3015,Coma,1978,Thriller,6.9,23189,Adrenalina
3016,Creepshow,1982,Horror,6.8,58296,Adrenalina
3017,Creepshow 2,1987,Horror,6.1,31195,Adrenalina
3018,Re-Animator,1985,Comedy|Horror|Sci-Fi,7.1,79548,Adrenalina
3019,Drugstore Cowboy,1989,Crime|Drama,7.2,43422,Adrenalina
3020,Falling Down,1993,Action|Drama,7.5,229221,Domenica impegnativa
3022,"General, The",1926,Comedy|War,,,Adrenalina
3024,Piranha,1978,Horror|Sci-Fi,5.9,28483,Adrenalina
3028,"Taming of the Shrew, The",1967,Comedy,,,Comfort movie
3029,Nighthawks,1981,Action|Drama,6.3,23897,Domenica impegnativa
3030,Yojimbo,1961,Action|Adventure,8.2,144703,Venerdi leggero
3032,"Omega Man, The",1971,Action|Drama|Sci-Fi|Thriller,,,Adrenalina
3033,Spaceballs,1987,Comedy|Sci-Fi,7.1,228851,Mente accesa
3034,Robin Hood,1973,Adventure|Animation|Children|Comedy|Musical,7.5,151944,Comfort movie
3035,Mister Roberts,1955,Comedy|Drama|War,7.6,19842,Adrenalina
3036,"Quest for Fire (Guerre du feu, La)",1981,Adventure|Drama,,,Domenica impegnativa
3037,Little Big Man,1970,Western,7.5,40762,Venerdi leggero
3038,"Face in the Crowd, A",1957,Drama,,,Domenica impegnativa
3039,Trading Places,1983,Comedy,7.5,184589,Comfort movie
3040,Meatballs,1979,Comedy,6.2,26441,Comfort movie
3041,Meatballs Part II,1984,Comedy,3.9,3208,Comfort movie
3042,Meatballs III,1987,Comedy,,,Comfort movie
3043,Meatballs 4,1992,Comedy,,,Comfort movie
3044,Dead Again,1991,Mystery|Romance|Thriller,6.8,33062,Adrenalina
3045,Peter's Friends,1992,Comedy|Drama,7.0,13222,Comfort movie
3046,"Incredibly True Adventure of Two Girls in Love, The",1995,Comedy|Romance,,,Da vedere in due
3049,How I Won the War,1967,Comedy|War,5.5,2694,Adrenalina
3051,Anywhere But Here,1999,Comedy|Drama,6.2,19608,Comfort movie
3052,Dogma,1999,Adventure|Comedy|Fantasy,7.3,242777,Comfort movie
3053,"Messenger: The Story of Joan of Arc, The",1999,Drama|War,,,Adrenalina
3054,Pokémon: The First Movie,1998,Adventure|Animation|Children|Fantasy|Sci-Fi,,,Mente accesa
3055,Felicia's Journey,1999,Thriller,7.0,8818,Adrenalina
3056,Oxygen,1999,Crime|Drama|Thriller,6.0,5079,Adrenalina
3060,"Commitments, The",1991,Comedy|Drama|Musical,,,Comfort movie
3061,Holiday Inn,1942,Comedy|Musical,7.3,19626,Comfort movie
3062,"Longest Day, The",1962,Action|Drama|War,,,Adrenalina
3063,Poison Ivy,1992,Drama|Thriller,5.4,21775,Adrenalina
3064,Poison Ivy: New Seduction,1997,Drama|Thriller,,,Adrenalina
3066,Tora! Tora! Tora!,1970,Action|Drama|War,7.5,40204,Adrenalina
3067,Women on the Verge of a Nervous Breakdown (Mujeres al borde de un ataque de nervios),1988,Comedy|Drama,,,Comfort movie
3068,"Verdict, The",1982,Drama|Mystery,,,Domenica impegnativa
3069,"Effect of Gamma Rays on Man-in-the-Moon Marigolds, The",1972,Drama,,,Domenica impegnativa
3070,"Adventures of Buckaroo Banzai Across the 8th Dimension, The",1984,Adventure|Comedy|Sci-Fi,,,Mente accesa
3071,Stand and Deliver,1988,Comedy|Drama,7.3,22741,Comfort movie
3072,Moonstruck,1987,Comedy|Romance,7.2,79408,Da vedere in due
3073,"Sandpiper, The",1965,Drama|Romance,,,Da vedere in due
3074,Jeremiah Johnson,1972,Western,7.6,40190,Venerdi leggero
3075,Repulsion,1965,Drama|Horror,7.5,61817,Adrenalina
3076,Irma la Douce,1963,Comedy,7.3,24523,Comfort movie
3077,42 Up,1998,Documentary,8.1,2983,Domenica impegnativa
3078,Liberty Heights,1999,Drama,7.0,7364,Domenica impegnativa
3079,Mansfield Park,1999,Comedy|Drama|Romance,7.0,28191,Da vedere in due
3081,Sleepy Hollow,1999,Fantasy|Horror|Mystery|Romance,7.3,416223,Adrenalina
3082,"World Is Not Enough, The",1999,Action|Adventure|Thriller,,,Adrenalina
3083,All About My Mother (Todo sobre mi madre),1999,Drama,,,Domenica impegnativa
3086,March of the Wooden Soldiers (a.k.a. Babes in Toyland),1934,Children|Comedy|Fantasy,,,Comfort movie
3087,Scrooged,1988,Comedy|Fantasy|Romance,6.9,129700,Da vedere in due
3088,Harvey,1950,Comedy|Fantasy,7.9,61382,Comfort movie
3089,Bicycle Thieves (a.k.a. The Bicycle Thief) (a.k.a. The Bicycle Thieves) (Ladri di biciclette),1948,Drama,,,Domenica impegnativa
3090,Matewan,1987,Drama,7.9,10744,Domenica impegnativa
3091,Kagemusha,1980,Drama|War,7.9,41366,Adrenalina
3093,McCabe & Mrs. Miller,1971,Drama|Western,7.6,30770,Domenica impegnativa
3094,Maurice,1987,Drama|Romance,7.6,27627,Da vedere in due
3095,"Grapes of Wrath, The",1940,Drama,,,Domenica impegnativa
3096,My Man Godfrey,1957,Comedy,6.3,1305,Comfort movie
3097,"Shop Around the Corner, The",1940,Comedy|Drama|Romance,,,Da vedere in due
3098,"Natural, The",1984,Drama,,,Domenica impegnativa
3099,Shampoo,1975,Comedy|Drama|Romance,6.4,16126,Da vedere in due
3100,"River Runs Through It, A",1992,Drama,,,Domenica impegnativa
3101,Fatal Attraction,1987,Drama|Thriller,6.9,112951,Adrenalina
3102,Jagged Edge,1985,Crime|Romance|Thriller,6.5,18834,Adrenalina
3103,Stanley & Iris,1990,Drama|Romance,6.4,9546,Da vedere in due
3104,Midnight Run,1988,Action|Comedy|Crime|Thriller,7.5,105292,Adrenalina
3105,Awakenings,1990,Drama|Mystery,7.8,178799,Domenica impegnativa
3107,Backdraft,1991,Action|Drama,6.7,94976,Domenica impegnativa
3108,"Fisher King, The",1991,Comedy|Drama|Fantasy|Romance,,,Da vedere in due
3109,"River, The",1984,Drama,,,Domenica impegnativa
3110,Country,1984,Drama,6.6,2440,Domenica impegnativa
3111,Places in the Heart,1984,Drama,7.4,15927,Domenica impegnativa
3112,'night Mother,1986,Drama,7.5,2839,Domenica impegnativa
3113,End of Days,1999,Action|Fantasy|Horror|Mystery|Thriller,5.8,123694,Adrenalina
3114,Toy Story 2,1999,Adventure|Animation|Children|Comedy|Fantasy,7.9,684221,Comfort movie
3115,Flawless,1999,Drama,6.4,21285,Domenica impegnativa
3116,Miss Julie,1999,Drama,6.1,1693,Domenica impegnativa
3117,Ride with the Devil,1999,Drama|Romance|War,6.7,15347,Adrenalina
3118,Tumbleweeds,1999,Drama,6.7,3801,Domenica impegnativa
3119,Bay of Blood (a.k.a. Twitch of the Death Nerve) (Reazione a catena),1971,Horror,,,Adrenalina
3120,"Distinguished Gentleman, The",1992,Comedy,,,Comfort movie
3122,Santa Fe Trail,1940,Drama|Romance|Western,6.2,4667,Da vedere in due
3124,Agnes Browne,1999,Comedy|Drama,6.5,2275,Comfort movie
3125,"End of the Affair, The",1999,Drama,,,Domenica impegnativa
3126,"End of the Affair, The",1955,Drama,,,Domenica impegnativa
3127,Holy Smoke,1999,Comedy|Drama,5.9,16493,Comfort movie
3129,Sweet and Lowdown,1999,Comedy|Drama,7.1,37207,Comfort movie
3130,Bonfire of the Vanities,1990,Comedy|Crime|Drama,,,Adrenalina
3132,Daddy Long Legs,1919,Comedy|Drama,6.6,1525,Comfort movie
3133,Go West,1925,Comedy|Western,7.1,5705,Comfort movie
3134,Grand Illusion (La grande illusion),1937,Drama|War,,,Adrenalina
3135,"Great Santini, The",1979,Drama,,,Domenica impegnativa
3137,"Sea Wolves, The",1980,Action|War,,,Adrenalina
3138,Stealing Home,1988,Drama,6.6,5505,Domenica impegnativa
3139,Tarzan the Fearless,1933,Action|Adventure,4.8,920,Venerdi leggero
3141,"Two Jakes, The",1990,Drama,,,Domenica impegnativa
3142,U2: Rattle and Hum,1988,Documentary|Musical,7.6,6431,Domenica impegnativa
3143,Hell in the Pacific,1968,Drama|War,7.2,9986,Adrenalina
3144,"Glass Bottom Boat, The",1966,Comedy|Romance,,,Da vedere in due
3145,Cradle Will Rock,1999,Drama,6.7,9864,Domenica impegnativa
3146,Deuce Bigalow: Male Gigolo,1999,Comedy,5.7,85875,Comfort movie
3147,"Green Mile, The",1999,Crime|Drama,,,Adrenalina
3148,"Cider House Rules, The",1999,Drama,,,Domenica impegnativa
3152,"Last Picture Show, The",1971,Drama,,,Domenica impegnativa
3153,"7th Voyage of Sinbad, The",1958,Action|Adventure|Fantasy,,,Venerdi leggero
3154,Blood on the Sun,1945,Drama|War,6.0,2533,Adrenalina
3155,Anna and the King,1999,Drama|Romance,6.7,40584,Da vedere in due
3156,Bicentennial Man,1999,Drama|Romance|Sci-Fi,6.9,135897,Da vedere in due
3157,Stuart Little,1999,Children|Comedy|Fantasy,6.0,162239,Comfort movie
3158,"Emperor and the Assassin, The (Jing ke ci qin wang)",1999,Drama,,,Domenica impegnativa
3159,Fantasia 2000,1999,Animation|Children|Musical|IMAX,7.1,44377,Comfort movie
3160,Magnolia,1999,Drama,8.0,353293,Domenica impegnativa
3161,Onegin,1999,Drama|Romance,6.7,9021,Da vedere in due
3163,Topsy-Turvy,1999,Comedy|Drama|Musical,7.3,14353,Comfort movie
3165,Boiling Point,1993,Action|Drama,5.0,7193,Domenica impegnativa
3167,Carnal Knowledge,1971,Comedy|Drama,6.9,17272,Comfort movie
3168,Easy Rider,1969,Adventure|Drama,7.2,123582,Domenica impegnativa
3169,"Falcon and the Snowman, The",1985,Drama|Thriller,,,Adrenalina
3172,Ulysses (Ulisse),1954,Adventure,,,Venerdi leggero
3173,Any Given Sunday,1999,Drama,6.9,132249,Domenica impegnativa
3174,Man on the Moon,1999,Comedy|Drama,7.4,144257,Comfort movie
3175,Galaxy Quest,1999,Adventure|Comedy|Sci-Fi,7.4,193362,Mente accesa
3176,"Talented Mr. Ripley, The",1999,Drama|Mystery|Thriller,,,Adrenalina
3177,Next Friday,2000,Comedy,6.2,48111,Comfort movie
3178,"Hurricane, The",1999,Drama,,,Domenica impegnativa
3179,Angela's Ashes,1999,Drama,7.3,24632,Domenica impegnativa
3180,Play it to the Bone,1999,Comedy|Drama,5.5,12784,Comfort movie
3181,Titus,1999,Drama,7.0,22376,Domenica impegnativa
3182,"Mr. Death: The Rise and Fall of Fred A. Leuchter, Jr.",1999,Documentary,7.5,6001,Domenica impegnativa
3183,"Third Miracle, The",1999,Drama,,,Domenica impegnativa
3184,Montana,1998,Action|Comedy|Crime|Drama,6.1,2112,Adrenalina
3185,Snow Falling on Cedars,1999,Drama,6.7,15022,Domenica impegnativa
3186,"Girl, Interrupted",1999,Drama,7.3,236873,Domenica impegnativa
3187,Trans,1998,Drama,5.7,440,Domenica impegnativa
3189,My Dog Skip,1999,Children|Drama,,,Comfort movie
3190,Supernova,2000,Adventure|Sci-Fi|Thriller,4.9,21213,Adrenalina
3192,"Terrorist, The (a.k.a. Malli) (Theeviravaathi)",1998,Drama,,,Domenica impegnativa
3194,"Way We Were, The",1973,Drama|Romance,,,Da vedere in due
3196,Stalag 17,1953,Drama|War,7.9,60557,Adrenalina
3197,"Presidio, The",1988,Action|Crime|Romance|Thriller,,,Adrenalina
3198,Papillon,1973,Crime|Drama,8.0,146987,Adrenalina
3199,Pal Joey,1957,Comedy|Drama|Musical|Romance,6.6,6407,Da vedere in due
3200,"Last Detail, The",1973,Comedy|Drama,,,Comfort movie
3201,Five Easy Pieces,1970,Drama,7.3,45095,Domenica impegnativa
3203,Dead Calm,1989,Thriller,6.8,49124,Adrenalina
3204,"Boys from Brazil, The",1978,Action|Mystery|Thriller,,,Adrenalina
3206,Against All Odds,1984,Romance,6.0,15794,Da vedere in due
3207,"Snows of Kilimanjaro, The",1952,Adventure,,,Venerdi leggero
3208,Loaded Weapon 1 (National Lampoon's Loaded Weapon 1),1993,Action|Comedy,,,Comfort movie
3210,Fast Times at Ridgemont High,1982,Comedy|Drama|Romance,7.1,126319,Da vedere in due
3211,"Cry in the Dark, A",1988,Drama,,,Domenica impegnativa
3213,Batman: Mask of the Phantasm,1993,Animation|Children,7.8,64941,Comfort movie
3214,American Flyers,1985,Drama,6.5,7395,Domenica impegnativa
3216,"Vampyros Lesbos (Vampiras, Las)",1971,Fantasy|Horror|Thriller,,,Adrenalina
3217,"Star Is Born, A",1937,Drama,,,Domenica impegnativa
3219,Pacific Heights,1990,Mystery|Thriller,6.4,26119,Adrenalina
3221,"Draughtsman's Contract, The",1982,Drama,,,Domenica impegnativa
3222,Carmen,1984,Drama,7.4,1836,Domenica impegnativa
3224,Woman in the Dunes (Suna no onna),1964,Drama,,,Domenica impegnativa
3225,Down to You,2000,Comedy|Romance,5.0,16573,Da vedere in due
3229,Another Man's Poison,1952,Crime|Drama,,,Adrenalina
3230,"Odessa File, The",1974,Thriller,,,Adrenalina
3235,Where the Buffalo Roam,1980,Comedy,6.5,13368,Comfort movie
3238,Eye of the Beholder,1999,Thriller,5.0,16696,Adrenalina
3239,Isn't She Great?,2000,Comedy,5.4,2649,Comfort movie
3243,Encino Man,1992,Comedy,5.9,50190,Comfort movie
3244,"Goodbye Girl, The",1977,Comedy|Romance,,,Da vedere in due
3246,Malcolm X,1992,Drama,7.7,112491,Domenica impegnativa
3247,Sister Act,1992,Comedy|Crime,6.6,119804,Adrenalina
3248,Sister Act 2: Back in the Habit,1993,Comedy,5.8,64377,Comfort movie
3249,"Hand That Rocks the Cradle, The",1992,Drama|Thriller,,,Adrenalina
3250,Alive,1993,Drama,7.1,69288,Domenica impegnativa
3251,Agnes of God,1985,Drama|Mystery,6.6,8706,Domenica impegnativa
3252,Scent of a Woman,1992,Drama,8.0,376145,Domenica impegnativa
3253,Wayne's World,1992,Comedy,7.0,183735,Comfort movie
3254,Wayne's World 2,1993,Comedy,6.2,92778,Comfort movie
3255,"League of Their Own, A",1992,Comedy|Drama,,,Comfort movie
3256,Patriot Games,1992,Action|Thriller,6.9,129551,Adrenalina
3257,"Bodyguard, The",1992,Drama|Romance|Thriller,,,Adrenalina
3258,Death Becomes Her,1992,Comedy|Fantasy,6.7,151919,Comfort movie
3259,Far and Away,1992,Adventure|Drama|Romance,6.6,73388,Da vedere in due
3260,Howards End,1992,Drama,7.3,39055,Domenica impegnativa
3261,Singles,1992,Comedy|Drama|Romance,6.8,35827,Da vedere in due
3262,Twin Peaks: Fire Walk with Me,1992,Crime|Drama|Mystery|Thriller,7.3,119953,Adrenalina
3263,White Men Can't Jump,1992,Comedy|Drama,6.8,104628,Comfort movie
3264,Buffy the Vampire Slayer,1992,Action|Comedy|Horror,5.7,53040,Adrenalina
3265,Hard-Boiled (Lat sau san taam),1992,Action|Crime|Drama|Thriller,,,Adrenalina
3266,Man Bites Dog (C'est arrivé près de chez vous),1992,Comedy|Crime|Drama|Thriller,,,Adrenalina
3267,"Mariachi, El",1992,Action|Crime|Thriller|Western,,,Adrenalina
3268,Stop! Or My Mom Will Shoot,1992,Action|Comedy,4.4,46592,Comfort movie
3269,Forever Young,1992,Drama|Romance|Sci-Fi,6.4,53167,Da vedere in due
3270,"Cutting Edge, The",1992,Comedy|Drama|Romance,,,Da vedere in due
3271,Of Mice and Men,1992,Drama,7.4,51830,Domenica impegnativa
3272,Bad Lieutenant,1992,Crime|Drama,7.0,53227,Adrenalina
3273,Scream 3,2000,Comedy|Horror|Mystery|Thriller,5.7,188331,Adrenalina
3274,Single White Female,1992,Drama|Thriller,6.4,47281,Adrenalina
3275,"Boondock Saints, The",2000,Action|Crime|Drama|Thriller,,,Adrenalina
3276,Gun Shy,2000,Comedy,5.6,8352,Comfort movie
3279,Knockout,2000,Action|Drama,5.4,59,Domenica impegnativa
3281,"Brandon Teena Story, The",1998,Documentary,,,Domenica impegnativa
3282,Different for Girls,1996,Comedy,7.0,2129,Comfort movie
3284,They Might Be Giants,1971,Comedy|Mystery|Romance,6.7,3644,Da vedere in due
3285,"Beach, The",2000,Adventure|Drama,,,Domenica impegnativa
3286,Snow Day,2000,Comedy,5.2,14798,Comfort movie
3287,"Tigger Movie, The",2000,Animation|Children,,,Comfort movie
3289,Not One Less (Yi ge dou bu neng shao),1999,Drama,,,Domenica impegnativa
3292,"Big Combo, The",1955,Film-Noir,,,Domenica impegnativa
3296,To Sir with Love,1967,Drama,7.6,22228,Domenica impegnativa
3298,Boiler Room,2000,Crime|Drama|Thriller,7.0,60881,Adrenalina
3299,Hanging Up,2000,Comedy|Drama,4.9,13859,Comfort movie
3300,Pitch Black,2000,Horror|Sci-Fi|Thriller,7.0,266145,Adrenalina
3301,"Whole Nine Yards, The",2000,Comedy|Crime,,,Adrenalina
3302,Beautiful People,1999,Comedy,6.7,2602,Comfort movie
3303,Black Tar Heroin: The Dark End of the Street,2000,Documentary,7.9,1133,Domenica impegnativa
3306,"Circus, The",1928,Comedy,,,Comfort movie
3307,City Lights,1931,Comedy|Drama|Romance,8.5,218260,Da vedere in due
3308,"Flamingo Kid, The",1984,Comedy|Drama,,,Comfort movie
3310,"Kid, The",1921,Comedy|Drama,,,Comfort movie
3311,"Man from Laramie, The",1955,Western,,,Venerdi leggero
3313,Class Reunion,1982,Comedy,4.6,2591,Comfort movie
3316,Reindeer Games,2000,Action|Thriller,5.8,45027,Adrenalina
3317,Wonder Boys,2000,Comedy|Drama,7.2,69418,Comfort movie
3322,3 Strikes,2000,Comedy,4.8,3931,Comfort movie
3323,Chain of Fools,2000,Comedy|Crime,6.0,4617,Adrenalina
3324,Drowning Mona,2000,Comedy,5.8,16745,Comfort movie
3325,"Next Best Thing, The",2000,Comedy|Drama,,,Comfort movie
3326,What Planet Are You From?,2000,Comedy|Sci-Fi,5.7,10162,Mente accesa
3327,Beyond the Mat,1999,Documentary,7.6,9800,Domenica impegnativa
3328,Ghost Dog: The Way of the Samurai,1999,Crime|Drama,7.5,103757,Adrenalina
3329,"Year My Voice Broke, The",1987,Drama,,,Domenica impegnativa
3330,Splendor in the Grass,1961,Drama|Romance,7.7,23148,Da vedere in due
3331,My Tutor,1983,Drama,5.2,4528,Domenica impegnativa
3334,Key Largo,1948,Crime|Drama|Film-Noir|Thriller,7.7,47675,Adrenalina
3338,For All Mankind,1989,Documentary,8.1,7373,Domenica impegnativa
3339,Cross of Iron,1977,War,7.4,31914,Adrenalina
3340,Bride of the Monster,1955,Horror|Sci-Fi,4.2,8206,Adrenalina
3341,Born Yesterday,1950,Comedy,7.5,13751,Comfort movie
3342,Birdy,1984,Drama|War,7.2,26852,Adrenalina
3344,Blood Feast,1963,Horror,5.0,7995,Adrenalina
3345,"Charlie, the Lonesome Cougar",1967,Adventure|Children,6.7,1011,Comfort movie
3347,Never Cry Wolf,1983,Adventure|Drama,7.5,9576,Domenica impegnativa
3349,"Perils of Pauline, The",1947,Comedy,,,Comfort movie
3350,"Raisin in the Sun, A",1961,Drama,,,Domenica impegnativa
3351,Two Thousand Maniacs!,1964,Horror,5.7,5671,Adrenalina
3354,Mission to Mars,2000,Sci-Fi,5.7,80193,Mente accesa
3355,"Ninth Gate, The",1999,Fantasy|Horror|Mystery|Thriller,,,Adrenalina
3357,East-West (Est-ouest),1999,Drama|Romance,,,Da vedere in due
3358,Defending Your Life,1991,Comedy|Drama|Fantasy|Romance,7.2,23879,Da vedere in due
3359,Breaking Away,1979,Comedy|Drama,7.7,27849,Comfort movie
3360,Hoosiers (a.k.a. Best Shot),1986,Drama|Romance,,,Da vedere in due
3361,Bull Durham,1988,Comedy|Drama|Romance,7.0,63589,Da vedere in due
3362,Dog Day Afternoon,1975,Crime|Drama,8.0,294554,Adrenalina
3363,American Graffiti,1973,Comedy|Drama,7.4,106688,Comfort movie
3364,"Asphalt Jungle, The",1950,Crime|Film-Noir,,,Adrenalina
3365,"Searchers, The",1956,Drama|Western,,,Domenica impegnativa
3368,"Big Country, The",1958,Romance|Western,,,Da vedere in due
3370,Betrayed,1988,Drama|Thriller,6.4,7973,Adrenalina
3371,Bound for Glory,1976,Drama,7.2,6105,Domenica impegnativa
3372,"Bridge at Remagen, The",1969,Action|War,,,Adrenalina
3377,Hangmen Also Die,1943,Drama|War,7.4,7462,Adrenalina
3379,On the Beach,1959,Drama,7.1,16381,Domenica impegnativa
3384,"Taking of Pelham One Two Three, The",1974,Action|Crime,,,Adrenalina
3385,Volunteers,1985,Comedy,5.5,11837,Comfort movie
3386,JFK,1991,Drama|Mystery|Thriller,8.0,183458,Adrenalina
3387,Who's Harry Crumb?,1989,Comedy|Mystery,5.9,19476,Mente accesa
3388,Harry and the Hendersons,1987,Children|Comedy,6.1,39964,Comfort movie
3389,Let's Get Harry,1986,Action|Adventure,5.3,1751,Venerdi leggero
3390,Shanghai Surprise,1986,Adventure|Crime|Drama|Romance,3.3,6169,Adrenalina
3391,Who's That Girl?,1987,Comedy,4.9,12160,Comfort movie
3392,She-Devil,1989,Comedy,5.8,21428,Comfort movie
3393,Date with an Angel,1987,Comedy|Fantasy|Romance,5.6,3428,Da vedere in due
3394,Blind Date,1987,Comedy|Romance,6.0,26178,Da vedere in due
3395,Nadine,1987,Comedy,5.5,4804,Comfort movie
3396,"Muppet Movie, The",1979,Adventure|Children|Comedy|Musical,,,Comfort movie
3397,"Great Muppet Caper, The",1981,Children|Comedy,,,Comfort movie
3398,"Muppets Take Manhattan, The",1984,Children|Comedy|Musical,,,Comfort movie
3399,Sesame Street Presents Follow That Bird,1985,Children|Comedy,,,Comfort movie
3400,We're Back! A Dinosaur's Story,1993,Adventure|Animation|Children|Fantasy,6.1,17407,Comfort movie
3401,Baby... Secret of the Lost Legend,1985,Adventure|Sci-Fi,5.1,3753,Mente accesa
3402,Turtle Diary,1985,Comedy|Drama|Romance,6.9,889,Da vedere in due
3404,Titanic,1953,Action|Drama,7.0,8290,Domenica impegnativa
3405,"Night to Remember, A",1958,Action|Drama,,,Domenica impegnativa
3406,Captain Horatio Hornblower R.N.,1951,Action|Adventure|Drama|War,7.3,8605,Adrenalina
3408,Erin Brockovich,2000,Drama,7.5,249782,Domenica impegnativa
3409,Final Destination,2000,Drama|Thriller,6.7,340911,Adrenalina
3412,"Bear, The (Ours, L')",1988,Adventure|Children|Drama,,,Comfort movie
3414,Love Is a Many-Splendored Thing,1955,Drama|Romance|War,6.4,5934,Adrenalina
3415,"Mirror, The (Zerkalo)",1975,Drama,,,Domenica impegnativa
3417,"Crimson Pirate, The",1952,Adventure|Comedy,,,Comfort movie
3418,Thelma & Louise,1991,Adventure|Crime|Drama,7.6,196723,Adrenalina
3420,...And Justice for All,1979,Drama|Thriller,7.4,46640,Adrenalina
3421,Animal House,1978,Comedy,,,Comfort movie
3422,She's Gotta Have It,1986,Comedy|Romance,6.7,17871,Da vedere in due
3423,School Daze,1988,Drama,6.1,8785,Domenica impegnativa
3424,Do the Right Thing,1989,Drama,7.9,126235,Domenica impegnativa
3425,Mo' Better Blues,1990,Drama|Musical,6.7,15154,Comfort movie
3426,Jungle Fever,1991,Drama|Romance,6.6,21222,Da vedere in due
3427,Coogan's Bluff,1968,Crime,6.4,21149,Adrenalina
3428,"Champ, The",1979,Drama,,,Domenica impegnativa
3429,Creature Comforts,1989,Animation|Comedy,,,Comfort movie
3430,Death Wish,1974,Action|Crime|Drama,6.9,48743,Adrenalina
3431,Death Wish 2,1982,Action|Drama,,,Domenica impegnativa
3432,Death Wish 3,1985,Action|Drama,5.8,19453,Domenica impegnativa
3433,Death Wish 4: The Crackdown,1987,Action|Drama,5.5,12638,Domenica impegnativa
3434,Death Wish 5: The Face of Death,1994,Action|Drama,,,Domenica impegnativa
3435,Double Indemnity,1944,Crime|Drama|Film-Noir,8.3,183266,Adrenalina
3436,Dying Young,1991,Drama|Romance,6.0,18309,Da vedere in due
3437,Cool as Ice,1991,Drama,3.0,10883,Domenica impegnativa
3438,Teenage Mutant Ninja Turtles,1990,Action|Children|Comedy|Fantasy|Sci-Fi,6.8,113641,Mente accesa
3439,Teenage Mutant Ninja Turtles II: The Secret of the Ooze,1991,Action|Children|Fantasy,6.1,65220,Comfort movie
3440,Teenage Mutant Ninja Turtles III,1993,Action|Adventure|Children|Comedy|Fantasy,4.8,39110,Comfort movie
3441,Red Dawn,1984,Action|Drama|War,6.4,69546,Adrenalina
3442,Band of the Hand,1986,Action|Crime|Drama,6.2,3584,Adrenalina
3443,Born American,1986,Action|Drama|Thriller,4.3,2383,Adrenalina
3444,Bloodsport,1988,Action,6.8,104688,Venerdi leggero
3445,Eyes of Laura Mars,1978,Mystery|Thriller,6.2,13764,Adrenalina
3446,Funny Bones,1995,Comedy|Drama,6.7,3930,Comfort movie
3447,"Good Earth, The",1937,Drama,,,Domenica impegnativa
3448,"Good Morning, Vietnam",1987,Comedy|Drama|War,7.3,167466,Adrenalina
3449,"Good Mother, The",1988,Drama,,,Domenica impegnativa
3450,Grumpy Old Men,1993,Comedy,7.0,57951,Comfort movie
3451,Guess Who's Coming to Dinner,1967,Drama,7.8,53252,Domenica impegnativa
3452,Romeo Must Die,2000,Action|Crime|Romance|Thriller,6.1,77670,Adrenalina
3453,Here on Earth,2000,Drama|Romance,5.2,9323,Da vedere in due
3454,Whatever It Takes,2000,Comedy|Romance,5.5,13346,Da vedere in due
3456,"Color of Paradise, The (Rang-e khoda)",1999,Drama,,,Domenica impegnativa
3457,Waking the Dead,2000,Drama|Thriller,6.4,7990,Adrenalina
3459,Gothic,1986,Drama|Horror,5.7,10114,Adrenalina
3461,Lord of the Flies,1963,Adventure|Drama|Thriller,6.8,22275,Adrenalina
3462,Modern Times,1936,Comedy|Drama|Romance,8.5,287815,Da vedere in due
3464,Solar Crisis,1990,Sci-Fi|Thriller,4.1,2303,Adrenalina
3465,That's Life!,1986,Drama,6.0,1994,Domenica impegnativa
3466,Heart and Souls,1993,Comedy|Fantasy,7.0,20454,Comfort movie
3467,Hud,1963,Drama|Western,7.8,26369,Domenica impegnativa
3468,"Hustler, The",1961,Drama,,,Domenica impegnativa
3469,Inherit the Wind,1960,Drama,8.1,35927,Domenica impegnativa
3470,Dersu Uzala,1975,Adventure|Drama,8.2,36885,Domenica impegnativa
3471,Close Encounters of the Third Kind,1977,Adventure|Drama|Sci-Fi,7.6,238624,Domenica impegnativa
3475,"Place in the Sun, A",1951,Drama|Romance,,,Da vedere in due
3476,Jacob's Ladder,1990,Horror|Mystery,7.4,130953,Adrenalina
3477,Empire Records,1995,Comedy|Drama,6.7,71990,Comfort movie
3478,"Bamba, La",1987,Drama,,,Domenica impegnativa
3479,Ladyhawke,1985,Adventure|Fantasy|Romance,6.9,55867,Da vedere in due
3480,Lucas,1986,Drama|Romance,6.9,19047,Da vedere in due
3481,High Fidelity,2000,Comedy|Drama|Romance,7.4,201064,Da vedere in due
3483,"Road to El Dorado, The",2000,Animation|Children,,,Comfort movie
3484,"Skulls, The",2000,Thriller,,,Adrenalina
3485,Autopsy (Macchie Solari),1975,Horror,,,Adrenalina
3487,El Dorado,1966,Western,7.5,33914,Venerdi leggero
3489,Hook,1991,Adventure|Comedy|Fantasy,6.8,294714,Comfort movie
3490,Horror Express,1972,Horror,6.5,14880,Adrenalina
3491,My Chauffeur,1986,Comedy,5.5,2323,Comfort movie
3494,True Grit,1969,Adventure|Drama|Western,7.4,54561,Domenica impegnativa
3496,Madame Sousatzka,1988,Drama,6.6,1782,Domenica impegnativa
3497,Max Dugan Returns,1983,Comedy,6.7,4274,Comfort movie
3498,Midnight Express,1978,Drama,7.5,95740,Domenica impegnativa
3499,Misery,1990,Drama|Horror|Thriller,7.8,269262,Adrenalina
3500,Mr. Saturday Night,1992,Comedy|Drama,5.9,5471,Comfort movie
3501,Murphy's Romance,1985,Comedy|Romance,7.0,8078,Da vedere in due
3502,My Life,1993,Drama,6.8,13082,Domenica impegnativa
3503,Solaris (Solyaris),1972,Drama|Mystery|Sci-Fi,,,Domenica impegnativa
3504,Network,1976,Comedy|Drama,8.0,187715,Comfort movie
3505,No Way Out,1987,Drama|Mystery|Thriller,7.1,56505,Adrenalina
3506,North Dallas Forty,1979,Comedy|Drama,6.9,6523,Comfort movie
3507,"Odd Couple, The",1968,Comedy,,,Comfort movie
3508,"Outlaw Josey Wales, The",1976,Action|Adventure|Drama|Thriller|Western,,,Adrenalina
3509,Black and White,1999,Drama,5.2,1321,Domenica impegnativa
3510,Frequency,2000,Drama|Thriller,7.4,125043,Adrenalina
3511,Ready to Rumble,2000,Comedy,5.4,16331,Comfort movie
3512,Return to Me,2000,Drama|Romance,7.0,25439,Da vedere in due
3513,Rules of Engagement,2000,Drama|Thriller,6.4,53129,Adrenalina
3515,Me Myself I,2000,Comedy|Romance,,,Da vedere in due
3516,"Bell, Book and Candle",1958,Comedy|Fantasy|Romance,6.8,15002,Da vedere in due
3519,Force 10 from Navarone,1978,Action|Drama|War,6.4,21635,Adrenalina
3520,How to Stuff a Wild Bikini,1965,Comedy,4.8,1803,Comfort movie
3521,Mystery Train,1989,Comedy|Drama,7.5,33305,Comfort movie
3522,Sacco and Vanzetti (Sacco e Vanzetti),1971,Drama,,,Domenica impegnativa
3524,Arthur,1981,Comedy|Romance,6.9,34017,Da vedere in due
3525,Bachelor Party,1984,Comedy,6.3,44081,Comfort movie
3526,Parenthood,1989,Comedy|Drama,7.1,59625,Comfort movie
3527,Predator,1987,Action|Sci-Fi|Thriller,7.8,506598,Adrenalina
3528,"Prince of Tides, The",1991,Drama|Romance,,,Da vedere in due
3529,"Postman Always Rings Twice, The",1981,Crime|Thriller,,,Adrenalina
3534,28 Days,2000,Drama,6.1,58311,Domenica impegnativa
3535,American Psycho,2000,Crime|Horror|Mystery|Thriller,7.6,856393,Adrenalina
3536,Keeping the Faith,2000,Comedy|Drama|Romance,6.4,54512,Da vedere in due
3537,Where the Money Is,2000,Comedy|Drama,6.3,6847,Comfort movie
3538,East is East,1999,Comedy,6.9,19775,Comfort movie
3539,"Filth and the Fury, The",2000,Documentary,,,Domenica impegnativa
3543,Diner,1982,Comedy|Drama,7.0,23825,Comfort movie
3544,Shakes the Clown,1992,Comedy,,,Comfort movie
3545,Cabaret,1972,Drama|Musical,7.8,64369,Comfort movie
3546,What Ever Happened to Baby Jane?,1962,Drama|Horror|Thriller,8.0,68374,Adrenalina
3547,Prick Up Your Ears,1987,Comedy|Drama,7.1,7024,Comfort movie
3548,Auntie Mame,1958,Comedy|Drama,7.9,14041,Comfort movie
3549,Guys and Dolls,1955,Comedy|Musical|Romance,7.1,21094,Da vedere in due
3550,"Hunger, The",1983,Horror,,,Adrenalina
3551,Marathon Man,1976,Crime|Drama|Thriller,7.4,76525,Adrenalina
3552,Caddyshack,1980,Comedy,7.2,134439,Comfort movie
3553,Gossip,2000,Drama|Thriller,5.9,17240,Adrenalina
3554,Love and Basketball,2000,Drama|Romance,,,Da vedere in due
3555,U-571,2000,Action|Thriller|War,6.6,92889,Adrenalina
3556,"Virgin Suicides, The",1999,Drama|Romance,,,Da vedere in due
3557,Jennifer 8,1992,Mystery|Thriller,6.3,19862,Adrenalina
3559,Limelight,1952,Comedy|Drama|Romance,8.0,24246,Da vedere in due
3563,"Crow: Salvation, The",2000,Action|Horror,,,Adrenalina
3564,"Flintstones in Viva Rock Vegas, The",2000,Children|Comedy,,,Comfort movie
3565,Where the Heart Is,2000,Comedy|Drama,6.7,38625,Comfort movie
3566,"Big Kahuna, The",2000,Comedy|Drama,,,Comfort movie
3567,Bossa Nova,2000,Comedy|Drama|Romance,6.3,1924,Da vedere in due
3569,"Idiots, The (Idioterne)",1998,Comedy|Drama,,,Comfort movie
3571,Time Code,2000,Comedy|Drama,6.0,7389,Comfort movie
3572,Carnosaur,1993,Horror|Sci-Fi,3.7,4768,Adrenalina
3573,Carnosaur 2,1995,Horror|Sci-Fi,,,Adrenalina
3574,Carnosaur 3: Primal Species,1996,Horror|Sci-Fi,,,Adrenalina
3576,"Hidden, The",1987,Action|Horror|Sci-Fi,,,Adrenalina
3577,Two Moon Junction,1988,Drama|Romance,5.1,7319,Da vedere in due
3578,Gladiator,2000,Action|Adventure|Drama,8.5,1881463,Domenica impegnativa
3579,I Dreamed of Africa,2000,Drama,5.6,5139,Domenica impegnativa
3580,Up at the Villa,2000,Drama,6.0,2989,Domenica impegnativa
3581,Human Traffic,1999,Comedy,7.1,29866,Comfort movie
3584,Breathless,1983,Action|Drama|Romance|Thriller,6.0,12145,Adrenalina
3587,Inferno,1980,Horror,6.5,26629,Adrenalina
3588,"King of Marvin Gardens, The",1972,Crime|Drama,,,Adrenalina
3590,"Lords of Flatbush, The",1974,Comedy|Drama,,,Comfort movie
3591,Mr. Mom,1983,Comedy|Drama,6.6,31451,Comfort movie
3593,Battlefield Earth,2000,Action|Sci-Fi,2.5,85203,Mente accesa
3594,Center Stage,2000,Drama|Musical,6.7,22917,Comfort movie
3596,Screwed,2000,Comedy,5.7,10051,Comfort movie
3597,Whipped,2000,Comedy,4.5,4549,Comfort movie
3598,Hamlet,2000,Crime|Drama|Romance|Thriller,5.9,10396,Adrenalina
3599,Anchors Aweigh,1945,Comedy|Musical,7.0,10115,Comfort movie
3600,Blue Hawaii,1961,Comedy|Musical,6.1,8544,Comfort movie
3602,G. I. Blues,1960,Comedy|Musical|Romance,6.2,4899,Da vedere in due
3604,Gypsy,1962,Musical,7.1,7625,Comfort movie
3605,King Creole,1958,Crime|Drama|Musical,7.0,7202,Adrenalina
3606,On the Town,1949,Comedy|Musical|Romance,7.3,20091,Da vedere in due
3608,Pee-wee's Big Adventure,1985,Adventure|Comedy,7.1,64092,Comfort movie
3609,Regret to Inform,1998,Documentary,7.2,388,Domenica impegnativa
3610,Roustabout,1964,Drama|Musical|Romance,6.0,3676,Da vedere in due
3612,"Slipper and the Rose, The",1976,Adventure|Musical|Romance,,,Da vedere in due
3613,Things Change,1988,Comedy,7.0,4436,Comfort movie
3614,Honeymoon in Vegas,1992,Comedy|Romance,5.9,20646,Da vedere in due
3615,Dinosaur,2000,Adventure|Animation|Children,6.4,73724,Comfort movie
3616,Loser,2000,Comedy|Romance,5.4,31077,Da vedere in due
3617,Road Trip,2000,Comedy,6.5,190389,Comfort movie
3618,Small Time Crooks,2000,Comedy|Crime,6.7,42993,Adrenalina
3619,"Hollywood Knights, The",1980,Comedy,,,Comfort movie
3620,"Myth of Fingerprints, The",1997,Comedy|Drama,,,Comfort movie
3622,"Twelve Chairs, The",1970,Comedy,,,Comfort movie
3623,Mission: Impossible II,2000,Action|Adventure|Thriller,6.1,418329,Adrenalina
3624,Shanghai Noon,2000,Action|Adventure|Comedy|Western,6.6,143328,Comfort movie
3625,Better Living Through Circuitry,1999,Documentary,7.0,455,Domenica impegnativa
3626,8 ½ Women (a.k.a. 8 1/2 Women) (a.k.a. Eight and a Half Women),1999,Comedy,,,Comfort movie
3627,Carnival of Souls,1962,Horror|Thriller,7.0,31627,Adrenalina
3628,Flying Tigers,1942,Action|Drama|Romance|War,6.7,4598,Adrenalina
3629,"Gold Rush, The",1925,Adventure|Comedy|Romance,,,Da vedere in due
3632,Monsieur Verdoux,1947,Comedy|Crime,7.8,20803,Adrenalina
3633,On Her Majesty's Secret Service,1969,Action|Adventure|Romance|Thriller,6.7,110010,Adrenalina
3634,Seven Days in May,1964,Thriller,7.8,17904,Adrenalina
3635,"Spy Who Loved Me, The",1977,Action|Adventure|Thriller,,,Adrenalina
3638,Moonraker,1979,Action|Adventure|Sci-Fi|Thriller,6.3,118873,Adrenalina
3639,"Man with the Golden Gun, The",1974,Action|Adventure|Thriller,,,Adrenalina
3641,"Woman of Paris, A",1923,Drama,,,Domenica impegnativa
3643,"Fighting Seabees, The",1944,Action|Drama|War,,,Adrenalina
3646,Big Momma's House,2000,Comedy,5.3,96948,Comfort movie
3649,American Gigolo,1980,Drama,6.3,31421,Domenica impegnativa
3650,Anguish (Angustia),1987,Horror,,,Adrenalina
3651,"Blood Spattered Bride, The (La novia ensangrentada)",1972,Horror,,,Adrenalina
3653,"Endless Summer, The",1966,Documentary,,,Domenica impegnativa
3654,"Guns of Navarone, The",1961,Action|Adventure|Drama|War,,,Adrenalina
3655,Blow-Out (La grande bouffe),1973,Drama,,,Domenica impegnativa
3658,Quatermass and the Pit,1967,Horror|Sci-Fi,7.0,12754,Adrenalina
3660,Puppet Master,1989,Horror|Sci-Fi|Thriller,,,Adrenalina
3661,Puppet Master II,1991,Horror|Sci-Fi|Thriller,,,Adrenalina
3662,Puppet Master III: Toulon's Revenge,1991,Horror|Sci-Fi|Thriller,,,Adrenalina
3667,Rent-A-Cop,1988,Action|Comedy|Crime,,,Adrenalina
3668,Romeo and Juliet,1968,Drama|Romance,7.6,37796,Da vedere in due
3669,Stay Tuned,1992,Comedy,6.3,14311,Comfort movie
3670,Story of G.I. Joe,1945,War,7.1,4397,Adrenalina
3671,Blazing Saddles,1974,Comedy|Western,7.7,166648,Comfort movie
3672,Benji,1974,Adventure|Children,6.1,5579,Comfort movie
3673,Benji the Hunted,1987,Adventure|Children,6.3,3723,Comfort movie
3674,For the Love of Benji,1977,Adventure|Children|Comedy|Drama,6.0,1336,Comfort movie
3675,White Christmas,1954,Comedy|Musical|Romance,7.6,57267,Da vedere in due
3676,Eraserhead,1977,Drama|Horror,7.2,145649,Adrenalina
3677,Baraka,1992,Documentary,8.5,43487,Domenica impegnativa
3678,"Man with the Golden Arm, The",1955,Drama,,,Domenica impegnativa
3679,"Decline of Western Civilization, The",1981,Documentary|Musical,,,Domenica impegnativa
3680,"Decline of Western Civilization Part II: The Metal Years, The",1988,Documentary,,,Domenica impegnativa
3681,For a Few Dollars More (Per qualche dollaro in più),1965,Action|Drama|Thriller|Western,,,Adrenalina
3682,Magnum Force,1973,Action|Crime|Drama|Thriller,7.2,72431,Adrenalina
3683,Blood Simple,1984,Crime|Drama|Film-Noir,7.5,115119,Adrenalina
3684,"Fabulous Baker Boys, The",1989,Drama|Romance,,,Da vedere in due
3685,Prizzi's Honor,1985,Comedy|Drama|Romance,6.7,28871,Da vedere in due
3686,Flatliners,1990,Horror|Sci-Fi|Thriller,6.6,99190,Adrenalina
3688,Porky's,1982,Comedy,,,Comfort movie
3689,Porky's II: The Next Day,1983,Comedy,5.0,13648,Comfort movie
3690,Porky's Revenge,1985,Comedy,4.8,9889,Comfort movie
3691,Private School,1983,Comedy,5.3,8095,Comfort movie
3692,Class of Nuke 'Em High,1986,Comedy|Horror,5.6,10656,Adrenalina
3693,"Toxic Avenger, The",1985,Comedy|Horror,,,Adrenalina
3694,"Toxic Avenger, Part II, The",1989,Comedy|Horror,,,Adrenalina
3695,"Toxic Avenger Part III: The Last Temptation of Toxie, The",1989,Comedy|Horror,,,Adrenalina
3696,Night of the Creeps,1986,Comedy|Horror|Sci-Fi|Thriller,6.7,29182,Adrenalina
3697,Predator 2,1990,Action|Sci-Fi|Thriller,6.3,204361,Adrenalina
3698,"Running Man, The",1987,Action|Sci-Fi,,,Mente accesa
3699,Starman,1984,Adventure|Drama|Romance|Sci-Fi,7.0,59509,Da vedere in due
3700,"Brother from Another Planet, The",1984,Drama|Sci-Fi,,,Domenica impegnativa
3701,Alien Nation,1988,Crime|Drama|Sci-Fi|Thriller,6.3,17996,Adrenalina
3702,Mad Max,1979,Action|Adventure|Sci-Fi,6.8,247067,Mente accesa
3703,"Road Warrior, The (Mad Max 2)",1981,Action|Adventure|Sci-Fi,,,Mente accesa
3704,Mad Max Beyond Thunderdome,1985,Action|Adventure|Sci-Fi,6.2,163621,Mente accesa
3705,Bird on a Wire,1990,Action|Comedy|Romance,6.0,51326,Da vedere in due
3706,Angel Heart,1987,Film-Noir|Horror|Mystery|Thriller,7.2,105590,Adrenalina
3707,9 1/2 Weeks (Nine 1/2 Weeks),1986,Drama|Romance,,,Da vedere in due
3708,Firestarter,1984,Horror|Thriller,6.1,39993,Adrenalina
3709,Sleepwalkers,1992,Horror,5.4,27878,Adrenalina
3710,Action Jackson,1988,Action|Comedy|Crime|Thriller,5.6,13785,Adrenalina
3711,Sarafina!,1992,Drama,6.4,2472,Domenica impegnativa
3712,Soapdish,1991,Comedy,6.6,19056,Comfort movie
3713,"Long Walk Home, The",1990,Drama,,,Domenica impegnativa
3714,Clara's Heart,1988,Drama,6.1,2760,Domenica impegnativa
3715,Burglar,1987,Comedy|Crime,5.2,5133,Adrenalina
3717,Gone in 60 Seconds,2000,Action|Crime,6.5,312674,Adrenalina
3718,American Pimp,1999,Documentary,6.6,2422,Domenica impegnativa
3719,Love's Labour's Lost,2000,Comedy|Romance,5.9,5124,Da vedere in due
3720,Sunshine,1999,Drama,7.4,15330,Domenica impegnativa
3721,Trixie,2000,Comedy|Crime|Mystery,4.9,1706,Adrenalina
3723,Hamlet,1990,Drama,6.7,25246,Domenica impegnativa
3724,Coming Home,1978,Drama|War,7.3,16114,Adrenalina
3725,American Pop,1981,Animation|Musical,7.2,6231,Comfort movie
3726,Assault on Precinct 13,1976,Action|Thriller,7.3,61765,Adrenalina
3727,Near Dark,1987,Horror|Western,6.9,50172,Adrenalina
3728,One False Move,1992,Crime|Drama|Film-Noir|Thriller,,,Adrenalina
3729,Shaft,1971,Action|Crime|Drama|Thriller,6.6,23315,Adrenalina
3730,"Conversation, The",1974,Drama|Mystery,,,Domenica impegnativa
3732,"Fury, The",1978,Horror,,,Adrenalina
3733,"Paper Chase, The",1973,Drama,,,Domenica impegnativa
3734,Prince of the City,1981,Drama,7.4,10807,Domenica impegnativa
3735,Serpico,1973,Crime|Drama,7.7,147497,Adrenalina
3736,"Ace in the Hole (Big Carnival, The)",1951,Drama,,,Domenica impegnativa
3737,Lonely Are the Brave,1962,Drama|Western,7.5,11135,Domenica impegnativa
3738,"Sugarland Express, The",1974,Drama,,,Domenica impegnativa
3739,Trouble in Paradise,1932,Comedy|Romance,7.9,17712,Da vedere in due
3740,Big Trouble in Little China,1986,Action|Adventure|Comedy|Fantasy,7.2,169453,Comfort movie
3741,Badlands,1973,Crime|Drama|Thriller,7.7,85493,Adrenalina
3742,Battleship Potemkin,1925,Drama|War,7.9,65681,Adrenalina
3743,Boys and Girls,2000,Comedy|Romance,5.4,18530,Da vedere in due
3744,Shaft,2000,Action|Crime|Thriller,6.0,86097,Adrenalina
3745,Titan A.E.,2000,Action|Adventure|Animation|Children|Sci-Fi,6.6,67219,Mente accesa
3747,Jesus' Son,1999,Drama,6.9,7820,Domenica impegnativa
3750,Boricua's Bond,2000,Drama,3.7,316,Domenica impegnativa
3751,Chicken Run,2000,Animation|Children|Comedy,7.1,226922,Comfort movie
3752,"Me, Myself & Irene",2000,Adventure|Comedy,6.6,265854,Comfort movie
3753,"Patriot, The",2000,Action|Drama|War,,,Adrenalina
3754,"Adventures of Rocky and Bullwinkle, The",2000,Adventure|Animation|Children|Comedy|Fantasy,,,Comfort movie
3755,"Perfect Storm, The",2000,Drama|Thriller,,,Adrenalina
3756,"Golden Bowl, The",2000,Drama,,,Domenica impegnativa
3757,Asylum,1972,Horror,6.5,9367,Adrenalina
3758,Communion,1989,Drama|Sci-Fi|Thriller,5.5,8978,Adrenalina
3760,"Kentucky Fried Movie, The",1977,Comedy,,,Comfort movie
3761,"Bound by Honor (a.k.a. Blood In, Blood Out)",1993,Action|Crime|Drama|Thriller,,,Adrenalina
3763,F/X,1986,Action|Crime|Thriller,6.7,25230,Adrenalina
3764,F/X2 (a.k.a. F/X 2 - The Deadly Art of Illusion),1991,Action|Crime|Thriller,,,Adrenalina
3766,Missing in Action,1984,Action|War,5.5,18962,Adrenalina
3767,Missing in Action 2: The Beginning,1985,Action|War,5.4,10696,Adrenalina
3768,Braddock: Missing in Action III,1988,Action|War,5.0,8286,Adrenalina
3769,Thunderbolt and Lightfoot,1974,Action,7.0,33501,Venerdi leggero
3770,Dreamscape,1984,Horror|Sci-Fi|Thriller,6.3,18904,Adrenalina
3771,The Golden Voyage of Sinbad,1973,Action|Adventure|Fantasy,6.8,12170,Venerdi leggero
3772,"Hatchet for the Honeymoon (Rosso segno della follia, Il)",1970,Fantasy|Horror|Thriller,,,Adrenalina
3773,House Party,1990,Comedy,6.5,18395,Comfort movie
3774,House Party 2,1991,Comedy|Drama|Romance,5.3,7523,Da vedere in due
3777,Nekromantik,1987,Comedy|Horror,,,Adrenalina
3778,On Our Merry Way,1948,Comedy|Drama,5.7,992,Comfort movie
3780,Rocketship X-M,1950,Sci-Fi,4.9,2793,Mente accesa
3782,Shaft's Big Score!,1972,Action|Crime,6.1,3898,Adrenalina
3783,Croupier,1998,Crime|Drama,7.0,25007,Adrenalina
3784,"Kid, The",2000,Comedy|Fantasy,,,Comfort movie
3785,Scary Movie,2000,Comedy|Horror,6.3,334867,Adrenalina
3786,But I'm a Cheerleader,1999,Comedy,6.9,53363,Comfort movie
3787,Shower (Xizao),1999,Comedy,,,Comfort movie
3788,Blow-Up (Blowup),1966,Drama|Mystery,,,Domenica impegnativa
3789,"Pawnbroker, The",1964,Drama,,,Domenica impegnativa
3791,Footloose,1984,Drama,6.6,103167,Domenica impegnativa
3792,Duel in the Sun,1946,Western,6.7,10597,Venerdi leggero
3793,X-Men,2000,Action|Adventure|Sci-Fi,7.3,704584,Mente accesa
3794,Chuck & Buck,2000,Comedy|Drama,6.6,6211,Comfort movie
3795,"Five Senses, The",1999,Drama,,,Domenica impegnativa
3797,"In Crowd, The",2000,Thriller,,,Adrenalina
3798,What Lies Beneath,2000,Drama|Horror|Mystery,6.6,146886,Adrenalina
3799,Pokémon the Movie 2000,2000,Animation|Children,,,Comfort movie
3801,Anatomy of a Murder,1959,Drama|Mystery,8.0,78751,Domenica impegnativa
3802,Freejack,1992,Action|Sci-Fi,5.4,18967,Mente accesa
3804,H.O.T.S.,1979,Comedy,4.7,2110,Comfort movie
3805,Knightriders,1981,Action|Adventure|Drama,6.3,6189,Domenica impegnativa
3806,Mackenna's Gold,1969,Western,6.7,10871,Venerdi leggero
3807,Sinbad and the Eye of the Tiger,1977,Adventure|Fantasy,6.4,9809,Venerdi leggero
3808,"Two Women (Ciociara, La)",1960,Drama|War,,,Adrenalina
3809,What About Bob?,1991,Comedy,7.0,79840,Comfort movie
3810,White Sands,1992,Drama|Thriller,6.0,9818,Adrenalina
3811,Breaker Morant,1980,Drama|War,7.8,15563,Adrenalina
3812,Everything You Always Wanted to Know About Sex * But Were Afraid to Ask,1972,Comedy,6.7,44248,Comfort movie
3813,Interiors,1978,Drama,7.2,22675,Domenica impegnativa
3814,Love and Death,1975,Comedy,7.6,44199,Comfort movie
3816,"Official Story, The (La historia oficial)",1985,Drama,,,Domenica impegnativa
3818,Pot O' Gold,1941,Comedy|Musical,6.0,2306,Comfort movie
3819,Tampopo,1985,Comedy,7.9,27422,Comfort movie
3820,Thomas and the Magic Railroad,2000,Children,4.3,5265,Comfort movie
3821,Nutty Professor II: The Klumps,2000,Comedy,4.5,56138,Comfort movie
3822,"Girl on the Bridge, The (Fille sur le pont, La)",1999,Drama|Romance,,,Da vedere in due
3823,Wonderland,1999,Drama,7.1,4384,Domenica impegnativa
3824,Autumn in New York,2000,Drama|Romance,5.6,30756,Da vedere in due
3825,Coyote Ugly,2000,Comedy|Drama|Romance,5.8,128787,Da vedere in due
3826,Hollow Man,2000,Horror|Sci-Fi|Thriller,5.9,149426,Adrenalina
3827,Space Cowboys,2000,Action|Adventure|Comedy|Sci-Fi,6.5,90633,Mente accesa
3830,Psycho Beach Party,2000,Comedy|Horror|Thriller,6.1,7622,Adrenalina
3831,Saving Grace,2000,Comedy,6.9,20300,Comfort movie
3832,"Black Sabbath (Tre volti della paura, I)",1963,Horror,,,Adrenalina
3833,"Brain That Wouldn't Die, The",1962,Horror|Sci-Fi,,,Adrenalina
3834,Bronco Billy,1980,Adventure|Drama|Romance,6.2,13940,Da vedere in due
3835,"Crush, The",1993,Thriller,,,Adrenalina
3836,Kelly's Heroes,1970,Action|Comedy|War,7.6,59215,Adrenalina
3837,Phantasm II,1988,Action|Fantasy|Horror|Sci-Fi|Thriller,6.4,18292,Adrenalina
3840,Pumpkinhead,1988,Horror,6.2,31738,Adrenalina
3841,Air America,1990,Action|Comedy,5.8,32757,Comfort movie
3843,Sleepaway Camp,1983,Horror,6.2,44898,Adrenalina
3844,Steel Magnolias,1989,Drama,7.3,72250,Domenica impegnativa
3845,And God Created Woman (Et Dieu... créa la femme),1956,Drama,,,Domenica impegnativa
3846,Easy Money,1983,Comedy,6.2,11462,Comfort movie
3849,"Spiral Staircase, The",1946,Thriller,,,Adrenalina
3850,Whatever Happened to Aunt Alice?,1969,Crime|Thriller,6.8,3200,Adrenalina
3851,I'm the One That I Want,2000,Comedy,,,Comfort movie
3852,"Tao of Steve, The",2000,Comedy,,,Comfort movie
3854,Aimée & Jaguar,1999,Drama|Romance|War,7.2,7344,Adrenalina
3855,"Affair of Love, An (Liaison pornographique, Une)",1999,Drama|Romance,,,Da vedere in due
3857,Bless the Child,2000,Thriller,5.1,16036,Adrenalina
3858,Cecil B. DeMented,2000,Comedy,6.3,16893,Comfort movie
3859,"Eyes of Tammy Faye, The",2000,Documentary,,,Domenica impegnativa
3860,"Opportunists, The",2000,Comedy|Crime|Drama,,,Adrenalina
3861,"Replacements, The",2000,Comedy,,,Comfort movie
3863,"Cell, The",2000,Drama|Horror|Thriller,,,Adrenalina
3864,Godzilla 2000 (Gojira ni-sen mireniamu),1999,Action|Adventure|Sci-Fi,,,Mente accesa
3865,"Original Kings of Comedy, The",2000,Comedy|Documentary,,,Domenica impegnativa
3866,Sunset Strip,2000,Comedy,5.6,1832,Comfort movie
3868,"Naked Gun: From the Files of Police Squad!, The",1988,Action|Comedy|Crime|Romance,,,Adrenalina
3869,"Naked Gun 2 1/2: The Smell of Fear, The",1991,Comedy,,,Comfort movie
3870,Our Town,1940,Drama,6.5,3375,Domenica impegnativa
3871,Shane,1953,Drama|Western,7.6,48287,Domenica impegnativa
3872,"Suddenly, Last Summer",1959,Drama,7.4,19342,Domenica impegnativa
3873,Cat Ballou,1965,Comedy|Western,6.7,17637,Comfort movie
3877,Supergirl,1984,Action|Adventure|Fantasy,4.4,26163,Venerdi leggero
3879,"Art of War, The",2000,Action|Thriller,,,Adrenalina
3880,"Ballad of Ramblin' Jack, The",2000,Documentary,,,Domenica impegnativa
3881,Phish: Bittersweet Motel,2000,Documentary,,,Domenica impegnativa
3882,Bring It On,2000,Comedy,6.2,115944,Comfort movie
3886,Steal This Movie!,2000,Drama,6.3,2484,Domenica impegnativa
3888,Skipped Parts,2000,Drama|Romance,6.2,3936,Da vedere in due
3889,Highlander: Endgame (Highlander IV),2000,Action|Adventure|Fantasy,,,Venerdi leggero
3893,Nurse Betty,2000,Comedy|Crime|Drama|Romance|Thriller,6.3,35972,Adrenalina
3895,"Watcher, The",2000,Crime|Thriller,,,Adrenalina
3896,"Way of the Gun, The",2000,Crime|Thriller,,,Adrenalina
3897,Almost Famous,2000,Drama,7.9,317689,Domenica impegnativa
3898,Bait,2000,Action|Comedy,5.7,12536,Comfort movie
3900,Crime and Punishment in Suburbia,2000,Comedy|Drama,,,Comfort movie
3901,Duets,2000,Comedy|Drama,6.2,10560,Comfort movie
3902,Goya in Bordeaux (Goya en Burdeos),1999,Drama,,,Domenica impegnativa
3903,Urbania,2000,Drama,6.8,3263,Domenica impegnativa
3905,"Specials, The",2000,Comedy,,,Comfort movie
3906,Under Suspicion,2000,Crime|Thriller,6.4,30624,Adrenalina
3908,Urban Legends: Final Cut,2000,Horror,4.5,20451,Adrenalina
3909,Woman on Top,2000,Comedy|Romance,5.3,11261,Da vedere in due
3910,Dancer in the Dark,2000,Drama|Musical,7.9,125195,Comfort movie
3911,Best in Show,2000,Comedy,7.5,76489,Comfort movie
3912,Beautiful,2000,Comedy|Drama,5.7,4523,Comfort movie
3913,Barenaked in America,1999,Documentary,7.6,288,Domenica impegnativa
3915,Girlfight,2000,Drama,6.7,10757,Domenica impegnativa
3916,Remember the Titans,2000,Drama,7.8,253749,Domenica impegnativa
3917,Hellraiser,1987,Horror,6.9,155855,Adrenalina
3918,Hellbound: Hellraiser II,1988,Horror,6.4,61596,Adrenalina
3919,Hellraiser III: Hell on Earth,1992,Horror,5.5,38634,Adrenalina
3920,"Faraway, So Close (In weiter Ferne, so nah!)",1993,Drama|Fantasy|Mystery|Romance,,,Da vedere in due
3921,Beach Party,1963,Comedy,5.8,2619,Comfort movie
3922,Bikini Beach,1964,Comedy,5.5,1971,Comfort movie
3923,Return of the Fly,1959,Horror|Sci-Fi,5.7,5755,Adrenalina
3924,Pajama Party,1964,Comedy,5.0,1466,Comfort movie
3925,Stranger Than Paradise,1984,Comedy|Drama,7.4,43690,Comfort movie
3926,Voyage to the Bottom of the Sea,1961,Adventure|Sci-Fi,6.0,7245,Mente accesa
3927,Fantastic Voyage,1966,Adventure|Sci-Fi,6.8,22731,Mente accesa
3928,Abbott and Costello Meet Frankenstein,1948,Comedy|Horror,7.3,20575,Adrenalina
3929,"Bank Dick, The",1940,Comedy,,,Comfort movie
3930,"Creature from the Black Lagoon, The",1954,Adventure|Horror|Sci-Fi,,,Adrenalina
3931,"Giant Gila Monster, The",1959,Horror|Sci-Fi,,,Adrenalina
3932,"Invisible Man, The",1933,Horror|Sci-Fi,,,Adrenalina
3936,Phantom of the Opera,1943,Horror|Musical|Thriller,6.4,9402,Adrenalina
3937,Runaway,1984,Sci-Fi|Thriller,5.9,16399,Adrenalina
3943,Bamboozled,2000,Comedy,6.7,13203,Comfort movie
3944,Bootmen,2000,Comedy|Drama,6.2,2539,Comfort movie
3945,Digimon: The Movie,2000,Adventure|Animation|Children,6.1,8643,Comfort movie
3946,Get Carter,2000,Action|Drama|Thriller,5.2,39488,Adrenalina
3947,Get Carter,1971,Action|Crime|Drama|Thriller,7.3,39141,Adrenalina
3948,Meet the Parents,2000,Comedy,7.0,382008,Comfort movie
3949,Requiem for a Dream,2000,Drama,8.3,984902,Domenica impegnativa
3950,Tigerland,2000,Drama,6.9,44418,Domenica impegnativa
3951,Two Family House,2000,Drama,7.2,1814,Domenica impegnativa
3952,"Contender, The",2000,Drama|Thriller,,,Adrenalina
3953,Dr. T and the Women,2000,Comedy|Romance,,,Da vedere in due
3954,Just Looking,1999,Comedy,6.6,1657,Comfort movie
3955,"Ladies Man, The",2000,Comedy,,,Comfort movie
3956,Lost Souls,2000,Drama|Horror|Thriller,4.8,11801,Adrenalina
3957,Billy Jack,1971,Action|Drama,6.2,7154,Domenica impegnativa
3958,Billy Jack Goes to Washington,1977,Drama,4.5,897,Domenica impegnativa
3959,"Time Machine, The",1960,Action|Adventure|Sci-Fi,,,Mente accesa
3960,Haunted,1995,Drama|Thriller,6.2,8172,Adrenalina
3961,Ghoulies,1985,Horror,,,Adrenalina
3962,Ghoulies II,1987,Comedy|Horror,4.7,6295,Adrenalina
3963,"Unsinkable Molly Brown, The",1964,Musical,,,Comfort movie
3964,"Adventures of Ichabod and Mr. Toad, The",1949,Animation|Children,,,Comfort movie
3965,"Strange Love of Martha Ivers, The",1946,Drama|Film-Noir,,,Domenica impegnativa
3966,Detour,1945,Crime|Film-Noir,7.3,22472,Adrenalina
3967,Billy Elliot,2000,Drama,7.7,153766,Domenica impegnativa
3968,Bedazzled,2000,Comedy,6.1,120284,Comfort movie
3969,Pay It Forward,2000,Drama,7.2,128424,Domenica impegnativa
3970,"Beyond, The (E tu vivrai nel terrore - L'aldilà)",1981,Horror,,,Adrenalina
3971,"Private Eyes, The",1981,Comedy|Mystery,,,Mente accesa
3972,"Legend of Drunken Master, The (Jui kuen II)",1994,Action|Comedy,,,Comfort movie
3973,Book of Shadows: Blair Witch 2,2000,Crime|Horror|Mystery|Thriller,4.1,42380,Adrenalina
3974,"Little Vampire, The",2000,Adventure|Children,,,Comfort movie
3975,Lucky Numbers,2000,Comedy|Drama,5.1,11355,Comfort movie
3976,Stardom,2000,Comedy|Drama,5.7,1863,Comfort movie
3977,Charlie's Angels,2000,Action|Comedy,5.7,208248,Comfort movie
3978,"Legend of Bagger Vance, The",2000,Drama|Romance,,,Da vedere in due
3979,Little Nicky,2000,Comedy,5.3,120540,Comfort movie
3980,Men of Honor,2000,Drama,7.2,131612,Domenica impegnativa
3981,Red Planet,2000,Action|Sci-Fi|Thriller,5.7,62811,Adrenalina
3982,What's Cooking?,2000,Drama,6.8,3170,Domenica impegnativa
3983,You Can Count on Me,2000,Drama|Romance,7.5,33788,Da vedere in due
3984,Diamonds Are Forever,1971,Action|Adventure|Thriller,6.5,124558,Adrenalina
3985,"Eagle Has Landed, The",1976,Drama|War,,,Adrenalina
3986,"6th Day, The",2000,Action|Sci-Fi|Thriller,,,Adrenalina
3987,Bounce,2000,Drama|Romance,5.8,22813,Da vedere in due
3988,How the Grinch Stole Christmas (a.k.a. The Grinch),2000,Children|Comedy|Fantasy,,,Comfort movie
3989,One Day in September,1999,Documentary,7.8,6760,Domenica impegnativa
3990,Rugrats in Paris: The Movie,2000,Animation|Children|Comedy,6.2,14729,Comfort movie
3991,102 Dalmatians,2000,Children|Comedy,4.9,42304,Comfort movie
3992,Malèna,2000,Drama|Romance|War,7.4,126302,Adrenalina
3993,Quills,2000,Drama|Romance,7.2,59392,Da vedere in due
3994,Unbreakable,2000,Drama|Sci-Fi,7.3,471487,Domenica impegnativa
3996,"Crouching Tiger, Hidden Dragon (Wo hu cang long)",2000,Action|Drama|Romance,,,Da vedere in due
3997,Dungeons & Dragons,2000,Adventure|Fantasy,3.7,38195,Venerdi leggero
3998,Proof of Life,2000,Drama,6.3,61257,Domenica impegnativa
3999,Vertical Limit,2000,Action|Adventure,6.0,71285,Venerdi leggero
4000,"Bounty, The",1984,Adventure|Drama,,,Domenica impegnativa
4002,"Planes, Trains & Automobiles",1987,Comedy,7.6,182160,Comfort movie
4003,She's Having a Baby,1988,Comedy,6.0,14628,Comfort movie
4005,"Living Daylights, The",1987,Action|Adventure|Thriller,,,Adrenalina
4006,Transformers: The Movie,1986,Adventure|Animation|Children|Sci-Fi,,,Mente accesa
4007,Wall Street,1987,Drama,7.3,175994,Domenica impegnativa
4008,Born on the Fourth of July,1989,Drama|War,7.2,126052,Adrenalina
4009,Talk Radio,1988,Drama,7.2,15733,Domenica impegnativa
4010,Brewster's Millions,1985,Comedy,6.5,47722,Comfort movie
4011,Snatch,2000,Comedy|Crime|Thriller,8.2,985738,Adrenalina
4012,Punchline,1988,Comedy|Drama,5.9,9924,Comfort movie
4013,Mr. Accident,2000,Comedy,4.5,1301,Comfort movie
4014,Chocolat,2000,Drama|Romance,7.2,211606,Da vedere in due
4015,"Dude, Where's My Car?",2000,Comedy|Sci-Fi,5.5,153921,Mente accesa
4016,"Emperor's New Groove, The",2000,Adventure|Animation|Children|Comedy|Fantasy,,,Comfort movie
4017,Pollock,2000,Drama,7.0,31159,Domenica impegnativa
4018,What Women Want,2000,Comedy|Romance,6.5,240842,Da vedere in due
4019,Finding Forrester,2000,Drama,7.3,95703,Domenica impegnativa
4020,"Gift, The",2000,Thriller,,,Adrenalina
4021,Before Night Falls,2000,Drama,7.1,27445,Domenica impegnativa
4022,Cast Away,2000,Drama,7.8,696602,Domenica impegnativa
4023,"Family Man, The",2000,Comedy|Drama|Romance,,,Da vedere in due
4024,"House of Mirth, The",2000,Romance,,,Da vedere in due
4025,Miss Congeniality,2000,Comedy|Crime,6.4,252027,Adrenalina
4027,"O Brother, Where Art Thou?",2000,Adventure|Comedy|Crime,7.7,355640,Adrenalina
4028,Songcatcher,2000,Drama,7.3,3873,Domenica impegnativa
4029,State and Main,2000,Comedy|Drama,6.7,23665,Comfort movie
4030,Dracula 2000,2000,Horror,4.9,39106,Adrenalina
4031,All the Pretty Horses,2000,Drama|Romance|Western,5.8,15276,Da vedere in due
4033,Thirteen Days,2000,Drama|Thriller|War,7.3,65883,Adrenalina
4034,Traffic,2000,Crime|Drama|Thriller,7.5,232067,Adrenalina
4035,"Claim, The",2000,Romance|Western,,,Da vedere in due
4036,Shadow of the Vampire,2000,Drama|Horror,6.9,48220,Adrenalina
4037,House of Games,1987,Crime|Film-Noir|Mystery|Thriller,7.2,26160,Adrenalina
4039,Annie,1982,Children|Musical,6.6,54395,Comfort movie
4040,Don't Tell Mom the Babysitter's Dead,1991,Comedy,6.4,40822,Comfort movie
4041,"Officer and a Gentleman, An",1982,Drama|Romance,,,Da vedere in due
4042,"Alamo, The",1960,Action|Drama|War|Western,,,Adrenalina
4043,At Close Range,1986,Crime|Drama,6.9,20919,Adrenalina
4044,Breaker! Breaker!,1977,Action|Adventure|Crime,4.4,4293,Adrenalina
4045,Breakheart Pass,1975,Western,6.7,10502,Venerdi leggero
4046,Friendly Persuasion,1956,Drama,7.3,8543,Domenica impegnativa
4047,Gettysburg,1993,Drama|War,7.6,32593,Adrenalina
4052,Antitrust,2001,Crime|Drama|Thriller,6.1,31622,Adrenalina
4054,Save the Last Dance,2001,Drama|Romance,6.2,69557,Da vedere in due
4055,Panic,2000,Drama,6.6,9700,Domenica impegnativa
4056,"Pledge, The",2001,Crime|Drama|Mystery|Thriller,,,Adrenalina
4061,The Man in the Moon,1991,Drama|Romance,7.2,22078,Da vedere in due
4062,Mystic Pizza,1988,Comedy|Drama|Romance,6.4,38005,Da vedere in due
4063,Prelude to a Kiss,1992,Comedy|Drama|Romance,5.6,8902,Da vedere in due
4065,Foxy Brown,1974,Action|Crime|Drama,6.4,14409,Adrenalina
4066,I'm Gonna Git You Sucka,1988,Action|Comedy,6.6,16731,Comfort movie
4067,Untamed Heart,1993,Drama|Romance,6.8,17236,Da vedere in due
4068,Sugar & Spice,2001,Comedy,5.8,16520,Comfort movie
4069,"Wedding Planner, The",2001,Comedy|Romance,,,Da vedere in due
4070,Amy,1998,Comedy|Drama,,,Comfort movie
4072,Faithless (Trolösa),2000,Drama|Romance,,,Da vedere in due
4077,"With a Friend Like Harry... (Harry, un ami qui vous veut du bien)",2000,Drama|Thriller,,,Adrenalina
4078,Amazing Grace and Chuck,1987,Drama,5.9,1625,Domenica impegnativa
4079,Amazon Women on the Moon,1987,Comedy|Sci-Fi,6.2,12180,Mente accesa
4080,Baby Boom,1987,Comedy,6.4,21419,Comfort movie
4081,Back to the Beach,1987,Comedy,6.0,3786,Comfort movie
4082,Barfly,1987,Comedy|Drama|Romance,7.1,23744,Da vedere in due
4083,Best Seller,1987,Thriller,6.4,7348,Adrenalina
4084,Beverly Hills Cop II,1987,Action|Comedy|Crime|Thriller,6.6,148295,Adrenalina
4085,Beverly Hills Cop,1984,Action|Comedy|Crime|Drama,7.4,234583,Adrenalina
4086,"Big Easy, The",1987,Action|Crime|Mystery|Romance|Thriller,,,Adrenalina
4089,Born in East L.A.,1987,Comedy,6.1,7322,Comfort movie
4090,"Brave Little Toaster, The",1987,Animation|Children,,,Comfort movie
4091,Can't Buy Me Love,1987,Comedy|Romance,6.8,46659,Da vedere in due
4092,Cherry 2000,1987,Romance|Sci-Fi,5.6,11865,Da vedere in due
4093,Cop,1988,Thriller,6.4,7730,Adrenalina
4095,Cry Freedom,1987,Drama,7.4,15468,Domenica impegnativa
4098,"Dead, The",1987,Drama,,,Domenica impegnativa
4102,Eddie Murphy Raw,1987,Comedy|Documentary,7.6,21981,Domenica impegnativa
4103,Empire of the Sun,1987,Action|Adventure|Drama|War,7.7,144889,Adrenalina
4104,Ernest Goes to Camp,1987,Comedy,5.5,13475,Comfort movie
4105,"Evil Dead, The",1981,Fantasy|Horror|Thriller,,,Adrenalina
4108,Five Corners,1987,Drama,6.1,4107,Domenica impegnativa
4111,Gardens of Stone,1987,Drama|War,6.3,6870,Adrenalina
4113,"Glass Menagerie, The",1987,Drama,,,Domenica impegnativa
4116,Hollywood Shuffle,1987,Comedy,6.9,7274,Comfort movie
4117,Hope and Glory,1987,Drama,7.3,16066,Domenica impegnativa
4121,Innerspace,1987,Action|Adventure|Comedy|Sci-Fi,6.9,70817,Mente accesa
4122,Ironweed,1987,Drama,6.7,10814,Domenica impegnativa
4124,Jaws: The Revenge,1987,Horror|Thriller,3.1,53158,Adrenalina
4125,Leonard Part 6,1987,Comedy|Sci-Fi,2.2,8884,Mente accesa
4126,Less Than Zero,1987,Drama,6.4,23974,Domenica impegnativa
4127,"Like Father, Like Son",1987,Comedy,5.3,6978,Comfort movie
4128,"Lost Boys, The",1987,Comedy|Horror|Thriller,,,Adrenalina
4129,Made in Heaven,1987,Fantasy|Romance,6.2,4013,Da vedere in due
4130,Maid to Order,1987,Comedy|Fantasy,5.6,3869,Comfort movie
4131,Making Mr. Right,1987,Comedy|Romance|Sci-Fi,5.6,3446,Da vedere in due
4132,Mannequin,1987,Comedy|Romance,6.0,40335,Da vedere in due
4133,Masters of the Universe,1987,Action|Adventure|Fantasy|Sci-Fi,5.4,53488,Mente accesa
4135,"Monster Squad, The",1987,Adventure|Comedy|Horror,,,Adrenalina
4136,"Month in the Country, A",1987,Drama,,,Domenica impegnativa
4138,My Demon Lover,1987,Comedy|Horror,4.7,1873,Adrenalina
4139,No Man's Land,1987,Crime|Drama,6.1,6212,Adrenalina
4141,Head Over Heels,2001,Comedy|Romance,5.5,16230,Da vedere in due
4142,Left Behind: The Movie,2000,Action|Adventure|Drama|Thriller,4.4,11188,Adrenalina
4143,Valentine,2001,Horror|Mystery,5.0,32391,Adrenalina
4144,In the Mood For Love (Fa yeung nin wa),2000,Drama|Romance,,,Da vedere in due
4145,Fever,1999,Thriller,5.5,812,Adrenalina
4146,"Million Dollar Hotel, The",2001,Drama|Mystery|Romance,,,Da vedere in due
4148,Hannibal,2001,Horror|Thriller,6.8,316757,Adrenalina
4149,Saving Silverman (Evil Woman),2001,Comedy|Romance,,,Da vedere in due
4150,Signs & Wonders,2001,Drama,,,Domenica impegnativa
4152,Vatel,2000,Drama,6.6,8619,Domenica impegnativa
4153,Down to Earth,2001,Comedy|Fantasy|Romance,5.4,24644,Da vedere in due
4154,Recess: School's Out,2001,Animation|Children,6.5,12697,Comfort movie
4155,Sweet November,2001,Drama|Romance,6.7,99679,Da vedere in due
4156,Company Man,2000,Comedy,5.2,2250,Comfort movie
4158,Monkeybone,2001,Animation|Comedy|Fantasy,4.9,20453,Comfort movie
4159,3000 Miles to Graceland,2001,Action|Thriller,6.0,51458,Adrenalina
4160,"Widow of St. Pierre, The (Veuve de Saint-Pierre, La)",2000,Drama|Romance,,,Da vedere in due
4161,"Mexican, The",2001,Action|Comedy,,,Comfort movie
4162,See Spot Run,2001,Comedy,5.4,10208,Comfort movie
4163,Carman: The Champion,2001,Action|Drama,5.4,872,Domenica impegnativa
4164,"Caveman's Valentine, The",2001,Drama,,,Domenica impegnativa
4165,"Me You Them (Eu, Tu, Eles)",2000,Comedy|Drama|Romance,,,Da vedere in due
4166,Series 7: The Contenders,2001,Action|Drama,6.5,6807,Domenica impegnativa
4167,15 Minutes,2001,Thriller,6.1,53973,Adrenalina
4168,Get Over It,2001,Comedy|Romance,5.7,21099,Da vedere in due
4171,Long Night's Journey Into Day,2000,Documentary,7.5,497,Domenica impegnativa
4172,Simon Magus,1999,Drama|Fantasy|Mystery|Romance,6.8,626,Da vedere in due
4174,Avalon,1990,Drama,7.2,7559,Domenica impegnativa
4178,Of Mice and Men,1939,Drama,7.8,7639,Domenica impegnativa
4182,Tuff Turf,1985,Drama,6.0,7036,Domenica impegnativa
4183,"Unbelievable Truth, The",1989,Comedy|Drama,,,Comfort movie
4184,"Bishop's Wife, The",1947,Comedy|Drama|Romance,,,Da vedere in due
4185,Elvis: That's the Way It Is,1970,Documentary,8.0,3523,Domenica impegnativa
4186,"Fortune Cookie, The",1966,Comedy|Drama|Romance,,,Da vedere in due
4187,Lilies of the Field,1963,Drama,7.5,15600,Domenica impegnativa
4188,Hans Christian Andersen,1952,Children|Musical,6.9,4665,Comfort movie
4189,"Greatest Story Ever Told, The",1965,Drama,,,Domenica impegnativa
4190,Elmer Gantry,1960,Drama,7.7,14676,Domenica impegnativa
4191,Alfie,1966,Comedy|Drama|Romance,7.0,16999,Da vedere in due
4192,Demetrius and the Gladiators,1954,Drama,6.6,4667,Domenica impegnativa
4193,"Fantasticks, The",1995,Musical,,,Comfort movie
4194,I Know Where I'm Going!,1945,Drama|Romance|War,7.4,11555,Adrenalina
4195,"Abominable Dr. Phibes, The",1971,Horror|Mystery,,,Adrenalina
4198,Battle Beyond the Stars,1980,Sci-Fi,5.5,11732,Mente accesa
4200,Double Impact,1991,Action,5.7,48207,Venerdi leggero
4201,"End, The",1978,Comedy,,,Comfort movie
4202,Fuzz,1972,Drama,5.5,2598,Domenica impegnativa
4203,Harley Davidson and the Marlboro Man,1991,Action|Crime|Drama,6.1,25546,Adrenalina
4204,Losin' It,1983,Comedy,,,Comfort movie
4205,Mermaids,1990,Comedy|Drama|Romance,6.7,41842,Da vedere in due
4206,"Mighty Quinn, The",1989,Crime|Mystery,,,Adrenalina
4207,Navy Seals,1990,Action|Adventure|War,5.6,20003,Adrenalina
4209,Rated X,2000,Drama,5.8,3987,Domenica impegnativa
4210,Manhunter,1986,Action|Crime|Drama|Horror|Thriller,7.2,93540,Adrenalina
4211,Reversal of Fortune,1990,Drama,7.1,21741,Domenica impegnativa
4212,Death on the Nile,1978,Crime|Mystery,7.3,45153,Adrenalina
4213,Deepstar Six,1989,Horror|Sci-Fi|Thriller,5.4,15022,Adrenalina
4214,Revenge of the Nerds,1984,Comedy,6.6,62795,Comfort movie
4215,Revenge of the Nerds II: Nerds in Paradise,1987,Comedy,5.1,16428,Comfort movie
4216,Longtime Companion,1990,Drama,,,Domenica impegnativa
4217,4 Little Girls,1997,Documentary,7.8,3911,Domenica impegnativa
4218,River's Edge,1986,Crime|Drama,6.8,23764,Adrenalina
4219,Girls Just Want to Have Fun,1985,Comedy,6.0,12937,Comfort movie
4220,"Longest Yard, The",1974,Comedy,,,Comfort movie
4221,Necessary Roughness,1991,Comedy,6.2,14079,Comfort movie
4223,Enemy at the Gates,2001,Drama|War,7.5,295865,Adrenalina
4224,Exit Wounds,2001,Action|Thriller,5.6,37651,Adrenalina
4225,"Dish, The",2001,Comedy,,,Comfort movie
4226,Memento,2000,Mystery|Thriller,8.4,1458988,Adrenalina
4228,Heartbreakers,2001,Comedy|Crime|Romance,6.3,62694,Adrenalina
4229,Say It Isn't So,2001,Comedy|Romance,5.0,14292,Da vedere in due
4231,Someone Like You,2001,Comedy|Romance,6.1,27916,Da vedere in due
4232,Spy Kids,2001,Action|Adventure|Children|Comedy,5.7,137503,Comfort movie
4233,Tomcats,2001,Comedy,5.3,20797,Comfort movie
4234,"Tailor of Panama, The",2001,Drama|Thriller,,,Adrenalina
4235,Amores Perros (Love's a Bitch),2000,Drama|Thriller,,,Adrenalina
4236,Keep the River on Your Right: A Modern Cannibal Tale,2000,Documentary,6.7,870,Domenica impegnativa
4237,"Gleaners & I, The (Les glaneurs et la glaneuse)",2000,Documentary,,,Domenica impegnativa
4238,Along Came a Spider,2001,Action|Crime|Mystery|Thriller,6.4,104982,Adrenalina
4239,Blow,2001,Crime|Drama,7.5,289127,Adrenalina
4240,Just Visiting,2001,Comedy|Fantasy,5.7,21371,Comfort movie
4241,Pokémon 3: The Movie,2001,Animation|Children,,,Comfort movie
4242,Beautiful Creatures,2000,Comedy|Crime|Drama|Thriller,5.8,4129,Adrenalina
4246,Bridget Jones's Diary,2001,Comedy|Drama|Romance,6.8,289274,Da vedere in due
4247,Joe Dirt,2001,Adventure|Comedy|Mystery|Romance,6.0,66193,Da vedere in due
4248,Josie and the Pussycats,2001,Comedy,5.7,27246,Comfort movie
4249,Kingdom Come,2001,Comedy,5.6,2638,Comfort movie
4251,Chopper,2000,Drama|Thriller,7.1,44989,Adrenalina
4254,Crocodile Dundee in Los Angeles,2001,Comedy|Drama,4.9,27700,Comfort movie
4255,Freddy Got Fingered,2001,Comedy,4.7,54608,Comfort movie
4256,"Center of the World, The",2001,Drama,,,Domenica impegnativa
4257,"Girl, The",2000,Drama|Mystery|Romance,,,Da vedere in due
4258,"Low Down, The",2000,Drama,,,Domenica impegnativa
4259,"Luzhin Defence, The",2000,Drama|Romance,,,Da vedere in due
4262,Scarface,1983,Action|Crime|Drama,8.3,1034513,Adrenalina
4263,Days of Wine and Roses,1962,Drama,7.8,15246,Domenica impegnativa
4265,Driven,2001,Action|Thriller,4.6,45498,Adrenalina
4266,"Forsaken, The",2001,Horror,,,Adrenalina
4267,One Night at McCool's,2001,Comedy,6.2,30772,Comfort movie
4268,Town & Country,2001,Comedy,4.5,5475,Comfort movie
4269,Rat,2000,Comedy|Drama|Romance,5.9,1073,Da vedere in due
4270,"Mummy Returns, The",2001,Action|Adventure|Comedy|Thriller,,,Adrenalina
4274,Cleopatra,1963,Drama|Romance,7.0,41805,Da vedere in due
4275,Krull,1983,Action|Adventure|Fantasy|Sci-Fi,6.1,39842,Mente accesa
4276,Lost in America,1985,Comedy,7.0,11637,Comfort movie
4277,"Lost World, The",1925,Adventure|Sci-Fi,,,Mente accesa
4278,Triumph of the Will (Triumph des Willens),1934,Documentary,,,Domenica impegnativa
4279,True Believer,1989,Crime,6.7,6089,Adrenalina
4280,"World According to Garp, The",1982,Comedy|Drama|Romance,,,Da vedere in due
4282,Satyricon,1969,Drama,6.8,18336,Domenica impegnativa
4283,Fellini's Roma (Roma),1972,Drama,,,Domenica impegnativa
4284,Frankie and Johnny,1966,Comedy,5.6,2740,Comfort movie
4285,Frankie and Johnny,1991,Comedy|Romance,6.8,39368,Da vedere in due
4286,"Home of Our Own, A",1993,Drama,,,Domenica impegnativa
4290,For the Boys,1991,Comedy|Drama|Musical,6.4,6476,Comfort movie
4291,Nine to Five (a.k.a. 9 to 5),1980,Comedy|Crime,,,Adrenalina
4292,Norma Rae,1979,Drama,7.3,14211,Domenica impegnativa
4293,Summer Rental,1985,Comedy,6.3,20545,Comfort movie
4294,"5,000 Fingers of Dr. T, The",1953,Children|Fantasy|Musical,,,Comfort movie
4296,Love Story,1970,Drama|Romance,6.9,40703,Da vedere in due
4297,Pelle the Conqueror (Pelle erobreren),1987,Drama,,,Domenica impegnativa
4298,Rififi (Du rififi chez les hommes),1955,Crime|Film-Noir|Thriller,,,Adrenalina
4299,"Knight's Tale, A",2001,Action|Comedy|Romance,,,Da vedere in due
4300,Bread and Roses,2000,Drama,7.0,6428,Domenica impegnativa
4304,Startup.com,2001,Documentary,7.1,3498,Domenica impegnativa
4305,Angel Eyes,2001,Romance|Thriller,5.7,27249,Adrenalina
4306,Shrek,2001,Adventure|Animation|Children|Comedy|Fantasy|Romance,7.9,821562,Da vedere in due
4308,Moulin Rouge,2001,Drama|Musical|Romance,7.5,316945,Da vedere in due
4310,Pearl Harbor,2001,Action|Drama|Romance|War,6.3,372839,Adrenalina
4312,Himalaya (Himalaya - l'enfance d'un chef),1999,Adventure|Drama,,,Domenica impegnativa
4313,"Man Who Cried, The",2000,Drama,,,Domenica impegnativa
4315,Gabriela,2001,Comedy|Drama|Romance,4.8,1551,Da vedere in due
4316,Ice Castles,1978,Drama,6.6,4526,Domenica impegnativa
4317,Love Potion #9,1992,Comedy|Romance,,,Da vedere in due
4318,Postcards From the Edge,1990,Comedy|Drama,6.7,22780,Comfort movie
4321,City Slickers,1991,Comedy|Western,6.8,67983,Comfort movie
4322,Eight Men Out,1988,Drama,7.2,24297,Domenica impegnativa
4323,"Horse Soldiers, The",1959,Adventure|War|Western,,,Adrenalina
4324,"Kentuckian, The",1955,Drama|Western,,,Domenica impegnativa
4326,Mississippi Burning,1988,Crime|Drama|Thriller,7.8,128877,Adrenalina
4327,"Magnificent Seven, The",1960,Adventure|Western,,,Venerdi leggero
4328,"Return of the Magnificent Seven, The (a.k.a. Return of the Seven)",1966,Western,,,Venerdi leggero
4329,Rio Bravo,1959,Western,7.9,74431,Venerdi leggero
4331,Semi-Tough,1978,Comedy,,,Comfort movie
4332,Suspect,1987,Crime|Drama|Thriller,6.6,13206,Adrenalina
4333,Throw Momma from the Train,1987,Comedy|Crime,6.3,44728,Adrenalina
4334,Yi Yi,2000,Drama,8.1,35034,Domenica impegnativa
4335,Midnight Madness,1980,Comedy,6.3,4258,Comfort movie
4336,Nightwatch (Nattevagten),1994,Horror|Thriller,,,Adrenalina
4337,"Sand Pebbles, The",1966,Drama|Romance|War,,,Adrenalina
4338,Twelve O'Clock High,1949,Drama|War,7.7,15856,Adrenalina
4339,Von Ryan's Express,1965,Action|Adventure|Drama|War,7.1,16366,Adrenalina
4340,"Animal, The",2001,Comedy,,,Comfort movie
4341,What's the Worst That Could Happen?,2001,Comedy,5.5,18288,Comfort movie
4343,Evolution,2001,Comedy|Sci-Fi,6.1,143084,Mente accesa
4344,Swordfish,2001,Action|Crime|Drama,6.5,204606,Adrenalina
4345,"Anniversary Party, The",2001,Drama,,,Domenica impegnativa
4346,Bride of the Wind,2001,Drama|Musical|Romance,5.7,766,Da vedere in due
4347,Divided We Fall (Musíme si pomáhat),2000,Comedy|Drama,,,Comfort movie
4349,Catch-22,1970,Comedy|War,7.1,27324,Adrenalina
4351,Point Break,1991,Action|Crime|Thriller,7.3,229649,Adrenalina
4352,Shag,1989,Comedy|Drama,6.8,53,Comfort movie
4353,Uncommon Valor,1983,Action|War,6.3,13644,Adrenalina
4354,Unlawful Entry,1992,Crime|Thriller,6.4,22493,Adrenalina
4355,Youngblood,1986,Action|Drama,6.2,16035,Domenica impegnativa
4356,Gentlemen Prefer Blondes,1953,Comedy|Musical|Romance,7.1,47064,Da vedere in due
4357,How to Marry a Millionaire,1953,Comedy|Drama|Romance,6.8,27142,Da vedere in due
4359,"Seven Year Itch, The",1955,Comedy,,,Comfort movie
4360,There's No Business Like Show Business,1954,Musical,6.4,7451,Comfort movie
4361,Tootsie,1982,Comedy|Romance,7.4,123895,Da vedere in due
4365,Pavilion of Women,2000,Drama,,,Domenica impegnativa
4366,Atlantis: The Lost Empire,2001,Adventure|Animation|Children|Fantasy,6.9,150236,Comfort movie
4367,Lara Croft: Tomb Raider,2001,Action|Adventure,5.8,231939,Venerdi leggero
4368,Dr. Dolittle 2,2001,Comedy,4.8,49090,Comfort movie
4369,"Fast and the Furious, The",2001,Action|Crime|Thriller,,,Adrenalina
4370,A.I. Artificial Intelligence,2001,Adventure|Drama|Sci-Fi,7.2,342990,Domenica impegnativa
4371,Baby Boy,2001,Crime|Drama,6.5,18893,Adrenalina
4372,Crazy/Beautiful,2001,Drama|Romance,6.4,27825,Da vedere in due
4373,Pootie Tang,2001,Comedy,5.3,15912,Comfort movie
4374,Let It Snow,1999,Comedy|Romance,,,Da vedere in due
4378,Sexy Beast,2000,Crime|Drama,7.3,76946,Adrenalina
4380,"Princess and the Warrior, The (Krieger und die Kaiserin, Der)",2000,Drama|Romance,,,Da vedere in due
4381,"Closet, The (Placard, Le)",2001,Comedy,,,Comfort movie
4382,Wolves,1999,Documentary|IMAX,,,Domenica impegnativa
4383,"Crimson Rivers, The (Rivières pourpres, Les)",2000,Crime|Drama|Mystery|Thriller,,,Adrenalina
4384,Lumumba,2000,Drama,7.2,2240,Domenica impegnativa
4386,Cats & Dogs,2001,Children|Comedy,5.2,66250,Comfort movie
4387,Kiss of the Dragon,2001,Action,6.6,70170,Venerdi leggero
4388,Scary Movie 2,2001,Comedy,5.4,200418,Comfort movie
4390,Rape Me (Baise-moi),2000,Crime|Drama|Thriller,,,Adrenalina
4392,Alice,1990,Comedy|Drama|Fantasy|Romance,6.6,16444,Da vedere in due
4393,Another Woman,1988,Drama,7.2,16477,Domenica impegnativa
4394,Beach Blanket Bingo,1965,Comedy|Musical,5.7,3428,Comfort movie
4396,"Cannonball Run, The",1981,Action|Comedy,,,Comfort movie
4397,Cannonball Run II,1984,Action|Comedy,5.1,19100,Comfort movie
4398,Speed Zone! (a.k.a. Cannonball Run III),1989,Action|Comedy,,,Comfort movie
4400,Donovan's Brain,1953,Sci-Fi,5.9,1874,Mente accesa
4401,Donovan's Reef,1963,Action|Comedy|Romance,6.7,10887,Da vedere in due
4403,"Fall of the House of Usher, The (House of Usher)",1960,Horror,,,Adrenalina
4404,Faust,1926,Drama|Fantasy|Horror,8.1,18631,Adrenalina
4406,"Man Who Shot Liberty Valance, The",1962,Crime|Drama|Western,,,Adrenalina
4407,Salvador,1986,Drama|Thriller|War,7.3,25752,Adrenalina
4410,Something Wild,1986,Comedy|Crime|Drama,6.9,24316,Adrenalina
4411,Sons of Katie Elder,1965,Western,,,Venerdi leggero
4415,Cheech & Chong's Nice Dreams,1981,Comedy,,,Comfort movie
4416,"Day the Earth Caught Fire, The",1961,Sci-Fi,,,Mente accesa
4419,All That Heaven Allows,1955,Drama|Romance,7.6,18819,Da vedere in due
4420,"Barefoot Contessa, The",1954,Drama,,,Domenica impegnativa
4424,"Garden of the Finzi-Continis, The (Giardino dei Finzi-Contini, Il)",1970,Drama,,,Domenica impegnativa
4425,Howling III: The Marsupials,1987,Comedy|Horror,,,Adrenalina
4426,Kiss Me Deadly,1955,Film-Noir,7.5,23964,Domenica impegnativa
4427,"Lion in Winter, The",1968,Drama,,,Domenica impegnativa
4428,"Misfits, The",1961,Comedy|Drama|Romance|Western,,,Da vedere in due
4429,Moby Dick,1956,Drama,7.3,23362,Domenica impegnativa
4431,Rembrandt,1936,Drama,7.0,2247,Domenica impegnativa
4432,Sweet Smell of Success,1957,Drama|Film-Noir,8.0,40647,Domenica impegnativa
4433,Written on the Wind,1956,Drama,7.3,15315,Domenica impegnativa
4437,Suspiria,1977,Horror,7.3,116596,Adrenalina
4438,"Fist of Fury (Chinese Connection, The) (Jing wu men)",1972,Action|Drama|Romance|Thriller,,,Adrenalina
4439,Christiane F. (a.k.a. We Children from Bahnhof Zoo) (Christiane F. - Wir Kinder vom Bahnhof Zoo),1981,Drama,,,Domenica impegnativa
4440,"Big Boss, The (Fists of Fury) (Tang shan da xiong)",1971,Action|Thriller,,,Adrenalina
4441,Game of Death,1978,Action,5.9,22997,Venerdi leggero
4443,Outland,1981,Action|Sci-Fi|Thriller,6.6,36016,Adrenalina
4444,"Way of the Dragon, The (a.k.a. Return of the Dragon) (Meng long guo jiang)",1972,Action|Crime,,,Adrenalina
4445,T-Rex: Back to the Cretaceous,1998,Adventure|Documentary|IMAX,4.8,836,Domenica impegnativa
4446,Final Fantasy: The Spirits Within,2001,Adventure|Animation|Fantasy|Sci-Fi,6.4,86736,Mente accesa
4447,Legally Blonde,2001,Comedy|Romance,6.5,293264,Da vedere in due
4448,"Score, The",2001,Action|Drama,,,Domenica impegnativa
4450,Bully,2001,Crime|Drama|Thriller,6.9,42484,Adrenalina
4452,Made,2001,Comedy,6.3,20536,Comfort movie
4456,Haunted Castle,2001,Animation|Horror|IMAX,,,Adrenalina
4460,Encounter in the Third Dimension,1999,IMAX,,,Venerdi leggero
4462,18 Again!,1988,Comedy|Fantasy,5.8,5564,Comfort movie
4464,"Accidental Tourist, The",1988,Comedy|Drama|Romance,,,Da vedere in due
4465,"Accused, The",1988,Drama,,,Domenica impegnativa
4466,Above the Law,1988,Action|Crime|Drama,6.0,37450,Adrenalina
4467,"Adventures of Baron Munchausen, The",1988,Adventure|Comedy|Fantasy,,,Comfort movie
4469,Appointment with Death,1988,Crime|Mystery,6.1,8246,Adrenalina
4470,Ariel,1988,Drama,7.4,10028,Domenica impegnativa
4471,Arthur 2: On the Rocks,1988,Comedy|Romance,4.7,7185,Da vedere in due
4472,Bad Dreams,1988,Horror|Thriller,5.7,4757,Adrenalina
4473,Bat*21,1988,Drama|War,6.5,10777,Adrenalina
4474,Beaches,1988,Comedy|Drama|Musical,7.0,31516,Comfort movie
4475,"Beast of War, The (Beast, The)",1988,Drama|War,,,Adrenalina
4476,Big Business,1988,Comedy,6.4,17137,Comfort movie
4477,Big Top Pee-Wee,1988,Adventure|Children|Comedy,5.2,10914,Comfort movie
4478,Biloxi Blues,1988,Comedy|Drama,6.7,17622,Comfort movie
4479,Bird,1988,Drama|Musical,7.1,14499,Comfort movie
4480,"Blob, The",1988,Horror|Sci-Fi,,,Adrenalina
4482,"Bright Lights, Big City",1988,Drama,5.7,9824,Domenica impegnativa
4483,Caddyshack II,1988,Comedy,3.8,17359,Comfort movie
4484,Camille Claudel,1988,Drama,7.3,8054,Domenica impegnativa
4485,Casual Sex?,1988,Comedy,5.1,4590,Comfort movie
4486,Clean and Sober,1988,Drama,6.7,7914,Domenica impegnativa
4487,Cocktail,1988,Drama|Romance,6.0,99435,Da vedere in due
4488,Colors,1988,Action|Crime|Drama,6.7,34060,Adrenalina
4489,Coming to America,1988,Comedy|Romance,7.1,242411,Da vedere in due
4490,"Couch Trip, The",1988,Comedy,,,Comfort movie
4492,Critters,1986,Comedy|Sci-Fi,6.1,41930,Mente accesa
4493,Critters 2: The Main Course,1988,Comedy|Horror|Sci-Fi,5.6,18575,Adrenalina
4494,Critters 3,1991,Comedy|Sci-Fi,4.5,14574,Mente accesa
4495,Crossing Delancey,1988,Comedy|Romance,7.0,6238,Da vedere in due
4496,D.O.A.,1988,Film-Noir|Mystery|Thriller,6.1,11828,Adrenalina
4498,"Dead Pool, The",1988,Action|Crime|Thriller,,,Adrenalina
4499,Dirty Rotten Scoundrels,1988,Comedy,7.4,87409,Comfort movie
4500,Drowning by Numbers,1988,Comedy|Drama,7.1,10663,Comfort movie
4501,"Elvira, Mistress of the Dark",1988,Comedy|Horror,6.6,23445,Adrenalina
4502,Ernest Saves Christmas,1988,Children|Comedy,5.8,14433,Comfort movie
4506,Frantic,1988,Crime|Mystery|Thriller,6.8,62172,Adrenalina
4508,Gorillas in the Mist,1988,Drama,7.1,31599,Domenica impegnativa
4509,"Great Outdoors, The",1988,Comedy,,,Comfort movie
4515,Imagine: John Lennon,1988,Documentary,7.8,5445,Domenica impegnativa
4516,Johnny Be Good,1988,Comedy,4.6,8164,Comfort movie
4518,"Lair of the White Worm, The",1988,Horror,,,Adrenalina
4519,"Land Before Time, The",1988,Adventure|Animation|Children|Fantasy,,,Comfort movie
4521,Little Nikita,1988,Drama,5.9,6414,Domenica impegnativa
4522,Masquerade,1988,Mystery|Romance|Thriller,6.1,5404,Adrenalina
4523,Milagro Beanfield War,1988,Comedy|Drama|Fantasy,,,Comfort movie
4524,Moon Over Parador,1988,Comedy,6.0,7075,Comfort movie
4526,My Stepmother Is an Alien,1988,Comedy|Romance|Sci-Fi,5.4,29736,Da vedere in due
4529,Bagdad Cafe (Out of Rosenheim),1987,Comedy|Drama,,,Comfort movie
4531,Red Heat,1988,Action,6.2,82224,Venerdi leggero
4532,Return of the Living Dead Part II,1988,Comedy|Horror,5.7,23742,Adrenalina
4533,"Return of the Living Dead, The",1985,Comedy|Horror|Sci-Fi,,,Adrenalina
4534,Return to Snowy River (a.k.a. The Man From Snowy River II),1988,Adventure|Drama|Western,,,Domenica impegnativa
4535,"Man from Snowy River, The",1982,Drama|Romance|Western,,,Da vedere in due
4536,Rocket Gibraltar,1988,Drama,6.5,2356,Domenica impegnativa
4537,Running on Empty,1988,Drama,7.6,20279,Domenica impegnativa
4541,"Serpent and the Rainbow, The",1988,Horror,,,Adrenalina
4543,Shoot to Kill,1988,Action|Adventure,6.8,16376,Venerdi leggero
4544,Short Circuit 2,1988,Comedy|Sci-Fi,5.8,28477,Mente accesa
4545,Short Circuit,1986,Comedy|Sci-Fi,6.6,71549,Mente accesa
4546,"Vanishing, The (Spoorloos)",1988,Drama|Thriller,,,Adrenalina
4550,Switching Channels,1988,Comedy,5.9,4511,Comfort movie
4552,"Tetsuo, the Ironman (Tetsuo)",1988,Action|Horror|Sci-Fi|Thriller,,,Adrenalina
4553,They Live,1988,Action|Sci-Fi|Thriller,7.2,167103,Adrenalina
4555,Torch Song Trilogy,1988,Comedy|Drama|Romance,7.8,8363,Da vedere in due
4557,Tucker: The Man and His Dream,1988,Drama,6.9,22860,Domenica impegnativa
4558,Twins,1988,Comedy,6.2,150994,Comfort movie
4563,Young Einstein,1988,Comedy,5.3,9729,Comfort movie
4564,Always,1989,Drama|Fantasy|Romance,6.4,35947,Da vedere in due
4565,American Ninja,1985,Action|Adventure,5.5,18849,Venerdi leggero
4566,American Ninja 2: The Confrontation,1987,Action|Adventure,5.0,10861,Venerdi leggero
4567,American Ninja 3: Blood Hunt,1989,Action|Adventure,3.8,6447,Venerdi leggero
4568,Best of the Best,1989,Action,6.4,16898,Venerdi leggero
4569,Best of the Best 2,1993,Action,,,Venerdi leggero
4570,"Big Picture, The",1989,Comedy|Drama,,,Comfort movie
4571,Bill & Ted's Excellent Adventure,1989,Adventure|Comedy|Sci-Fi,6.9,150932,Mente accesa
4572,Black Rain,1989,Action|Crime|Drama,6.6,65464,Adrenalina
4577,Casualties of War,1989,Drama|War,7.1,52354,Adrenalina
4578,Chances Are,1989,Comedy|Romance,6.5,13846,Da vedere in due
4580,Cyborg,1989,Action|Sci-Fi,5.1,37461,Mente accesa
4581,Dad,1989,Drama,6.3,5603,Domenica impegnativa
4583,Disorganized Crime,1989,Action|Comedy,6.3,2907,Comfort movie
4586,"Dry White Season, A",1989,Drama|Thriller,,,Adrenalina
4587,Earth Girls Are Easy,1988,Comedy|Musical|Sci-Fi,5.5,26344,Mente accesa
4588,Eddie and the Cruisers II: Eddie Lives!,1989,Drama|Musical,6.3,3560,Comfort movie
4589,Eddie and the Cruisers,1983,Drama|Musical|Mystery,6.9,9896,Mente accesa
4591,Erik the Viking,1989,Adventure|Comedy|Fantasy,6.2,15357,Comfort movie
4593,Family Business,1989,Comedy,5.8,15078,Comfort movie
4595,Fat Man and Little Boy,1989,Drama,6.5,9921,Domenica impegnativa
4598,Going Overboard,1989,Comedy,1.8,15099,Comfort movie
4599,Great Balls of Fire!,1989,Drama,6.3,18698,Domenica impegnativa
4600,Gross Anatomy (a.k.a. A Cut Above),1989,Comedy|Drama,,,Comfort movie
4602,Harlem Nights,1989,Comedy|Crime|Romance,6.1,27624,Adrenalina
4603,Her Alibi,1989,Comedy|Romance,5.8,8581,Da vedere in due
4605,How to Get Ahead in Advertising,1989,Comedy|Fantasy,6.8,7191,Comfort movie
4607,In Country,1989,Drama,5.9,3431,Domenica impegnativa
4608,"Innocent Man, An",1989,Crime|Drama,,,Adrenalina
4609,Jacknife,1989,Drama,6.4,7133,Domenica impegnativa
4610,"January Man, The",1989,Comedy|Crime|Mystery|Thriller,,,Adrenalina
4612,Jesus of Montreal (Jésus de Montréal),1989,Drama,,,Domenica impegnativa
4613,K-9,1989,Action|Comedy|Crime,6.1,37977,Adrenalina
4614,Kickboxer,1989,Action,6.4,67277,Venerdi leggero
4615,Last Exit to Brooklyn,1989,Drama,6.8,7738,Domenica impegnativa
4616,Lean on Me,1989,Drama,7.4,25074,Domenica impegnativa
4619,Little Monsters,1989,Comedy,6.1,15587,Comfort movie
4620,Lock Up,1989,Action|Adventure|Crime|Drama|Thriller,6.4,48907,Adrenalina
4621,Look Who's Talking,1989,Comedy|Romance,6.0,90614,Da vedere in due
4623,Major League,1989,Comedy,7.3,84127,Comfort movie
4624,Meet the Feebles,1989,Animation|Comedy|Musical,6.6,22025,Comfort movie
4625,Millennium,1989,Drama|Sci-Fi|Thriller,5.8,7714,Adrenalina
4626,Miracle Mile,1989,Drama|Romance|Sci-Fi,,,Da vedere in due
4627,Miss Firecracker,1989,Comedy,6.1,2543,Comfort movie
4628,New York Stories,1989,Comedy|Drama,6.4,21089,Comfort movie
4631,Old Gringo,1989,Drama,5.7,2261,Domenica impegnativa
4633,Parents,1989,Comedy|Drama|Horror,,,Adrenalina
4634,Penn & Teller Get Killed,1989,Adventure|Comedy,5.7,2161,Comfort movie
4635,Pink Cadillac,1989,Action|Comedy|Drama,5.4,13308,Comfort movie
4636,"Punisher, The",1989,Action,,,Venerdi leggero
4638,Jurassic Park III,2001,Action|Adventure|Sci-Fi|Thriller,6.0,376026,Adrenalina
4639,America's Sweethearts,2001,Comedy|Romance,5.7,61972,Da vedere in due
4640,Brother,2000,Action|Crime|Thriller,7.1,26106,Adrenalina
4641,Ghost World,2001,Comedy|Drama,7.3,131826,Comfort movie
4642,Hedwig and the Angry Inch,2000,Comedy|Drama|Musical,,,Comfort movie
4643,Planet of the Apes,2001,Action|Adventure|Drama|Sci-Fi,5.7,243217,Domenica impegnativa
4644,Bread and Tulips (Pane e tulipani),2000,Comedy|Drama|Romance,,,Da vedere in due
4645,Cure,1997,Crime|Horror|Thriller,7.5,41046,Adrenalina
4646,Greenfingers,2000,Comedy|Drama,6.8,7022,Comfort movie
4647,Jackpot,2001,Drama,5.5,611,Domenica impegnativa
4649,Wet Hot American Summer,2001,Comedy,6.5,64943,Comfort movie
4653,"Return of the Musketeers, The",1989,Adventure|Comedy,,,Comfort movie
4654,Road House,1989,Action|Drama,6.7,113806,Domenica impegnativa
4655,Romero,1989,Drama,7.2,2640,Domenica impegnativa
4659,Scandal,1989,Drama,6.5,6058,Domenica impegnativa
4660,Scenes from the Class Struggle in Beverly Hills,1989,Comedy,5.9,1531,Comfort movie
4661,Sea of Love,1989,Crime|Drama|Thriller,6.8,49204,Adrenalina
4662,"See No Evil, Hear No Evil",1989,Comedy|Crime,6.9,62914,Adrenalina
4663,She's Out of Control,1989,Comedy,5.4,5326,Comfort movie
4664,Shirley Valentine,1989,Comedy|Romance,7.3,10008,Da vedere in due
4666,Skin Deep,1989,Comedy,6.1,5679,Comfort movie
4672,"Tall Guy, The",1989,Comedy|Romance,,,Da vedere in due
4673,Tango & Cash,1989,Action|Comedy|Crime|Thriller,6.4,120897,Adrenalina
4674,Tap,1989,Drama,6.6,2006,Domenica impegnativa
4676,Troop Beverly Hills,1989,Comedy,6.0,12798,Comfort movie
4677,Turner & Hooch,1989,Comedy|Crime,6.2,81764,Adrenalina
4678,UHF,1989,Comedy,6.9,34719,Comfort movie
4679,Uncle Buck,1989,Comedy,7.1,122942,Comfort movie
4680,Vampire's Kiss,1989,Comedy|Fantasy|Horror,,,Adrenalina
4681,"War of the Roses, The",1989,Comedy|Drama,,,Comfort movie
4682,Warlock,1989,Action|Horror,6.2,21137,Adrenalina
4683,"Wizard, The",1989,Adventure|Children|Comedy|Drama,,,Comfort movie
4685,Warlock: The Armageddon,1993,Horror,5.4,7625,Adrenalina
4686,Weekend at Bernie's II,1993,Adventure|Comedy,4.9,15360,Comfort movie
4688,Black Robe,1991,Adventure|Drama,7.1,8381,Domenica impegnativa
4690,"Cotton Club, The",1984,Crime|Musical,,,Adrenalina
4692,"Hotel New Hampshire, The",1984,Drama,,,Domenica impegnativa
4693,Idiot Box,1996,Crime|Drama,6.4,972,Adrenalina
4695,Who'll Stop the Rain,1978,Crime|Drama,6.6,3897,Adrenalina
4696,"Zorro, the Gay Blade",1981,Comedy,6.3,5318,Comfort movie
4697,Basket Case,1982,Comedy|Horror,,,Adrenalina
4699,Original Sin,2001,Drama|Romance|Thriller,6.0,63992,Adrenalina
4700,"Princess Diaries, The",2001,Children|Comedy|Romance,,,Da vedere in due
4701,Rush Hour 2,2001,Action|Comedy,6.7,264055,Comfort movie
4703,Chocolat,1988,Drama,7.3,5245,Domenica impegnativa
4704,Hatari!,1962,Adventure|Comedy,7.1,15956,Comfort movie
4705,"Cage aux Folles, La",1978,Comedy,,,Comfort movie
4706,"Cage aux Folles II, La",1980,Comedy,,,Comfort movie
4708,Marat/Sade,1966,Drama|Musical,,,Comfort movie
4709,Paint Your Wagon,1969,Comedy|Musical|Western,6.6,16364,Comfort movie
4710,"Shootist, The",1976,Drama|Western,,,Domenica impegnativa
4711,Theremin: An Electronic Odyssey,1993,Documentary,7.3,1039,Domenica impegnativa
4713,Altered States,1980,Drama|Sci-Fi,6.9,43043,Domenica impegnativa
4714,Any Which Way You Can,1980,Comedy,6.1,22795,Comfort movie
4716,Bad Timing: A Sensual Obsession,1980,Drama,,,Domenica impegnativa
4718,American Pie 2,2001,Comedy,6.5,289346,Comfort movie
4719,Osmosis Jones,2001,Action|Animation|Comedy|Crime|Drama|Romance|Thriller,6.3,41869,Adrenalina
4720,"Others, The",2001,Drama|Horror|Mystery|Thriller,,,Adrenalina
4721,American Outlaws,2001,Action|Comedy|Western,5.9,17389,Comfort movie
4722,All Over the Guy,2001,Comedy,6.4,5256,Comfort movie
4723,"Deep End, The",2001,Drama,,,Domenica impegnativa
4725,Session 9,2001,Horror|Thriller,6.3,67935,Adrenalina
4727,Captain Corelli's Mandolin,2001,Drama|Romance|War,5.9,37633,Adrenalina
4728,Rat Race,2001,Comedy,6.5,131775,Comfort movie
4732,Bubble Boy,2001,Comedy,5.7,36533,Comfort movie
4733,"Curse of the Jade Scorpion, The",2001,Comedy,,,Comfort movie
4734,Jay and Silent Bob Strike Back,2001,Adventure|Comedy,6.8,167373,Comfort movie
4735,Ghosts of Mars,2001,Horror|Sci-Fi|Thriller,4.9,62474,Adrenalina
4736,Summer Catch,2001,Comedy|Romance,5.1,17440,Da vedere in due
4738,Happy Accidents,2000,Romance|Sci-Fi,7.1,10654,Da vedere in due
4739,Lisa Picard is Famous (a.k.a. Famous),2000,Comedy|Drama,,,Comfort movie
4740,Maybe Baby,2000,Comedy|Romance,5.6,6299,Da vedere in due
4741,Together (Tillsammans),2000,Comedy|Drama|Romance,,,Da vedere in due
4743,Tortilla Soup,2001,Comedy|Romance,6.7,5629,Da vedere in due
4744,Jeepers Creepers,2001,Horror,6.3,158969,Adrenalina
4745,O,2001,Drama,6.1,21472,Domenica impegnativa
4746,Waking Up in Reno,2002,Comedy|Romance,5.5,6664,Da vedere in due
4748,3 Ninjas,1992,Action|Children|Comedy,5.4,25321,Comfort movie
4749,3 Ninjas Kick Back,1994,Action|Children|Comedy,4.7,10793,Comfort movie
4750,3 Ninjas Knuckle Up,1995,Action|Children,4.4,6895,Comfort movie
4754,"Wicker Man, The",1973,Drama|Horror|Mystery|Thriller,,,Adrenalina
4756,"Musketeer, The",2001,Action|Adventure|Drama|Romance,,,Da vedere in due
4757,Rock Star,2001,Comedy|Drama|Musical,6.3,47430,Comfort movie
4759,Two Can Play That Game,2001,Comedy|Drama,6.1,8184,Comfort movie
4765,L.I.E.,2001,Drama,7.1,11275,Domenica impegnativa
4767,Abbott and Costello Meet the Mummy,1955,Comedy|Horror,6.2,6987,Adrenalina
4769,Into the Arms of Strangers: Stories of the Kindertransport,2000,Documentary,7.7,2080,Domenica impegnativa
4770,"Glass House, The",2001,Thriller,,,Adrenalina
4771,Hardball,2001,Drama,6.4,36542,Domenica impegnativa
4773,Haiku Tunnel,2001,Comedy,6.1,1367,Comfort movie
4774,Big Trouble,2002,Comedy|Crime,6.4,23253,Adrenalina
4775,Glitter,2001,Drama|Musical|Romance,2.5,23472,Da vedere in due
4776,Training Day,2001,Crime|Drama|Thriller,7.8,525506,Adrenalina
4782,Sidewalks of New York,2001,Comedy|Romance,6.4,7101,Da vedere in due
4783,"Endurance: Shackleton's Legendary Antarctic Expedition, The",2000,Documentary,,,Domenica impegnativa
4784,"French Lieutenant's Woman, The",1981,Drama,,,Domenica impegnativa
4785,"Great Silence, The (Grande silenzio, Il)",1969,Drama|Western,,,Domenica impegnativa
4787,Little Man Tate,1991,Drama,6.6,18123,Domenica impegnativa
4788,Moscow Does Not Believe in Tears (Moskva slezam ne verit),1979,Drama|Romance,,,Da vedere in due
4789,Phantom of the Paradise,1974,Comedy|Fantasy|Horror|Musical|Thriller,7.3,26588,Adrenalina
4790,"Return of a Man Called Horse, The",1976,Western,,,Venerdi leggero
4791,Valdez Is Coming,1971,Western,6.7,5261,Venerdi leggero
4792,13 Ghosts,1960,Horror,6.1,8405,Adrenalina
4795,Father Goose,1964,Adventure|Comedy|Romance|War,7.3,13738,Adrenalina
4796,"Grass Is Greener, The",1960,Comedy|Romance,,,Da vedere in due
4798,Indiscreet,1958,Comedy|Romance,6.8,11368,Da vedere in due
4799,"It's a Mad, Mad, Mad, Mad World",1963,Comedy,7.4,51684,Comfort movie
4800,King Solomon's Mines,1937,Action|Adventure|Drama|Romance|Thriller,6.3,1672,Adrenalina
4801,"Little Foxes, The",1941,Drama,,,Domenica impegnativa
4802,Operation Petticoat,1959,Action|Comedy|Romance|War,7.2,17845,Adrenalina
4803,Play Misty for Me,1971,Drama|Thriller,6.9,35637,Adrenalina
4804,Pocketful of Miracles,1961,Comedy|Drama,7.1,8907,Comfort movie
4805,Sayonara,1957,Drama,7.0,9010,Domenica impegnativa
4807,Spring Break,1983,Comedy,4.9,3885,Comfort movie
4808,"Vanishing, The",1993,Mystery|Thriller,,,Adrenalina
4809,Silkwood,1983,Drama,7.1,25101,Domenica impegnativa
4810,I Never Promised You a Rose Garden,1977,Drama,6.4,1754,Domenica impegnativa
4811,Quadrophenia,1979,Drama|Musical,7.2,22820,Comfort movie
4812,SpaceCamp,1986,Adventure|Sci-Fi,5.8,15665,Mente accesa
4813,When Worlds Collide,1951,Sci-Fi,6.6,10562,Mente accesa
4814,Don't Say a Word,2001,Thriller,6.3,68333,Adrenalina
4815,Hearts in Atlantis,2001,Drama,6.9,43747,Domenica impegnativa
4816,Zoolander,2001,Comedy,6.5,320689,Comfort movie
4818,Extreme Days,2001,Action|Adventure|Comedy|Drama,5.7,1437,Comfort movie
4821,Joy Ride,2001,Adventure|Thriller,6.6,84909,Adrenalina
4822,Max Keeble's Big Move,2001,Children|Comedy,5.5,9572,Comfort movie
4823,Serendipity,2001,Comedy|Romance,6.8,132916,Da vedere in due
4826,"Big Red One, The",1980,Action|Adventure|Drama|War,,,Adrenalina
4830,Brubaker,1980,Crime|Drama,7.2,21703,Adrenalina
4833,"Changeling, The",1980,Horror|Mystery|Thriller,,,Adrenalina
4834,Cheech & Chong's Next Movie,1980,Comedy,,,Comfort movie
4835,Coal Miner's Daughter,1980,Drama,7.5,22506,Domenica impegnativa
4836,"Competition, The",1980,Drama|Romance,,,Da vedere in due
4841,Divine Madness!,1980,Comedy,7.0,1078,Comfort movie
4842,"Dogs of War, The",1980,Drama|War,,,Adrenalina
4844,Bandits,2001,Comedy|Crime|Romance,6.5,74924,Adrenalina
4845,Corky Romano,2001,Comedy|Crime,4.8,14274,Adrenalina
4846,Iron Monkey (Siu nin Wong Fei-hung ji: Tit Ma Lau),1993,Action|Comedy,,,Comfort movie
4848,Mulholland Drive,2001,Crime|Drama|Film-Noir|Mystery|Thriller,7.9,434262,Adrenalina
4849,My First Mister,2001,Comedy|Drama,7.1,6158,Comfort movie
4852,Bones,2001,Horror,4.5,8672,Adrenalina
4853,Brannigan,1975,Action,6.1,7375,Venerdi leggero
4854,Clambake,1967,Musical,5.7,3666,Comfort movie
4855,Dirty Harry,1971,Action|Crime|Thriller,7.7,182758,Adrenalina
4857,Fiddler on the Roof,1971,Drama|Musical,8.0,52814,Comfort movie
4860,Making the Grade,1984,Comedy,5.6,1770,Comfort movie
4861,Mission to Mir,1997,Documentary|IMAX,,,Domenica impegnativa
4862,Not Without My Daughter,1991,Drama,6.6,18133,Domenica impegnativa
4864,Titanica,1992,Documentary|IMAX,6.4,421,Domenica impegnativa
4865,From Hell,2001,Crime|Horror|Mystery|Thriller,6.7,173053,Adrenalina
4866,"Last Castle, The",2001,Action,,,Venerdi leggero
4867,Riding in Cars with Boys,2001,Comedy|Drama,6.5,32151,Comfort movie
4868,Bangkok Dangerous,2000,Action|Crime|Romance,6.5,3854,Adrenalina
4870,Dancing at the Blue Iguana,2000,Drama,5.7,4433,Domenica impegnativa
4871,Focus,2001,Drama,6.7,3294,Domenica impegnativa
4873,Waking Life,2001,Animation|Drama|Fantasy,7.6,69916,Comfort movie
4874,K-PAX,2001,Drama|Fantasy|Mystery|Sci-Fi,7.4,204136,Domenica impegnativa
4876,Thirteen Ghosts (a.k.a. Thir13en Ghosts),2001,Horror|Thriller,,,Adrenalina
4877,Better Than Sex,2000,Comedy|Romance,6.3,2325,Da vedere in due
4878,Donnie Darko,2001,Drama|Mystery|Sci-Fi|Thriller,8.0,920236,Adrenalina
4879,High Heels and Low Lifes,2001,Action|Comedy|Crime|Drama,6.1,3863,Adrenalina
4880,Life as a House,2001,Drama,7.4,47596,Domenica impegnativa
4881,"Man Who Wasn't There, The",2001,Crime|Drama,,,Adrenalina
4884,Trembling Before G-d,2001,Documentary,7.0,983,Domenica impegnativa
4885,Domestic Disturbance,2001,Thriller,5.6,29929,Adrenalina
4886,"Monsters, Inc.",2001,Adventure|Animation|Children|Comedy|Fantasy,8.1,1091484,Comfort movie
4887,"One, The",2001,Action|Sci-Fi|Thriller,,,Adrenalina
4888,Tape,2001,Drama,7.2,22414,Domenica impegnativa
4889,Heist,2001,Crime|Drama,6.5,41594,Adrenalina
4890,Shallow Hal,2001,Comedy|Fantasy|Romance,6.0,155736,Da vedere in due
4893,When a Stranger Calls,1979,Horror|Thriller,6.4,16166,Adrenalina
4895,"Wash, The",2001,Comedy,,,Comfort movie
4896,Harry Potter and the Sorcerer's Stone (a.k.a. Harry Potter and the Philosopher's Stone),2001,Adventure|Children|Fantasy,,,Comfort movie
4897,"Fluffer, The",2001,Drama|Romance,,,Da vedere in due
4898,Novocaine,2001,Comedy|Crime|Mystery|Thriller,5.8,12507,Adrenalina
4899,Black Knight,2001,Adventure|Comedy|Fantasy,5.0,46617,Comfort movie
4901,Spy Game,2001,Action|Crime|Drama|Thriller,7.1,178549,Adrenalina
4902,"Devil's Backbone, The (Espinazo del diablo, El)",2001,Drama|Fantasy|Horror|Thriller|War,,,Adrenalina
4903,In the Bedroom,2001,Drama,7.4,44716,Domenica impegnativa
4911,Jabberwocky,1977,Adventure|Comedy|Fantasy,6.1,17317,Comfort movie
4912,Funny Girl,1968,Drama|Musical|Romance,7.4,27713,Da vedere in due
4913,Circus of Horrors,1960,Horror,6.0,2881,Adrenalina
4914,Breathless (À bout de souffle),1960,Crime|Drama|Romance,,,Adrenalina
4915,"Beastmaster, The",1982,Action|Adventure|Fantasy,,,Venerdi leggero
4916,Midway,1976,Drama|War,6.8,23596,Adrenalina
4917,MacArthur,1977,Drama,6.5,5705,Domenica impegnativa
4918,"Young Lions, The",1958,Drama|War,,,Adrenalina
4919,Subway,1985,Crime|Drama|Romance|Thriller,6.5,18062,Adrenalina
4920,"Now, Voyager",1942,Drama|Romance,7.8,21059,Da vedere in due
4921,Little Women,1933,Drama|Romance,7.1,8613,Da vedere in due
4922,Halls of Montezuma,1950,Adventure|War,,,Adrenalina
4923,Guadalcanal Diary,1943,Action|War,6.6,2452,Adrenalina
4925,"Cheap Detective, The",1978,Comedy,,,Comfort movie
4928,That Obscure Object of Desire (Cet obscur objet du désir),1977,Drama,,,Domenica impegnativa
4929,"Toy, The",1982,Comedy,,,Comfort movie
4930,Funeral in Berlin,1966,Action|Drama|Thriller,6.8,8821,Adrenalina
4932,Dressed to Kill,1980,Mystery|Thriller,7.0,56353,Adrenalina
4936,Fame,1980,Drama|Musical,6.6,26702,Comfort movie
4937,Fatso,1980,Comedy,6.2,2578,Comfort movie
4939,"Final Countdown, The",1980,Action|Sci-Fi,,,Mente accesa
4941,Flash Gordon,1980,Action|Adventure|Sci-Fi,6.5,67012,Mente accesa
4944,Empire of the Ants,1977,Horror|Sci-Fi,4.4,6223,Adrenalina
4945,"Enforcer, The",1976,Crime,,,Adrenalina
4947,"Gauntlet, The",1977,Action,,,Venerdi leggero
4949,Invasion U.S.A.,1985,Action|Thriller,5.5,13375,Adrenalina
4950,Lone Wolf McQuade,1983,Action,6.3,16471,Venerdi leggero
4951,Lord of the Flies,1990,Adventure|Drama|Thriller,6.4,36090,Adrenalina
4952,Morons From Outer Space,1985,Comedy|Sci-Fi,4.5,2351,Mente accesa
4954,Ocean's Eleven (a.k.a. Ocean's 11),1960,Comedy|Crime,,,Adrenalina
4955,"Sicilian, The",1987,Crime|Drama,,,Adrenalina
4956,"Stunt Man, The",1980,Action|Adventure|Comedy|Drama|Romance|Thriller,,,Adrenalina
4957,Sudden Impact,1983,Crime|Thriller,6.6,52865,Adrenalina
4958,Behind Enemy Lines,2001,Action|Drama|War,6.4,120134,Adrenalina
4959,"Affair of the Necklace, The",2001,Drama,,,Domenica impegnativa
4960,"Independent, The",2000,Comedy,,,Comfort movie
4961,Pornstar: The Legend of Ron Jeremy,2001,Documentary,6.4,2497,Domenica impegnativa
4963,Ocean's Eleven,2001,Crime|Thriller,7.7,683422,Adrenalina
4966,"Incredible Shrinking Man, The",1957,Sci-Fi|Thriller,,,Adrenalina
4967,No Man's Land,2001,Drama|War,7.9,50907,Adrenalina
4969,And Then There Were None,1945,Crime|Mystery,7.3,18828,Adrenalina
4970,"Blue Angel, The (Blaue Engel, Der)",1930,Drama,,,Domenica impegnativa
4971,Moscow on the Hudson,1984,Comedy|Drama,6.5,14329,Comfort movie
4972,"Owl and the Pussycat, The",1970,Comedy,,,Comfort movie
4973,"Amelie (Fabuleux destin d'Amélie Poulain, Le)",2001,Comedy|Romance,,,Da vedere in due
4974,Not Another Teen Movie,2001,Comedy,5.8,128477,Comfort movie
4975,Vanilla Sky,2001,Mystery|Romance|Sci-Fi|Thriller,6.9,312079,Adrenalina
4976,Iris,2001,Drama,7.0,19975,Domenica impegnativa
4978,Lantana,2001,Drama|Mystery|Thriller,7.2,20983,Adrenalina
4979,"Royal Tenenbaums, The",2001,Comedy|Drama,,,Comfort movie
4980,Bill & Ted's Bogus Journey,1991,Adventure|Comedy|Fantasy|Sci-Fi,6.3,85706,Mente accesa
4981,Clockwise,1986,Comedy,6.6,14800,Comfort movie
4984,Morgan!,1966,Comedy|Drama|Fantasy,6.5,2253,Comfort movie
4989,How High,2001,Comedy,6.2,65825,Comfort movie
4990,Jimmy Neutron: Boy Genius,2001,Adventure|Animation|Children|Comedy,6.1,40970,Comfort movie
4991,Joe Somebody,2001,Comedy|Drama|Romance,5.6,11858,Da vedere in due
4992,Kate & Leopold,2001,Comedy|Romance,6.4,94750,Da vedere in due
4993,"Lord of the Rings: The Fellowship of the Ring, The",2001,Adventure|Fantasy,,,Venerdi leggero
4994,"Majestic, The",2001,Comedy|Drama|Romance,,,Da vedere in due
4995,"Beautiful Mind, A",2001,Drama|Romance,,,Da vedere in due
4996,Little Otik (Otesánek),2000,Comedy|Drama|Fantasy,,,Comfort movie
4997,"Convent, The",2000,Horror|Sci-Fi,,,Adrenalina
4998,"Defiant Ones, The",1958,Adventure|Crime|Drama|Thriller,,,Adrenalina
4999,Dodsworth,1936,Drama|Romance,7.7,11238,Da vedere in due
5001,Sahara,1943,Action|Drama|War,7.5,11179,Adrenalina
5002,Fritz the Cat,1972,Animation,6.2,16393,Comfort movie
5004,"Party, The",1968,Comedy,,,Comfort movie
5005,Separate Tables,1958,Drama,7.3,9999,Domenica impegnativa
5007,Topkapi,1964,Adventure|Comedy|Thriller,6.9,11735,Adrenalina
5008,Witness for the Prosecution,1957,Drama|Mystery|Thriller,8.4,164390,Adrenalina
5009,Ali,2001,Drama,6.7,111042,Domenica impegnativa
5010,Black Hawk Down,2001,Action|Drama|War,7.7,459707,Adrenalina
5011,Charlotte Gray,2001,Drama|Romance,6.4,12508,Da vedere in due
5012,Yentl,1983,Drama|Musical|Romance,6.6,17650,Da vedere in due
5013,Gosford Park,2001,Comedy|Drama|Mystery,7.2,103471,Mente accesa
5014,I Am Sam,2001,Drama,7.6,163580,Domenica impegnativa
5015,Monster's Ball,2001,Drama|Romance,7.0,97906,Da vedere in due
5016,"Shipping News, The",2001,Drama,,,Domenica impegnativa
5017,"Big Heat, The",1953,Drama|Film-Noir,,,Domenica impegnativa
5021,Murder by Death,1976,Comedy|Crime|Mystery|Thriller,7.2,46165,Adrenalina
5022,"Servant, The",1963,Drama,,,Domenica impegnativa
5023,"Waterdance, The",1992,Drama,,,Domenica impegnativa
5025,Orange County,2002,Comedy,6.2,54332,Comfort movie
5026,"Brotherhood of the Wolf (Pacte des loups, Le)",2001,Action|Mystery|Thriller,,,Adrenalina
5027,Another 48 Hrs.,1990,Action|Comedy|Crime|Drama|Thriller,5.9,48177,Adrenalina
5033,"Russia House, The",1990,Drama|Thriller,,,Adrenalina
5034,"Truly, Madly, Deeply",1991,Drama|Romance,,,Da vedere in due
5035,Wuthering Heights,1970,Drama,6.3,2656,Domenica impegnativa
5036,California Suite,1978,Comedy,6.2,9211,Comfort movie
5039,Dragonslayer,1981,Action|Adventure|Fantasy,6.6,20916,Venerdi leggero
5040,Conan the Destroyer,1984,Action|Adventure|Fantasy,5.9,91371,Venerdi leggero
5046,Impostor,2002,Action|Drama|Sci-Fi|Thriller,,,Adrenalina
5047,Kung Pow: Enter the Fist,2002,Action|Comedy,6.2,51270,Comfort movie
5048,Snow Dogs,2002,Adventure|Children|Comedy,5.2,30237,Comfort movie
5049,48 Hrs.,1982,Action|Comedy|Crime|Drama,6.9,94395,Adrenalina
5051,Italian for Beginners (Italiensk for begyndere),2000,Comedy|Drama|Romance,,,Da vedere in due
5053,Blankman,1994,Comedy,5.2,11235,Comfort movie
5054,Brainstorm,1983,Sci-Fi|Thriller,6.4,14601,Adrenalina
5055,Dragon: The Bruce Lee Story,1993,Action|Drama,7.0,34113,Domenica impegnativa
5056,"Enigma of Kaspar Hauser, The (a.k.a. Mystery of Kaspar Hauser, The) (Jeder für sich und Gott Gegen Alle)",1974,Crime|Drama,,,Adrenalina
5059,Little Dieter Needs to Fly,1997,Documentary,8.0,7559,Domenica impegnativa
5060,M*A*S*H (a.k.a. MASH),1970,Comedy|Drama|War,,,Adrenalina
5061,Mrs. Soffel,1984,Drama|Romance,6.1,3949,Da vedere in due
5062,Seconds,1966,Mystery|Sci-Fi|Thriller,7.6,24073,Adrenalina
5063,One-Eyed Jacks,1961,Western,7.1,15385,Venerdi leggero
5064,The Count of Monte Cristo,2002,Action|Adventure|Drama|Thriller,7.7,161778,Adrenalina
5065,"Mothman Prophecies, The",2002,Drama|Fantasy|Horror|Mystery|Thriller,,,Adrenalina
5066,"Walk to Remember, A",2002,Drama|Romance,,,Da vedere in due
5072,Metropolis,2001,Animation|Sci-Fi,7.2,24168,Mente accesa
5073,"Son's Room, The (Stanza del figlio, La)",2001,Drama,,,Domenica impegnativa
5074,Storytelling,2001,Comedy|Drama,6.8,18989,Comfort movie
5076,"Adventures of Huck Finn, The",1993,Adventure|Children|Comedy|Drama,,,Comfort movie
5077,Cousins,1989,Comedy|Romance,6.4,5431,Da vedere in due
5078,Falling in Love,1984,Drama|Romance,6.5,17002,Da vedere in due
5079,Young at Heart,1954,Drama|Musical|Romance,6.7,3093,Da vedere in due
5080,Slackers,2002,Comedy,5.3,15871,Comfort movie
5081,Birthday Girl,2001,Drama|Romance,6.0,27275,Da vedere in due
5090,"Hunchback of Notre Dame, The (Notre Dame de Paris)",1956,Drama,,,Domenica impegnativa
5092,Big Fat Liar,2002,Children|Comedy,5.6,43287,Comfort movie
5093,Collateral Damage,2002,Action|Thriller,5.5,81609,Adrenalina
5094,Rollerball,2002,Action|Sci-Fi,3.2,29970,Mente accesa
5095,"Scotland, Pa.",2001,Comedy|Crime,6.6,5049,Adrenalina
5096,Baby's Day Out,1994,Comedy,6.3,61390,Comfort movie
5097,Bright Eyes,1934,Comedy|Drama,7.2,2752,Comfort movie
5098,Dimples,1936,Musical,6.5,1047,Comfort movie
5099,Heidi,1937,Children|Drama,7.2,5436,Comfort movie
5100,"Man Who Loved Women, The",1983,Comedy,,,Comfort movie
5101,Richard Pryor Here and Now,1983,Comedy|Documentary,,,Domenica impegnativa
5102,Rookie of the Year,1993,Comedy|Fantasy,6.1,34503,Comfort movie
5103,"Sandlot, The",1993,Children|Comedy|Drama,,,Comfort movie
5105,Don't Look Now,1973,Drama|Horror|Thriller,7.1,69310,Adrenalina
5106,Crossroads,2002,Comedy|Musical|Romance,4.0,47865,Da vedere in due
5107,Hart's War,2002,Drama|War,6.4,58198,Adrenalina
5108,John Q,2002,Crime|Drama|Thriller,7.1,156299,Adrenalina
5109,Return to Never Land,2002,Adventure|Animation|Children,5.8,24262,Comfort movie
5110,Super Troopers,2001,Comedy|Crime|Mystery,7.0,120545,Adrenalina
5111,"Good Son, The",1993,Drama|Thriller,,,Adrenalina
5112,Last Orders,2001,Drama,6.9,7229,Domenica impegnativa
5113,After the Fox (Caccia alla volpe),1966,Comedy|Crime,,,Adrenalina
5114,"Bad and the Beautiful, The",1952,Drama,,,Domenica impegnativa
5116,Designing Woman,1957,Comedy,6.7,6144,Comfort movie
5117,Funny Lady,1975,Comedy|Musical,6.2,6242,Comfort movie
5120,Sleuth,1972,Comedy|Mystery|Thriller,7.9,53308,Adrenalina
5121,Stroszek,1977,Comedy|Drama,7.7,16768,Comfort movie
5122,Summer of '42,1971,Drama,7.2,10194,Domenica impegnativa
5123,"Touch of Class, A",1973,Comedy,,,Comfort movie
5124,Town Without Pity,1961,Drama,7.2,2157,Domenica impegnativa
5127,Dragonfly,2002,Drama|Fantasy|Mystery|Romance|Thriller,6.1,41922,Adrenalina
5128,Queen of the Damned,2002,Fantasy|Horror,5.3,64960,Adrenalina
5133,Maryam,2000,Drama,,,Domenica impegnativa
5134,Mean Machine,2001,Comedy|Drama,6.4,43207,Comfort movie
5135,Monsoon Wedding,2001,Comedy|Romance,7.3,26762,Da vedere in due
5136,Wendigo,2001,Drama|Horror,5.1,5249,Adrenalina
5137,Scratch,2001,Documentary,7.8,3004,Domenica impegnativa
5139,"Bad News Bears, The",1976,Comedy,,,Comfort movie
5140,"Bad News Bears Go to Japan, The",1978,Comedy,,,Comfort movie
5141,"Bad News Bears in Breaking Training, The",1977,Comedy,,,Comfort movie
5146,Vampire Hunter D: Bloodlust (Banpaia hantâ D),2000,Animation|Fantasy|Horror|Sci-Fi,,,Adrenalina
5147,Wild Strawberries (Smultronstället),1957,Drama,,,Domenica impegnativa
5149,Cattle Queen of Montana,1954,Western,5.7,1223,Venerdi leggero
5150,Under the Skin,1997,Drama,6.4,1729,Domenica impegnativa
5151,40 Days and 40 Nights,2002,Comedy|Romance,5.6,78801,Da vedere in due
5152,We Were Soldiers,2002,Action|Drama|War,7.2,161129,Adrenalina
5154,"Arena, The (a.k.a. Naked Warriors)",1974,Action|Adventure,,,Venerdi leggero
5157,"Church, The (Chiesa, La)",1989,Drama|Fantasy|Horror,,,Adrenalina
5158,Cross Creek,1983,Drama,6.9,2422,Domenica impegnativa
5159,Ferngully: The Last Rainforest,1992,Animation|Children|Comedy|Musical,6.6,38250,Comfort movie
5161,Intersection,1994,Drama|Romance,5.4,9670,Da vedere in due
5162,"Jo Jo Dancer, Your Life is Calling",1986,Drama,6.4,2611,Domenica impegnativa
5165,Zombie (a.k.a. Zombie 2: The Dead Are Among Us) (Zombi 2),1979,Horror,,,Adrenalina
5166,"Amazing Adventure, The (a.k.a. The Amazing Quest of Ernest Bliss)",1936,Comedy|Drama|Romance,,,Da vedere in due
5167,My Favorite Brunette,1947,Comedy|Mystery,6.7,4238,Mente accesa
5168,Royal Wedding,1951,Comedy|Musical|Romance,6.7,6743,Da vedere in due
5169,Scarlet Street,1945,Film-Noir,7.7,21655,Domenica impegnativa
5170,All About the Benjamins,2002,Action|Comedy|Crime,5.9,15572,Adrenalina
5171,"Time Machine, The",2002,Action|Adventure|Sci-Fi,,,Mente accesa
5172,Full Frontal,2002,Comedy|Drama|Romance,4.7,10322,Da vedere in due
5173,Divorcing Jack,1998,Comedy|Thriller,6.7,2269,Adrenalina
5176,Luminarias,2000,Comedy|Romance,,,Da vedere in due
5177,"Magnificent Ambersons, The",1942,Drama|Romance,,,Da vedere in due
5179,Gloria,1980,Drama|Thriller,7.1,13373,Adrenalina
5181,Hangar 18,1980,Action|Sci-Fi|Thriller,5.4,3581,Adrenalina
5184,Heaven's Gate,1980,Western,6.7,19367,Venerdi leggero
5187,Hopscotch,1980,Comedy,7.1,10188,Comfort movie
5190,Inside Moves,1980,Drama,7.0,2706,Domenica impegnativa
5193,"Jazz Singer, The",1980,Musical,,,Comfort movie
5196,Lion of the Desert,1980,War,8.2,19073,Adrenalina
5198,"Long Good Friday, The",1980,Drama|Thriller,,,Adrenalina
5212,"Octagon, The",1980,Action,,,Venerdi leggero
5213,"Oh, God! Book II",1980,Comedy,5.3,2786,Comfort movie
5214,"Oh, God!",1977,Comedy|Fantasy,6.6,11766,Comfort movie
5218,Ice Age,2002,Adventure|Animation|Children|Comedy,7.5,572237,Comfort movie
5219,Resident Evil,2002,Action|Horror|Sci-Fi|Thriller,6.6,314796,Adrenalina
5220,Showtime,2002,Action|Comedy,5.6,67471,Comfort movie
5221,Harrison's Flowers,2000,Drama,7.0,7136,Domenica impegnativa
5222,Kissing Jessica Stein,2001,Comedy|Romance,6.5,18086,Da vedere in due
5223,Pauline & Paulette (Pauline en Paulette),2001,Comedy|Drama,,,Comfort movie
5224,Promises,2001,Documentary,8.3,2793,Domenica impegnativa
5225,And Your Mother Too (Y tu mamá también),2001,Drama|Romance,,,Da vedere in due
5226,All the Right Moves,1983,Drama|Romance,6.0,21197,Da vedere in due
5228,"Ghost Breakers, The",1940,Comedy|Horror,,,Adrenalina
5230,"Paleface, The",1948,Comedy|Western,,,Comfort movie
5231,Road to Morocco,1942,Comedy,7.0,6297,Comfort movie
5232,Road to Singapore,1940,Comedy|Musical,6.6,4307,Comfort movie
5233,Road to Utopia,1946,Comedy,,,Comfort movie
5234,Road to Zanzibar,1941,Comedy,6.7,3556,Comfort movie
5235,Split Second,1992,Action|Sci-Fi|Thriller,6.0,18996,Adrenalina
5237,Taps,1981,Drama,6.8,22213,Domenica impegnativa
5238,Return of the Secaucus 7,1980,Drama,,,Domenica impegnativa
5241,Seems Like Old Times,1980,Comedy|Romance,6.7,12087,Da vedere in due
5242,Serial,1980,Comedy,6.5,1274,Comfort movie
5244,Shogun Assassin,1980,Action|Adventure,7.3,12154,Venerdi leggero
5246,Smokey and the Bandit II,1980,Action|Comedy,5.3,19349,Comfort movie
5247,Smokey and the Bandit,1977,Action|Comedy,7.0,63720,Comfort movie
5248,Smokey and the Bandit III,1983,Action|Comedy,,,Comfort movie
5249,Spetters,1980,Comedy|Drama,6.7,6437,Comfort movie
5250,Stir Crazy,1980,Comedy,6.7,32942,Comfort movie
5251,"Charter Trip, The (a.k.a. Package Tour, The) (Sällskapsresan)",1980,Comedy,,,Comfort movie
5254,Blade II,2002,Action|Horror|Thriller,6.7,255418,Adrenalina
5255,Sorority Boys,2002,Comedy,5.5,15723,Comfort movie
5256,Stolen Summer,2002,Drama,6.5,2851,Domenica impegnativa
5258,George Washington,2000,Drama,7.2,9009,Domenica impegnativa
5264,Clockstoppers,2002,Action|Adventure|Sci-Fi|Thriller,5.2,15826,Adrenalina
5265,Death to Smoochy,2002,Comedy|Crime|Drama,6.3,45083,Adrenalina
5266,Panic Room,2002,Thriller,6.8,317041,Adrenalina
5267,"Rookie, The",2002,Drama,,,Domenica impegnativa
5269,"Piano Teacher, The (La pianiste)",2001,Drama,,,Domenica impegnativa
5277,"Evil That Men Do, The",1984,Action|Thriller,,,Adrenalina
5279,Impromptu,1991,Comedy|Romance,6.8,6026,Da vedere in due
5282,High Crimes,2002,Thriller,6.4,52386,Adrenalina
5283,National Lampoon's Van Wilder,2002,Comedy,6.4,121511,Comfort movie
5284,Crush,2001,Comedy|Romance,5.8,4039,Da vedere in due
5288,"Atomic Cafe, The",1982,Documentary|War,,,Adrenalina
5289,Body and Soul,1947,Drama|Film-Noir,7.6,5939,Domenica impegnativa
5291,Rashomon (Rashômon),1950,Crime|Drama|Mystery,,,Adrenalina
5292,Slap Shot,1977,Comedy,7.2,45693,Comfort movie
5293,Changing Lanes,2002,Drama|Thriller,6.5,77488,Adrenalina
5294,Frailty,2001,Crime|Drama|Thriller,7.2,101952,Adrenalina
5295,New Best Friend,2002,Drama|Thriller,5.3,3621,Adrenalina
5296,"Sweetest Thing, The",2002,Comedy|Romance,,,Da vedere in due
5297,"Cat's Meow, The",2002,Drama|Thriller,,,Adrenalina
5298,Human Nature,2001,Comedy|Romance,6.4,19628,Da vedere in due
5299,My Big Fat Greek Wedding,2002,Comedy|Romance,6.6,152297,Da vedere in due
5300,3:10 to Yuma,1957,Action|Adventure|Drama|Thriller|Western,7.6,24123,Adrenalina
5301,Bite the Bullet,1975,Action|Adventure|Western,6.6,6605,Venerdi leggero
5303,Joe Versus the Volcano,1990,Comedy|Romance,5.9,42533,Da vedere in due
5304,"Rome, Open City (a.k.a. Open City) (Roma, città aperta)",1945,Drama|War,,,Adrenalina
5305,Return of the Killer Tomatoes!,1988,Comedy|Horror|Sci-Fi,5.3,8332,Adrenalina
5308,Three Men and a Baby,1987,Comedy,6.2,62252,Comfort movie
5309,Three Men and a Little Lady,1990,Comedy|Romance,5.5,28965,Da vedere in due
5310,Transylvania 6-5000,1985,Comedy|Horror,5.0,9349,Adrenalina
5311,"Watcher in the Woods, The",1980,Children|Horror|Mystery|Thriller,,,Adrenalina
5312,Murder by Numbers,2002,Crime|Thriller,6.2,67656,Adrenalina
5313,"Scorpion King, The",2002,Action|Adventure|Fantasy,,,Venerdi leggero
5315,Chelsea Walls,2001,Drama,4.8,2288,Domenica impegnativa
5316,Enigma,2001,Romance|Thriller,6.4,22861,Adrenalina
5319,Nine Queens (Nueve reinas),2000,Crime|Thriller,,,Adrenalina
5321,"Triumph of Love, The",2001,Comedy,,,Comfort movie
5323,Jason X,2002,Horror|Sci-Fi|Thriller,,,Adrenalina
5324,Life or Something Like It,2002,Comedy|Romance,5.8,35730,Da vedere in due
5325,Dogtown and Z-Boyz,2001,Documentary,,,Domenica impegnativa
5328,Rain,2001,Drama|Romance,5.3,394,Da vedere in due
5329,"Salton Sea, The",2002,Crime|Drama|Thriller,,,Adrenalina
5332,"Aviator, The",1985,Adventure,,,Venerdi leggero
5333,Bob le Flambeur,1955,Crime|Drama,,,Adrenalina
5334,Cadillac Man,1990,Comedy|Crime,5.8,17733,Adrenalina
5335,"Coca-Cola Kid, The",1985,Comedy|Romance,,,Da vedere in due
5337,Delirious,1991,Comedy,5.8,11001,Comfort movie
5339,Husbands and Wives,1992,Comedy|Drama,7.5,33213,Comfort movie
5341,Lenny,1974,Drama,7.5,19834,Domenica impegnativa
5344,Thief of Hearts,1984,Drama|Thriller,5.8,2101,Adrenalina
5348,Hollywood Ending,2002,Comedy|Drama,6.5,29268,Comfort movie
5349,Spider-Man,2002,Action|Adventure|Sci-Fi|Thriller,7.4,997211,Adrenalina
5350,"Mystic Masseur, The",2001,Drama,,,Domenica impegnativa
5352,The Big Sleep,1978,Thriller,5.8,6221,Adrenalina
5353,Butterflies Are Free,1972,Comedy|Drama,7.2,6537,Comfort movie
5354,Cactus Flower,1969,Comedy,7.2,13544,Comfort movie
5355,"Cassandra Crossing, The",1976,Drama,,,Domenica impegnativa
5357,Iron Will,1994,Adventure,6.6,10273,Venerdi leggero
5359,Rambling Rose,1991,Drama,6.5,6184,Domenica impegnativa
5360,"Survivors, The",1983,Comedy,,,Comfort movie
5361,White Fang,1991,Adventure,6.7,24481,Venerdi leggero
5363,"New Guy, The",2002,Comedy,,,Comfort movie
5364,Unfaithful,2002,Drama|Thriller,6.7,108776,Adrenalina
5367,My Beautiful Laundrette,1985,Drama|Romance,6.8,18945,Da vedere in due
5372,Calamity Jane,1953,Musical|Western,7.2,12351,Comfort movie
5375,"Harvey Girls, The",1946,Comedy|Musical|Western,,,Comfort movie
5377,About a Boy,2002,Comedy|Drama|Romance,7.1,199909,Da vedere in due
5378,Star Wars: Episode II - Attack of the Clones,2002,Action|Adventure|Sci-Fi|IMAX,6.6,831474,Mente accesa
5379,"Believer, The",2001,Drama,,,Domenica impegnativa
5380,"Importance of Being Earnest, The",2002,Comedy|Drama|Romance,,,Da vedere in due
5381,"Charge of the Light Brigade, The",1968,Drama|War,,,Adrenalina
5382,Every Which Way But Loose,1978,Comedy,6.3,31584,Comfort movie
5383,"Hound of the Baskervilles, The",1959,Crime|Horror|Mystery,,,Adrenalina
5384,I Want to Live!,1958,Crime|Drama,7.5,8426,Adrenalina
5385,"Last Waltz, The",1978,Documentary,,,Domenica impegnativa
5387,Enough,2002,Drama|Thriller,5.8,51963,Adrenalina
5388,Insomnia,2002,Action|Crime|Drama|Mystery|Thriller,7.2,351771,Adrenalina
5389,Spirit: Stallion of the Cimarron,2002,Adventure|Animation|Children|Western,7.2,95475,Comfort movie
5390,CQ,2001,Drama,6.2,5217,Domenica impegnativa
5391,Thirteen Conversations About One Thing (a.k.a. 13 Conversations),2001,Drama,,,Domenica impegnativa
5392,Bus Stop,1956,Comedy|Drama|Romance,6.3,13846,Da vedere in due
5393,Cowboy,1958,Western,6.7,3918,Venerdi leggero
5394,Don't Bother to Knock,1952,Drama|Thriller,6.9,9767,Adrenalina
5395,"Gambler, The",1974,Drama,,,Domenica impegnativa
5396,Let's Make Love,1960,Comedy|Musical|Romance,6.4,8792,Da vedere in due
5397,Monkey Business,1952,Comedy|Sci-Fi,6.9,16940,Mente accesa
5398,Requiem for a Heavyweight,1962,Drama,7.8,5319,Domenica impegnativa
5400,"Sum of All Fears, The",2002,Drama|Thriller,,,Adrenalina
5401,Undercover Brother,2002,Comedy,5.9,38305,Comfort movie
5404,84 Charing Cross Road,1987,Drama|Romance,7.4,12477,Da vedere in due
5409,Rapid Fire,1992,Action,6.3,11228,Venerdi leggero
5410,Silent Running,1972,Drama|Sci-Fi,6.6,34013,Domenica impegnativa
5414,Bad Company,2002,Action|Comedy|Crime,5.6,51023,Adrenalina
5415,Divine Secrets of the Ya-Ya Sisterhood,2002,Comedy|Drama,6.1,22011,Comfort movie
5417,"Fast Runner, The (Atanarjuat)",2001,Drama|Fantasy,,,Domenica impegnativa
5418,"Bourne Identity, The",2002,Action|Mystery|Thriller,,,Adrenalina
5419,Scooby-Doo,2002,Adventure|Children|Comedy|Fantasy|Mystery,5.4,143717,Mente accesa
5420,Windtalkers,2002,Action|Drama|War,6.1,77820,Adrenalina
5421,"Dangerous Lives of Altar Boys, The",2002,Drama,,,Domenica impegnativa
5423,Gangster No. 1,2000,Action|Crime|Thriller,6.7,15968,Adrenalina
5427,Caveman,1981,Comedy,5.8,9446,Comfort movie
5428,Cheech & Chong's The Corsican Brothers,1984,Comedy,4.6,4794,Comfort movie
5431,Goin' South,1978,Comedy|Western,6.2,8929,Comfort movie
5434,"Sorry, Wrong Number",1948,Drama|Film-Noir|Thriller,7.3,14479,Adrenalina
5435,Hombre,1967,Western,7.4,16038,Venerdi leggero
5437,"Manhattan Project, The",1986,Comedy|Sci-Fi|Thriller,,,Adrenalina
5438,Men at Work,1990,Action|Comedy,5.9,29878,Comfort movie
5439,S.O.B.,1981,Comedy,6.4,6967,Comfort movie
5440,She Wore a Yellow Ribbon,1949,Western,7.2,21077,Venerdi leggero
5442,V. I. Warshawski,1991,Action|Comedy|Crime,5.0,5823,Adrenalina
5443,Juwanna Mann,2002,Comedy,4.8,7651,Comfort movie
5444,Lilo & Stitch,2002,Adventure|Animation|Children|Sci-Fi,7.4,247192,Mente accesa
5445,Minority Report,2002,Action|Crime|Mystery|Sci-Fi|Thriller,7.6,627235,Adrenalina
5446,Rabbit-Proof Fence,2002,Adventure|Drama,7.4,31830,Domenica impegnativa
5447,Sunshine State,2002,Drama,6.8,4365,Domenica impegnativa
5448,Hey Arnold! The Movie,2002,Adventure|Animation|Children|Comedy,6.0,8446,Comfort movie
5449,Mr. Deeds,2002,Comedy|Romance,5.8,165502,Da vedere in due
5450,Lovely & Amazing,2001,Comedy|Drama|Romance,6.7,8234,Da vedere in due
5451,Pumpkin,2002,Comedy|Drama|Romance,6.1,10121,Da vedere in due
5452,Look Who's Talking Now,1993,Children|Comedy|Romance,4.4,32842,Da vedere in due
5453,Lost in Yonkers,1993,Comedy|Drama,6.8,3945,Comfort movie
5455,"Object of Beauty, The",1991,Comedy|Drama,,,Comfort movie
5456,Wagons East,1994,Comedy|Western,4.9,7021,Comfort movie
5458,Like Mike,2002,Children|Comedy|Fantasy,5.5,24796,Comfort movie
5459,Men in Black II (a.k.a. MIIB) (a.k.a. MIB 2),2002,Action|Comedy|Sci-Fi,,,Mente accesa
5460,"Powerpuff Girls, The",2002,Action|Animation|Children|Comedy,,,Comfort movie
5462,"Crocodile Hunter: Collision Course, The",2002,Adventure|Comedy,,,Comfort movie
5463,Reign of Fire,2002,Action|Adventure|Fantasy,6.2,154091,Venerdi leggero
5464,Road to Perdition,2002,Crime|Drama,7.6,302987,Adrenalina
5465,All About Lily Chou-Chou (Riri Shushu no subete),2001,Crime|Drama|Thriller,,,Adrenalina
5466,My Wife is an Actress (Ma Femme est une Actrice),2001,Comedy|Drama|Romance,,,Da vedere in due
5467,Never Again,2001,Comedy|Romance,6.2,861,Da vedere in due
5468,20 Million Miles to Earth,1957,Sci-Fi,6.3,9014,Mente accesa
5470,The Importance of Being Earnest,1952,Comedy|Romance,7.4,6967,Da vedere in due
5472,1776,1972,Children|Drama|Musical,7.6,10350,Comfort movie
5475,Z,1969,Drama|Mystery|Thriller,8.1,34425,Adrenalina
5476,Halloween: Resurrection (Halloween 8),2002,Horror|Thriller,,,Adrenalina
5477,Sex and Lucia (Lucía y el sexo),2001,Drama|Romance,,,Da vedere in due
5478,Eight Legged Freaks,2002,Action|Comedy|Horror|Sci-Fi,5.5,62246,Adrenalina
5479,K-19: The Widowmaker,2002,Action|Adventure|Drama|Thriller,6.7,72934,Adrenalina
5480,Stuart Little 2,2002,Children|Comedy,5.5,62510,Comfort movie
5481,Austin Powers in Goldmember,2002,Comedy,6.3,236640,Comfort movie
5482,"Country Bears, The",2002,Children|Comedy,,,Comfort movie
5483,"Kid Stays in the Picture, The",2002,Documentary,,,Domenica impegnativa
5485,Tadpole,2002,Comedy|Drama|Romance,6.1,6428,Da vedere in due
5489,Nosferatu the Vampyre (Nosferatu: Phantom der Nacht),1979,Horror,,,Adrenalina
5491,"Eddy Duchin Story, The",1956,Drama|Musical|Romance,,,Da vedere in due
5493,In Like Flint,1967,Action|Adventure|Comedy,6.1,6559,Comfort movie
5496,Ossessione,1943,Drama,7.5,9135,Domenica impegnativa
5497,Our Man Flint,1965,Adventure|Comedy|Sci-Fi,,,Mente accesa
5498,Red Beard (Akahige),1965,Drama,,,Domenica impegnativa
5499,Robin and Marian,1976,Adventure|Drama|Romance,6.5,15323,Da vedere in due
5500,Top Secret!,1984,Comedy,7.2,83664,Comfort movie
5501,"Master of Disguise, The",2002,Comedy|Mystery,,,Mente accesa
5502,Signs,2002,Horror|Sci-Fi|Thriller,6.8,418606,Adrenalina
5504,Spy Kids 2: The Island of Lost Dreams,2002,Adventure|Children,,,Comfort movie
5505,"Good Girl, The",2002,Comedy|Drama,,,Comfort movie
5506,Blood Work,2002,Crime|Drama|Mystery|Thriller,6.4,51229,Adrenalina
5507,xXx,2002,Action|Crime|Thriller,5.9,195114,Adrenalina
5508,24 Hour Party People,2002,Comedy|Drama|Musical,7.3,40835,Comfort movie
5509,Biggie and Tupac,2002,Documentary,6.7,5150,Domenica impegnativa
5511,Pandora's Box,2002,Drama|Thriller,4.8,822,Adrenalina
5512,Secret Ballot (Raye makhfi),2001,Comedy,,,Comfort movie
5513,Martin Lawrence Live: Runteldat,2002,Comedy|Documentary,5.4,1827,Domenica impegnativa
5515,Songs From the Second Floor (Sånger från andra våningen),2000,Drama,,,Domenica impegnativa
5517,Nightcap (Merci pour le chocolat),2000,Crime|Thriller,,,Adrenalina
5519,Change of Habit,1969,Drama,6.0,2981,Domenica impegnativa
5521,"Principal, The",1987,Action|Crime|Drama,,,Adrenalina
5522,Rollerball,1975,Action|Drama|Sci-Fi,6.5,32791,Domenica impegnativa
5523,"Adventures of Pluto Nash, The",2002,Action|Adventure|Comedy|Sci-Fi,,,Mente accesa
5524,Blue Crush,2002,Adventure|Drama|Romance,5.7,34768,Da vedere in due
5525,Mostly Martha (Bella Martha),2001,Comedy|Drama|Romance,,,Da vedere in due
5527,Possession,2002,Drama|Romance,6.3,14061,Da vedere in due
5528,One Hour Photo,2002,Drama|Thriller,6.8,141384,Adrenalina
5529,Serving Sara,2002,Comedy|Romance,5.3,19784,Da vedere in due
5530,Simone (S1m0ne),2002,Comedy|Drama|Fantasy|Sci-Fi,,,Mente accesa
5531,Undisputed,2002,Drama,6.1,36025,Domenica impegnativa
5532,Amy's O (a.k.a. Amy's Orgasm),2001,Comedy|Romance,,,Da vedere in due
5534,Hush!,2001,Drama,6.8,830,Domenica impegnativa
5538,"Care Bears Movie, The",1985,Animation|Children|Fantasy,,,Comfort movie
5540,Clash of the Titans,1981,Action|Adventure|Fantasy|Romance,6.9,52103,Da vedere in due
5541,Hot Shots!,1991,Action|Comedy|Romance|War,6.7,126182,Adrenalina
5543,"Swarm, The",1978,Action|Horror|Sci-Fi,,,Adrenalina
5544,Time After Time,1979,Sci-Fi|Thriller,7.0,21552,Adrenalina
5548,Down and Out in Beverly Hills,1986,Comedy,6.3,20175,Comfort movie
5550,Love Me Tender,1956,Musical|Western,6.2,5224,Comfort movie
5551,"Return of the Vampire, The",1944,Horror,,,Adrenalina
5552,"Revenge of Frankenstein, The",1958,Drama|Horror|Sci-Fi,,,Adrenalina
5553,Stakeout,1987,Comedy|Crime|Romance|Thriller,6.7,30787,Adrenalina
5556,FearDotCom (a.k.a. Fear.com) (a.k.a. Fear Dot Com),2002,Crime|Horror|Thriller,,,Adrenalina
5558,Love and a Bullet,2002,Action|Crime,5.0,1583,Adrenalina
5559,Mad Love (Juana la Loca),2001,Drama,,,Domenica impegnativa
5564,Swimfan,2002,Thriller,5.1,22327,Adrenalina
5568,Johnny Dangerously,1984,Comedy,6.5,17760,Comfort movie
5569,"Last House on the Left, The",1972,Crime|Horror|Thriller,,,Adrenalina
5570,Thesis (Tesis),1996,Drama|Horror|Thriller,,,Adrenalina
5571,"Pinochet Case, The (Cas Pinochet, Le)",2001,Documentary,,,Domenica impegnativa
5572,Barbershop,2002,Comedy,6.4,36191,Comfort movie
5573,Stealing Harvard,2002,Comedy|Crime,5.2,14278,Adrenalina
5574,"Transporter, The",2002,Action|Crime,,,Adrenalina
5577,Igby Goes Down,2002,Comedy|Drama,6.8,37600,Comfort movie
5579,Quitting (Zuotian),2001,Drama,,,Domenica impegnativa
5580,Aspen Extreme,1993,Action,6.1,3443,Venerdi leggero
5581,Betsy's Wedding,1990,Comedy,5.7,4281,Comfort movie
5582,Captain Ron,1992,Adventure|Comedy,5.9,24914,Comfort movie
5584,Ernest Goes to Jail,1990,Comedy,5.5,10785,Comfort movie
5585,Ernest Scared Stupid,1991,Comedy,5.9,14353,Comfort movie
5588,"Hills Have Eyes, The",1977,Horror,,,Adrenalina
5589,Indian Summer,1993,Comedy|Drama,6.6,6845,Comfort movie
5591,Monkey Trouble,1994,Children|Comedy,5.4,7825,Comfort movie
5593,No Way to Treat a Lady,1968,Crime|Drama|Thriller,7.0,2870,Adrenalina
5597,Suburban Commando,1991,Comedy|Sci-Fi,4.7,12271,Mente accesa
5598,Surf Ninjas,1993,Comedy,5.1,9690,Comfort movie
5601,"Yearling, The",1946,Children|Drama,,,Comfort movie
5602,"Ladykillers, The",1955,Comedy|Crime,,,Adrenalina
5603,"Lavender Hill Mob, The",1951,Comedy|Crime,,,Adrenalina
5604,"Man in the White Suit, The",1951,Comedy|Sci-Fi,,,Mente accesa
5605,Ratcatcher,1999,Drama,7.5,13525,Domenica impegnativa
5607,"Son of the Bride (Hijo de la novia, El)",2001,Comedy|Drama,,,Comfort movie
5608,"Das Experiment (Experiment, The)",2001,Drama|Thriller,,,Adrenalina
5609,Ballistic: Ecks vs. Sever,2002,Action|Thriller,3.7,21855,Adrenalina
5610,"Banger Sisters, The",2002,Comedy|Drama,,,Comfort movie
5611,"Four Feathers, The",2002,Adventure|War,,,Adrenalina
5613,8 Women,2002,Comedy|Crime|Musical|Mystery,7.0,35057,Adrenalina
5617,Secretary,2002,Comedy|Drama|Romance,6.8,110099,Da vedere in due
5618,Spirited Away (Sen to Chihiro no kamikakushi),2001,Adventure|Animation|Fantasy,,,Comfort movie
5619,"Trials of Henry Kissinger, The",2002,Documentary,,,Domenica impegnativa
5620,Sweet Home Alabama,2002,Comedy|Romance,6.2,137058,Da vedere in due
5621,"Tuxedo, The",2002,Action|Comedy,,,Comfort movie
5623,Crazy as Hell,2002,Drama,5.9,1166,Domenica impegnativa
5624,Just a Kiss,2002,Comedy|Romance,4.9,1647,Da vedere in due
5625,Moonlight Mile,2002,Drama|Romance,6.6,15275,Da vedere in due
5627,Skins,2002,Crime|Drama,7.0,1689,Adrenalina
5628,Wasabi,2001,Action|Comedy|Crime|Drama|Thriller,6.6,46307,Adrenalina
5629,Jonah: A VeggieTales Movie,2002,Animation|Children|Musical,6.5,4904,Comfort movie
5630,Red Dragon,2002,Crime|Mystery|Thriller,7.2,314185,Adrenalina
5632,Bloody Sunday,2002,Drama,7.6,26880,Domenica impegnativa
5633,Heaven,2002,Drama,6.9,26030,Domenica impegnativa
5635,"Man from Elysian Fields, The",2001,Drama,,,Domenica impegnativa
5637,Flirting,1991,Drama,7.1,6798,Domenica impegnativa
5638,Godzilla vs. Mothra (Mosura tai Gojira),1964,Action|Adventure|Fantasy|Sci-Fi,,,Mente accesa
5640,"Godzilla, King of the Monsters! (Kaijû-ô Gojira)",1956,Horror|Sci-Fi,,,Adrenalina
5642,"Onion Field, The",1979,Drama,,,Domenica impegnativa
5643,Powaqqatsi,1988,Documentary,7.2,9481,Domenica impegnativa
5644,"Pride of the Yankees, The",1942,Drama,,,Domenica impegnativa
5645,Texasville,1990,Drama,6.0,3340,Domenica impegnativa
5646,Valmont,1989,Drama|Romance,7.0,15541,Da vedere in due
5649,Horror of Dracula (Dracula),1958,Horror,,,Adrenalina
5650,Strange Brew,1983,Comedy,6.6,20336,Comfort movie
5651,"Incredible Mr. Limpet, The",1964,Animation|Comedy|War,,,Adrenalina
5653,Django,1966,Western,7.2,34600,Venerdi leggero
5659,"Rocking Horse Winner, The",1950,Drama|Horror,,,Adrenalina
5663,Below,2002,Horror,6.1,26792,Adrenalina
5665,Knockaround Guys,2002,Action|Comedy|Crime,,,Adrenalina
5666,"Rules of Attraction, The",2002,Comedy|Drama|Romance|Thriller,,,Adrenalina
5667,Tuck Everlasting,2002,Drama|Fantasy,6.6,25845,Domenica impegnativa
5668,White Oleander,2002,Drama,7.1,35059,Domenica impegnativa
5669,Bowling for Columbine,2002,Documentary,7.9,152716,Domenica impegnativa
5670,Comedian,2002,Comedy|Documentary,6.9,7502,Domenica impegnativa
5673,Punch-Drunk Love,2002,Comedy|Drama|Romance,7.3,199671,Da vedere in due
5674,Safe Conduct (Laissez-Passer),2002,Drama|War,,,Adrenalina
5675,Swept Away,2002,Comedy|Romance,3.6,18961,Da vedere in due
5677,Abandon,2002,Drama|Thriller,4.8,10500,Adrenalina
5678,Formula 51,2001,Action|Comedy|Crime|Thriller,6.3,52985,Adrenalina
5679,"Ring, The",2002,Horror|Mystery|Thriller,,,Adrenalina
5680,Auto Focus,2002,Crime|Drama,6.7,16148,Adrenalina
5682,"Grey Zone, The",2001,Drama,,,Domenica impegnativa
5684,Naqoyqatsi,2002,Documentary,6.4,6566,Domenica impegnativa
5685,Real Women Have Curves,2002,Comedy|Drama,6.9,8895,Comfort movie
5689,Billy Bathgate,1991,Crime|Drama,5.9,13659,Adrenalina
5690,Grave of the Fireflies (Hotaru no haka),1988,Animation|Drama|War,,,Adrenalina
5691,Jason Goes to Hell: The Final Friday,1993,Action|Horror,4.1,41658,Adrenalina
5692,"Mechanic, The",1972,Action|Thriller,,,Adrenalina
5693,Saturday Night Fever,1977,Comedy|Drama|Romance,6.8,95911,Da vedere in due
5694,Staying Alive,1983,Comedy|Drama|Musical,4.8,18977,Comfort movie
5696,Urban Cowboy,1980,Drama,6.5,18769,Domenica impegnativa
5705,Xanadu,1980,Fantasy|Musical|Romance,5.4,17234,Da vedere in due
5707,Absence of Malice,1981,Drama|Romance,6.9,16775,Da vedere in due
5710,Banana Joe,1981,Comedy,,,Comfort movie
5720,"Friend Is a Treasure, A (Chi Trova Un Amico, Trova un Tesoro) (Who Finds a Friend Finds a Treasure)",1981,Action|Adventure|Comedy,,,Comfort movie
5721,"Chosen, The",1981,Drama,,,Domenica impegnativa
5731,"Entity, The",1981,Horror,,,Adrenalina
5732,Eye of the Needle,1981,Thriller,7.1,14324,Adrenalina
5734,Faces of Death 2,1981,Documentary|Horror,,,Adrenalina
5735,Faces of Death,1978,Documentary|Horror,4.3,9725,Adrenalina
5736,Faces of Death 3,1985,Documentary|Horror,,,Adrenalina
5737,Faces of Death 4,1990,Documentary|Horror,,,Adrenalina
5738,Faces of Death 5,1996,Documentary|Horror,,,Adrenalina
5743,"Fort Apache, the Bronx",1981,Action|Drama,6.7,7890,Domenica impegnativa
5745,"Four Seasons, The",1981,Comedy|Drama,,,Comfort movie
5747,Gallipoli,1981,Drama|War,7.4,45057,Adrenalina
5752,Gregory's Girl,1981,Comedy|Romance,,,Da vedere in due
5755,Happy Birthday to Me,1981,Horror|Mystery,6.0,12675,Adrenalina
5764,Looker,1981,Drama|Horror|Sci-Fi|Thriller,6.1,7086,Adrenalina
5765,"Looney, Looney, Looney Bugs Bunny Movie, The",1981,Animation|Children|Comedy,,,Comfort movie
5769,Modern Romance,1981,Comedy|Romance,7.0,5389,Da vedere in due
5771,My Bloody Valentine,1981,Drama|Horror|Thriller,6.3,28408,Adrenalina
5772,My Dinner with André,1981,Drama,,,Domenica impegnativa
5773,Neighbors,1981,Comedy,5.5,9534,Comfort movie
5776,Only When I Laugh,1981,Comedy|Drama,6.4,1850,Comfort movie
5777,Pennies from Heaven,1981,Musical|Romance,6.5,6903,Da vedere in due
5778,Pieces (Mil gritos tiene la noche) (One Thousand Cries Has the Night),1982,Horror|Mystery|Thriller,,,Adrenalina
5779,Piranha II: The Spawning,1981,Horror|Sci-Fi,,,Adrenalina
5780,Polyester,1981,Comedy,7.0,10291,Comfort movie
5782,"Professional, The (Le professionnel)",1981,Action|Drama|Thriller,,,Adrenalina
5784,Ghost Ship,2002,Horror,5.6,119259,Adrenalina
5785,Jackass: The Movie,2002,Action|Comedy|Documentary,6.6,107636,Domenica impegnativa
5787,"Truth About Charlie, The",2002,Mystery|Thriller,,,Adrenalina
5788,All or Nothing,2002,Drama,7.5,12387,Domenica impegnativa
5791,Frida,2002,Drama|Romance,7.3,102070,Da vedere in due
5792,Roger Dodger,2002,Comedy|Drama,6.8,18399,Comfort movie
5796,Casino Royale,1967,Action|Adventure|Comedy,5.0,35270,Comfort movie
5797,"Company of Wolves, The",1984,Fantasy|Horror,,,Adrenalina
5799,Exodus,1960,Drama|Romance|War,6.7,13062,Adrenalina
5800,How to Murder Your Wife,1965,Comedy,6.4,8208,Comfort movie
5801,"Russians Are Coming, the Russians Are Coming, The",1966,Comedy|War,,,Adrenalina
5802,"World of Henry Orient, The",1964,Comedy,,,Comfort movie
5803,I Spy,2002,Action|Adventure|Comedy|Crime,5.4,55795,Adrenalina
5804,"Santa Clause 2, The",2002,Children|Comedy|Fantasy|Romance,,,Da vedere in due
5808,"Weight of Water, The",2000,Thriller,,,Adrenalina
5809,Femme Fatale,2002,Crime|Thriller,6.2,39812,Adrenalina
5810,8 Mile,2002,Drama,7.2,355396,Domenica impegnativa
5812,Far from Heaven,2002,Drama|Romance,7.3,51943,Da vedere in due
5815,Half Past Dead,2002,Action|Crime|Thriller,4.6,17862,Adrenalina
5816,Harry Potter and the Chamber of Secrets,2002,Adventure|Fantasy,7.5,777636,Venerdi leggero
5817,Ararat,2002,Drama|War,6.3,15078,Adrenalina
5818,"Crime of Father Amaro, The (Crimen del padre Amaro, El)",2002,Drama|Romance,,,Da vedere in due
5820,Standing in the Shadows of Motown,2002,Documentary|Musical,7.8,4057,Domenica impegnativa
5824,Liberty Stands Still,2002,Action|Drama|Thriller,5.7,8407,Adrenalina
5826,Rio Grande,1950,Romance|Western,7.0,19621,Da vedere in due
5829,Men with Brooms,2002,Comedy|Drama|Romance,5.9,4923,Da vedere in due
5832,Left Behind II: Tribulation Force,2002,Drama,4.9,4831,Domenica impegnativa
5833,Dog Soldiers,2002,Action|Horror,6.8,71748,Adrenalina
5836,Houseboat,1958,Comedy|Romance,6.6,10583,Da vedere in due
5839,My Father's Glory (La gloire de mon père),1990,Adventure|Drama,,,Domenica impegnativa
5841,Return to the Blue Lagoon,1991,Adventure|Romance,5.2,23568,Da vedere in due
5843,Toy Soldiers,1991,Action|Drama,6.6,26684,Domenica impegnativa
5847,Ragtime,1981,Drama,7.3,11687,Domenica impegnativa
5853,Scanners,1981,Horror|Sci-Fi|Thriller,6.7,68425,Adrenalina
5854,Sharky's Machine,1981,Crime|Drama|Romance,6.3,7419,Adrenalina
5855,Shock Treatment,1981,Comedy|Musical|Sci-Fi,5.7,5928,Mente accesa
5859,Southern Comfort,1981,Drama|Thriller|War,7.1,23746,Adrenalina
5862,Student Bodies,1981,Comedy|Horror,5.4,6073,Adrenalina
5863,Take This Job and Shove It,1981,Comedy,5.0,1126,Comfort movie
5864,"Tarzan, the Ape Man",1981,Adventure,3.5,6607,Venerdi leggero
5867,Thief,1981,Crime|Drama|Thriller,7.4,51493,Adrenalina
5868,This Is Elvis,1981,Documentary|Drama|Musical,7.6,1789,Domenica impegnativa
5869,True Confessions,1981,Crime|Drama,6.3,10412,Adrenalina
5870,Revolution #9,2001,Thriller,6.7,385,Adrenalina
5872,Die Another Day,2002,Action|Adventure|Thriller,6.1,242527,Adrenalina
5873,The Emperor's Club,2002,Drama,6.9,18535,Domenica impegnativa
5874,Friday After Next,2002,Comedy,5.8,33140,Comfort movie
5875,Personal Velocity,2002,Drama,6.4,4119,Domenica impegnativa
5876,"Quiet American, The",2002,Drama|Thriller|War,,,Adrenalina
5878,Talk to Her (Hable con Ella),2002,Drama|Romance,,,Da vedere in due
5879,Eight Crazy Nights (Adam Sandler's Eight Crazy Nights),2002,Animation|Comedy|Musical,,,Comfort movie
5881,Solaris,2002,Drama|Romance|Sci-Fi,6.2,89635,Da vedere in due
5882,Treasure Planet,2002,Adventure|Animation|Children|Sci-Fi|IMAX,7.2,150586,Mente accesa
5883,They,2002,Horror|Thriller,4.8,14868,Adrenalina
5884,Chopper Chicks in Zombietown,1989,Comedy|Horror,4.1,2203,Adrenalina
5887,Another You,1991,Comedy,5.3,4774,Comfort movie
5888,Brother (Brat),1997,Crime|Drama,,,Adrenalina
5890,Elling,2001,Comedy|Drama,7.4,16800,Comfort movie
5891,I Spit on Your Grave (Day of the Woman),1978,Horror|Thriller,,,Adrenalina
5893,"Last Seduction, The",1994,Crime|Drama|Thriller,,,Adrenalina
5899,Zulu,1964,Action|Drama|War,7.7,46817,Adrenalina
5900,Analyze That,2002,Comedy|Crime,5.9,93535,Adrenalina
5901,Empire,2002,Crime|Drama,5.9,8297,Adrenalina
5902,Adaptation,2002,Comedy|Drama|Romance,7.6,214579,Da vedere in due
5903,Equilibrium,2002,Action|Sci-Fi|Thriller,7.3,365131,Adrenalina
5908,Scarlet Diva,2000,Drama,5.0,2986,Domenica impegnativa
5909,Visitor Q (Bizita Q),2001,Comedy|Drama|Horror,,,Adrenalina
5911,Urgh! A Music War,1981,Documentary,8.0,985,Domenica impegnativa
5912,Hit the Bank (Vabank),1981,Comedy|Crime,,,Adrenalina
5914,"Vernon, Florida",1981,Documentary,7.0,3962,Domenica impegnativa
5916,Whose Life Is It Anyway?,1981,Drama,7.3,3756,Domenica impegnativa
5918,Alone in the Dark,1982,Horror,6.0,8008,Adrenalina
5919,Android,1982,Sci-Fi,5.8,2778,Mente accesa
5923,Author! Author!,1982,Comedy|Drama,6.2,6206,Comfort movie
5926,Best Friends,1982,Comedy|Drama|Romance,5.5,3590,Da vedere in due
5927,"Best Little Whorehouse in Texas, The",1982,Comedy|Drama|Musical|Romance,,,Da vedere in due
5930,Brimstone and Treacle,1982,Drama|Thriller,,,Adrenalina
5932,Burden of Dreams,1982,Documentary,7.9,9295,Domenica impegnativa
5933,Cannery Row,1982,Drama,6.6,4398,Domenica impegnativa
5936,"Come Back to the Five and Dime, Jimmy Dean, Jimmy Dean",1982,Drama,,,Domenica impegnativa
5938,Deathtrap,1982,Comedy|Crime|Mystery|Thriller,7.0,18123,Adrenalina
5939,"Man Who Saves the World, The (Dünyayi Kurtaran Adam)",1982,Adventure|Sci-Fi,,,Mente accesa
5940,Eating Raoul,1982,Comedy,6.8,10067,Comfort movie
5941,Drumline,2002,Comedy|Drama|Musical|Romance,6.0,38033,Da vedere in due
5942,"Hot Chick, The",2002,Comedy,,,Comfort movie
5943,Maid in Manhattan,2002,Comedy|Romance,5.4,103307,Da vedere in due
5944,Star Trek: Nemesis,2002,Action|Drama|Sci-Fi|Thriller,6.4,88558,Adrenalina
5945,About Schmidt,2002,Comedy|Drama,7.2,137537,Comfort movie
5947,Evelyn,2002,Drama,7.0,7578,Domenica impegnativa
5949,Intact (Intacto),2001,Thriller,,,Adrenalina
5951,Morvern Callar,2002,Drama,6.8,12622,Domenica impegnativa
5952,"Lord of the Rings: The Two Towers, The",2002,Adventure|Fantasy,,,Venerdi leggero
5954,25th Hour,2002,Crime|Drama,7.6,191607,Adrenalina
5955,Antwone Fisher,2002,Drama,7.3,41009,Domenica impegnativa
5956,Gangs of New York,2002,Crime|Drama,7.5,510633,Adrenalina
5957,Two Weeks Notice,2002,Comedy|Romance,6.2,135196,Da vedere in due
5958,"Wild Thornberrys Movie, The",2002,Animation|Children|Comedy,,,Comfort movie
5959,Narc,2002,Crime|Drama|Thriller,7.1,45694,Adrenalina
5960,Bad Influence,1990,Drama|Thriller,6.3,11763,Adrenalina
5961,Blue Steel,1990,Action|Thriller,5.8,19368,Adrenalina
5962,Body of Evidence,1993,Drama|Thriller,4.6,17908,Adrenalina
5963,"Children's Hour, The",1961,Drama,,,Domenica impegnativa
5966,"Kiss Before Dying, A",1956,Film-Noir|Mystery,,,Domenica impegnativa
5968,Miami Blues,1990,Comedy|Crime|Drama,6.4,11723,Adrenalina
5969,My Girl 2,1994,Comedy|Drama|Romance,5.3,22374,Da vedere in due
5970,My Girl,1991,Comedy|Drama|Romance,6.9,99353,Da vedere in due
5971,My Neighbor Totoro (Tonari no Totoro),1988,Animation|Children|Drama|Fantasy,,,Comfort movie
5974,"Thief of Bagdad, The",1940,Adventure|Fantasy,,,Venerdi leggero
5975,War and Peace,1956,Drama|Romance|War,6.7,11895,Adrenalina
5977,Where's Poppa?,1970,Comedy,6.4,2626,Comfort movie
5980,Black Christmas,1974,Horror|Mystery|Thriller,7.1,56854,Adrenalina
5981,"Day of the Triffids, The",1962,Horror|Sci-Fi,,,Adrenalina
5983,Invaders from Mars,1953,Sci-Fi,6.3,10482,Mente accesa
5988,Quicksilver,1986,Drama,5.7,5858,Domenica impegnativa
5989,Catch Me If You Can,2002,Crime|Drama,8.1,1264767,Adrenalina
5990,Pinocchio,2002,Children|Comedy|Fantasy,4.3,8956,Comfort movie
5991,Chicago,2002,Comedy|Crime|Drama|Musical,7.2,258623,Adrenalina
5992,"Hours, The",2002,Drama|Romance,,,Da vedere in due
5993,Max,2002,Drama,6.4,7776,Domenica impegnativa
5994,Nicholas Nickleby,2002,Drama|Romance,7.1,15152,Da vedere in due
5995,"Pianist, The",2002,Drama|War,,,Adrenalina
5996,Sonny,2002,Crime|Drama,5.6,4834,Adrenalina
5998,Doppelganger,1993,Horror|Thriller,4.4,4578,Adrenalina
5999,Heavy Metal 2000,2000,Action|Adventure|Animation|Fantasy|Sci-Fi,5.4,10355,Mente accesa
6001,"King of Comedy, The",1983,Comedy|Drama,,,Comfort movie
6002,Love Liza,2002,Drama,6.9,9478,Domenica impegnativa
6003,Confessions of a Dangerous Mind,2002,Comedy|Crime|Drama|Thriller,7.0,96231,Adrenalina
6005,Blue Collar Comedy Tour: The Movie,2003,Comedy|Documentary,7.2,4945,Domenica impegnativa
6006,Just Married,2003,Comedy|Romance,5.5,78273,Da vedere in due
6011,Wisegirls,2002,Crime|Drama,5.8,3334,Adrenalina
6012,"Guy Thing, A",2003,Comedy|Romance,,,Da vedere in due
6013,Kangaroo Jack,2003,Action|Comedy,4.5,36322,Comfort movie
6014,National Security,2003,Action|Comedy,5.6,58195,Comfort movie
6016,City of God (Cidade de Deus),2002,Action|Adventure|Crime|Drama|Thriller,,,Adrenalina
6017,Divine Intervention (Yadon ilaheyya),2002,Comedy|Drama|Romance|War,,,Adrenalina
6020,Alice Adams,1935,Comedy|Drama,6.8,4950,Comfort movie
6022,American Me,1992,Drama,7.1,11705,Domenica impegnativa
6023,Band of Outsiders (Bande à part),1964,Comedy|Crime|Drama|Romance,,,Adrenalina
6024,Breaking Up,1997,Comedy|Romance,4.8,3311,Da vedere in due
6025,CB4 - The Movie,1993,Comedy,,,Comfort movie
6027,Dogfight,1991,Drama|Romance,7.3,11443,Da vedere in due
6028,"Easy Come, Easy Go",1967,Adventure|Musical,5.3,2117,Comfort movie
6030,Girls! Girls! Girls!,1962,Comedy|Musical,5.6,3987,Comfort movie
6031,Imitation of Life,1959,Drama|Romance,7.8,20091,Da vedere in due
6032,"Little Romance, A",1979,Comedy|Romance,,,Da vedere in due
6034,"Paradise, Hawaiian Style",1966,Comedy|Musical,5.5,2718,Comfort movie
6036,Secret Admirer,1985,Comedy|Romance,6.5,9150,Da vedere in due
6039,"Woman in Red, The",1984,Comedy|Romance,,,Da vedere in due
6040,Darkness Falls,2003,Horror|Thriller,5.0,35684,Adrenalina
6041,Amen.,2002,Drama,7.2,15882,Domenica impegnativa
6042,Blind Spot: Hitler's Secretary (Im toten Winkel - Hitlers Sekretärin),2002,Documentary,,,Domenica impegnativa
6047,Dead Reckoning,1947,Drama|Film-Noir|Mystery,,,Domenica impegnativa
6049,Ethan Frome,1993,Drama,6.3,2408,Domenica impegnativa
6051,"Harder They Come, The",1973,Action|Crime|Drama,,,Adrenalina
6056,Chaos,2001,Comedy|Crime|Drama,7.0,2667,Adrenalina
6057,Biker Boyz,2003,Action|Crime|Drama,4.7,14876,Adrenalina
6058,Final Destination 2,2003,Horror|Thriller,6.2,221824,Adrenalina
6059,"Recruit, The",2003,Action|Thriller,,,Adrenalina
6060,"Guru, The",2002,Comedy|Romance,,,Da vedere in due
6062,Lost in La Mancha,2002,Documentary,7.3,12316,Domenica impegnativa
6063,May,2002,Drama|Horror,6.6,43796,Adrenalina
6067,Ordinary Decent Criminal,2000,Comedy|Crime,6.3,14812,Adrenalina
6076,Enigma,1983,Drama|Sci-Fi,,,Domenica impegnativa
6077,Evil Under the Sun,1982,Crime|Drama|Mystery,7.1,24455,Adrenalina
6078,Firefox,1982,Action|Sci-Fi|Thriller,5.9,31763,Adrenalina
6084,Honkytonk Man,1982,Comedy|Drama,6.6,10365,Comfort movie
6087,If You Could See What I Hear,1982,Comedy|Drama|Romance,6.7,1027,Da vedere in due
6090,Kiss Me Goodbye,1982,Comedy,6.0,2709,Comfort movie
6093,"Last Unicorn, The",1982,Animation|Children|Fantasy,,,Comfort movie
6096,Making Love,1982,Drama,6.9,3259,Domenica impegnativa
6100,"Midsummer Night's Sex Comedy, A",1982,Comedy|Romance,,,Da vedere in due
6101,Missing,1982,Drama|Mystery|Thriller,7.7,24647,Adrenalina
6104,Monty Python Live at the Hollywood Bowl,1982,Comedy,7.8,15166,Comfort movie
6115,Personal Best,1982,Drama,6.3,3559,Domenica impegnativa
6116,"Pirate Movie, The",1982,Adventure|Comedy|Musical,,,Comfort movie
6122,Richard Pryor Live on the Sunset Strip,1982,Comedy|Documentary,7.6,4809,Domenica impegnativa
6124,Savannah Smiles,1982,Comedy,7.2,2446,Comfort movie
6125,"Secret Policeman's Other Ball, The",1982,Comedy|Documentary|Musical,,,Domenica impegnativa
6127,Shoot the Moon,1982,Drama,6.8,3488,Domenica impegnativa
6129,Six Weeks,1982,Drama,5.6,1157,Domenica impegnativa
6139,Tempest,1982,Comedy|Drama,6.4,3002,Comfort movie
6141,They Call Me Bruce? (a.k.a. A Fistful of Chopsticks),1982,Comedy,,,Comfort movie
6143,Trail of the Pink Panther,1982,Comedy|Crime,4.8,12296,Adrenalina
6148,White Dog,1982,Drama|Horror|Thriller,7.0,11774,Adrenalina
6154,Deliver Us from Eva,2003,Comedy|Romance,6.1,8243,Da vedere in due
6155,How to Lose a Guy in 10 Days,2003,Comedy|Romance,6.6,330390,Da vedere in due
6156,Shanghai Knights,2003,Action|Adventure|Comedy,6.2,118421,Comfort movie
6157,Daredevil,2003,Action|Crime,5.3,242257,Adrenalina
6158,"Jungle Book 2, The",2003,Animation|Children,,,Comfort movie
6159,All the Real Girls,2003,Drama|Romance,6.7,11340,Da vedere in due
6162,Gerry,2002,Adventure|Drama,6.0,20848,Domenica impegnativa
6163,He Loves Me... He Loves Me Not (À la folie... pas du tout),2002,Romance|Thriller,,,Adrenalina
6164,Lockdown,2000,Drama,6.2,2858,Domenica impegnativa
6166,Dennis the Menace,1993,Comedy,5.7,69930,Comfort movie
6167,Stand-In,1937,Comedy,6.7,1507,Comfort movie
6168,10 to Midnight,1983,Action|Adventure|Thriller,6.3,10914,Adrenalina
6170,"Black Stallion, The",1979,Adventure|Children|Drama,,,Comfort movie
6173,Into the West,1992,Adventure|Children,7.0,3434,Comfort movie
6174,Kinjite: Forbidden Subjects,1989,Crime|Thriller,5.5,4526,Adrenalina
6175,Messenger of Death,1988,Thriller,5.5,4001,Adrenalina
6176,Mr. Majestyk,1974,Action|Drama,6.7,11604,Domenica impegnativa
6177,Murphy's Law,1986,Action,5.9,7513,Venerdi leggero
6178,"Patch of Blue, A",1965,Drama|Romance,,,Da vedere in due
6180,Q & A,1990,Crime|Drama,6.6,8304,Adrenalina
6181,"Red Badge of Courage, The",1951,Drama|War,,,Adrenalina
6182,"Thrill of It All, The",1963,Comedy,,,Comfort movie
6183,Pillow Talk,1959,Comedy|Musical|Romance,7.4,21238,Da vedere in due
6184,"Man Who Fell to Earth, The",1976,Drama|Sci-Fi,,,Domenica impegnativa
6185,Dark Blue,2003,Action|Crime|Drama|Thriller,,,Adrenalina
6187,"Life of David Gale, The",2003,Crime|Drama|Thriller,,,Adrenalina
6188,Old School,2003,Comedy,7.0,258325,Comfort movie
6190,"Lawless Heart, The",2003,Comedy|Drama,,,Comfort movie
6193,Poolhall Junkies,2002,Comedy|Drama|Thriller,6.8,11632,Adrenalina
6194,Till Human Voices Wake Us,2001,Drama|Romance,,,Da vedere in due
6195,Stone Reader,2002,Documentary,7.7,580,Domenica impegnativa
6196,Cradle 2 the Grave,2003,Action|Crime|Drama|Thriller,5.8,48144,Adrenalina
6197,Spider,2002,Drama|Mystery,6.7,42275,Domenica impegnativa
6201,Lady Jane,1986,Drama|Romance,7.1,7593,Da vedere in due
6207,"Slaughter Rule, The",2002,Drama,,,Domenica impegnativa
6208,Teenagers from Outer Space,1959,Horror|Sci-Fi,3.9,4218,Adrenalina
6212,Bringing Down the House,2003,Comedy,5.7,41527,Comfort movie
6213,Tears of the Sun,2003,Action|Drama|Thriller,6.6,137512,Adrenalina
6214,Irreversible (Irréversible),2002,Crime|Drama|Mystery|Thriller,,,Adrenalina
6216,Nowhere in Africa (Nirgendwo in Afrika),2001,Drama,,,Domenica impegnativa
6217,"Safety of Objects, The",2001,Drama,,,Domenica impegnativa
6218,Bend It Like Beckham,2002,Comedy|Drama|Romance,6.7,124326,Da vedere in due
6219,"Hunted, The",2003,Action|Drama|Thriller,,,Adrenalina
6220,Willard,2003,Drama|Horror|Thriller,6.1,20293,Adrenalina
6222,Prozac Nation,2001,Drama,6.2,20440,Domenica impegnativa
6223,Spun,2001,Comedy|Crime|Drama,,,Adrenalina
6225,King of Kings,1961,Drama,7.0,10140,Domenica impegnativa
6227,Loving You,1957,Drama|Musical,6.5,2791,Comfort movie
6228,"Talk of the Town, The",1942,Comedy|Romance|Thriller,,,Adrenalina
6230,Bang the Drum Slowly,1973,Drama,6.7,6877,Domenica impegnativa
6231,"Benny Goodman Story, The",1955,Drama|Musical,,,Comfort movie
6232,Born Free,1966,Adventure|Children|Drama,7.2,7640,Comfort movie
6233,Born Yesterday,1993,Comedy|Romance,5.2,4471,Da vedere in due
6234,Equus,1977,Drama|Mystery,7.1,9337,Domenica impegnativa
6235,Europa Europa (Hitlerjunge Salomon),1990,Drama|War,,,Adrenalina
6236,Fear Strikes Out,1957,Drama,6.9,2316,Domenica impegnativa
6237,"Glenn Miller Story, The",1953,Drama,,,Domenica impegnativa
6238,Green Card,1990,Comedy|Drama|Romance,6.3,27775,Da vedere in due
6239,Journey to the Center of the Earth,1959,Adventure|Children|Sci-Fi,7.0,21584,Mente accesa
6240,One Good Cop,1991,Action|Crime|Drama,5.9,5010,Adrenalina
6242,Ringu (Ring),1998,Horror|Mystery|Thriller,,,Adrenalina
6243,Ringu 2 (Ring 2),1999,Horror|Mystery,,,Adrenalina
6244,Salaam Bombay!,1988,Drama,7.9,11325,Domenica impegnativa
6245,Sweet Charity,1969,Comedy|Drama|Musical|Romance,7.0,7868,Da vedere in due
6249,Boat Trip,2003,Comedy,,,Comfort movie
6250,Dreamcatcher,2003,Drama|Horror|Sci-Fi|Thriller,5.6,101952,Adrenalina
6251,Piglet's Big Movie,2003,Animation|Children,6.1,9681,Comfort movie
6252,"View from the Top, A",2003,Comedy|Romance,,,Da vedere in due
6254,"Awful Truth, The",1937,Comedy|Romance,,,Da vedere in due
6259,My Friend Flicka,1943,Children|Western,6.5,1139,Comfort movie
6260,"Robe, The",1953,Drama,,,Domenica impegnativa
6263,Basic,2003,Drama|Thriller|War,6.4,70151,Adrenalina
6264,"Core, The",2003,Action|Drama|Sci-Fi|Thriller,,,Adrenalina
6265,Head of State,2003,Comedy,5.5,21163,Comfort movie
6266,What a Girl Wants,2003,Comedy|Drama|Romance,5.8,71815,Da vedere in due
6268,Raising Victor Vargas,2002,Comedy|Drama|Romance,7.2,5956,Da vedere in due
6269,Stevie,2002,Documentary,7.8,2811,Domenica impegnativa
6270,Akira Kurosawa's Dreams (Dreams),1990,Drama|Fantasy,,,Domenica impegnativa
6273,In a Lonely Place,1950,Drama|Film-Noir|Mystery|Romance,7.9,39820,Da vedere in due
6276,Wake of the Red Witch,1948,Action|Adventure|Drama,6.5,3227,Domenica impegnativa
6279,"Good Thief, The",2002,Crime|Drama,,,Adrenalina
6280,"Man Apart, A",2003,Action|Crime|Drama|Thriller,,,Adrenalina
6281,Phone Booth,2002,Drama|Thriller,7.1,304029,Adrenalina
6283,Cowboy Bebop: The Movie (Cowboy Bebop: Tengoku no Tobira),2001,Action|Animation|Sci-Fi|Thriller,,,Adrenalina
6286,"Man Without a Past, The (Mies vailla menneisyyttä)",2002,Comedy|Crime|Drama,,,Adrenalina
6287,Anger Management,2003,Comedy,6.3,244175,Comfort movie
6288,Better Luck Tomorrow,2002,Crime|Drama,7.0,11081,Adrenalina
6289,Ghosts of the Abyss,2003,Documentary|IMAX,6.8,6831,Domenica impegnativa
6290,House of 1000 Corpses,2003,Horror,6.0,101215,Adrenalina
6291,Lilya 4-Ever (Lilja 4-ever),2002,Crime|Drama,,,Adrenalina
6294,Bulletproof Monk,2003,Action|Adventure|Sci-Fi,5.5,53038,Mente accesa
6296,"Mighty Wind, A",2003,Comedy|Musical,,,Comfort movie
6297,Holes,2003,Adventure|Children|Comedy|Mystery,7.1,111671,Mente accesa
6298,Malibu's Most Wanted,2003,Comedy|Crime,5.3,22471,Adrenalina
6299,"Winged Migration (Peuple migrateur, Le)",2001,Documentary,,,Domenica impegnativa
6301,Straw Dogs,1971,Drama|Thriller,7.4,68821,Adrenalina
6303,"Andromeda Strain, The",1971,Mystery|Sci-Fi,,,Mente accesa
6305,Fahrenheit 451,1966,Drama|Sci-Fi,7.2,47864,Domenica impegnativa
6308,Legal Eagles,1986,Comedy|Crime|Romance,6.0,13369,Adrenalina
6311,"Other Side of Heaven, The",2001,Adventure|Drama,,,Domenica impegnativa
6313,Sibling Rivalry,1990,Comedy,5.4,3221,Comfort movie
6315,Wildcats,1986,Comedy,6.1,16056,Comfort movie
6316,"Wiz, The",1978,Adventure|Children|Comedy|Fantasy|Musical,,,Comfort movie
6318,"Marrying Man, The (Too Hot to Handle)",1991,Comedy|Romance,,,Da vedere in due
6319,"My Father the Hero (Mon père, ce héros.)",1991,Comedy|Drama,,,Comfort movie
6320,Scenes from a Mall,1991,Comedy,5.4,5509,Comfort movie
6322,Confidence,2003,Crime|Thriller,6.6,36546,Adrenalina
6323,Identity,2003,Crime|Horror|Mystery|Thriller,7.3,297603,Adrenalina
6324,It Runs in the Family,2003,Comedy|Drama,5.5,5416,Comfort movie
6325,"Real Cancun, The",2003,Documentary,,,Domenica impegnativa
6326,City of Ghosts,2002,Crime|Drama|Thriller,5.9,6170,Adrenalina
6327,"Decade Under the Influence, A",2003,Documentary,,,Domenica impegnativa
6330,People I Know,2002,Crime|Drama,5.4,12339,Adrenalina
6331,Spellbound,2002,Documentary,7.6,12668,Domenica impegnativa
6332,"Lizzie McGuire Movie, The",2003,Children|Comedy|Romance,,,Da vedere in due
6333,X2: X-Men United,2003,Action|Adventure|Sci-Fi|Thriller,7.4,619819,Adrenalina
6334,Blue Car,2002,Drama,6.6,3844,Domenica impegnativa
6335,"Dancer Upstairs, The",2002,Crime|Drama|Thriller,,,Adrenalina
6336,Marooned in Iraq (Gomgashtei dar Aragh),2002,Drama,,,Domenica impegnativa
6337,Owning Mahowny,2003,Crime|Drama|Thriller,7.0,16320,Adrenalina
6338,Daddy Day Care,2003,Children|Comedy,5.7,80325,Comfort movie
6339,"Man on the Train (Homme du train, L')",2002,Comedy|Drama,,,Comfort movie
6341,"Shape of Things, The",2003,Drama,,,Domenica impegnativa
6344,101 Reykjavik (101 Reykjavík),2000,Comedy|Drama|Romance,,,Da vedere in due
6345,"Chorus Line, A",1985,Comedy|Drama|Musical,,,Comfort movie
6346,Absolute Beginners,1986,Musical,5.6,3997,Comfort movie
6347,Beat Street,1984,Drama|Musical,6.5,4848,Comfort movie
6350,Laputa: Castle in the Sky (Tenkû no shiro Rapyuta),1986,Action|Adventure|Animation|Children|Fantasy|Sci-Fi,,,Mente accesa
6352,Lambada,1990,Drama,5.4,52,Domenica impegnativa
6356,Gunfight at the O.K. Corral,1957,Western,7.1,19113,Venerdi leggero
6357,High Society,1956,Comedy|Musical|Romance,6.9,19390,Da vedere in due
6358,Kiss Me Kate,1953,Comedy|Musical|Romance,7.0,7362,Da vedere in due
6365,"Matrix Reloaded, The",2003,Action|Adventure|Sci-Fi|Thriller|IMAX,,,Adrenalina
6367,Down with Love,2003,Comedy|Romance,6.3,47451,Da vedere in due
6368,Cinemania,2002,Documentary,7.1,2451,Domenica impegnativa
6369,Friends and Family,2001,Comedy,6.3,1577,Comfort movie
6370,"Spanish Apartment, The (L'auberge espagnole)",2002,Comedy|Drama|Romance,,,Da vedere in due
6371,Pokémon Heroes,2003,Animation|Children,,,Comfort movie
6373,Bruce Almighty,2003,Comedy|Drama|Fantasy|Romance,6.8,475684,Da vedere in due
6374,"In-Laws, The",2003,Comedy,,,Comfort movie
6375,Gigantic (A Tale of Two Johns),2002,Documentary,7.6,772,Domenica impegnativa
6376,Respiro,2002,Comedy|Drama,7.0,5083,Comfort movie
6377,Finding Nemo,2003,Adventure|Animation|Children|Comedy,8.2,1225154,Comfort movie
6378,"Italian Job, The",2003,Action|Crime,,,Adrenalina
6379,Wrong Turn,2003,Horror|Thriller,6.1,148236,Adrenalina
6380,Capturing the Friedmans,2003,Documentary,7.6,29020,Domenica impegnativa
6382,Together (Han ni Zai Yiki),2002,Drama,,,Domenica impegnativa
6383,"2 Fast 2 Furious (Fast and the Furious 2, The)",2003,Action|Crime|Thriller,,,Adrenalina
6385,Whale Rider,2002,Drama,7.5,44550,Domenica impegnativa
6386,Nevada Smith,1966,Western,6.9,10007,Venerdi leggero
6390,Silk Stockings,1957,Musical,6.8,4675,Comfort movie
6392,"Man Called Horse, A",1970,Adventure|Drama|Western,,,Domenica impegnativa
6394,Big Jake,1971,Western,7.1,16126,Venerdi leggero
6398,Le Mans,1971,Action|Adventure,6.7,13480,Venerdi leggero
6400,Murder on a Sunday Morning (Un coupable idéal),2001,Documentary,,,Domenica impegnativa
6405,Treasure Island,1950,Adventure|Children,6.9,10970,Comfort movie
6407,"Walk, Don't Run",1966,Comedy|Romance,6.6,5172,Da vedere in due
6408,Animals are Beautiful People,1974,Comedy|Documentary,8.2,4453,Domenica impegnativa
6409,Bend of the River,1952,Western,7.2,11081,Venerdi leggero
6410,Car Wash,1976,Comedy,6.3,9175,Comfort movie
6412,Destry Rides Again,1939,Comedy|Western,7.6,13648,Comfort movie
6413,"Electric Horseman, The",1979,Comedy|Western,,,Comfort movie
6415,Intervista,1987,Comedy|Drama,7.0,3633,Comfort movie
6416,King Rat,1965,Drama|War,7.5,5610,Adrenalina
6419,Mr. & Mrs. Bridge,1990,Drama,6.6,3960,Domenica impegnativa
6421,"Rare Breed, The",1966,Action|Drama|Romance|Western,,,Da vedere in due
6422,Shenandoah,1965,Drama|War|Western,7.3,10633,Adrenalina
6424,Oscar,1991,Comedy|Crime|Mystery|Romance,6.6,37445,Adrenalina
6425,"6th Man, The (Sixth Man, The)",1997,Comedy,,,Comfort movie
6426,"Far Country, The",1954,Western,,,Venerdi leggero
6428,Two Mules for Sister Sara,1970,Comedy|War|Western,7.0,33319,Adrenalina
6429,Winchester '73,1950,Western,7.6,23437,Venerdi leggero
6432,"Courtship of Eddie's Father, The",1963,Comedy,,,Comfort movie
6433,"Man with the Movie Camera, The (Chelovek s kino-apparatom)",1929,Documentary,,,Domenica impegnativa
6434,"Objective, Burma!",1945,War,7.3,6004,Adrenalina
6435,Operation Pacific,1951,Drama|War,6.6,4260,Adrenalina
6436,This Boy's Life,1993,Drama,7.2,63026,Domenica impegnativa
6437,13 Rue Madeleine,1947,Thriller|War,6.9,3334,Adrenalina
6440,Barton Fink,1991,Drama|Thriller,7.6,136520,Adrenalina
6441,Battle of Britain,1969,War,7.0,27166,Adrenalina
6442,Belle époque,1992,Comedy|Romance,,,Da vedere in due
6446,"Comancheros, The",1961,Action|Adventure|Drama|Romance,,,Da vedere in due
6447,Duel at Diablo,1966,War,6.5,4963,Adrenalina
6448,"Flight of the Phoenix, The",1965,Action|Adventure|Drama,,,Domenica impegnativa
6449,From the Terrace,1960,Drama,6.7,3494,Domenica impegnativa
6450,"Heaven Knows, Mr. Allison",1957,Drama|War,7.3,10582,Adrenalina
6451,"Hot Rock, The",1972,Comedy|Crime,,,Adrenalina
6452,"Long, Hot Summer, The",1958,Drama,,,Domenica impegnativa
6454,Music Box,1989,Drama,7.4,9848,Domenica impegnativa
6455,North to Alaska,1960,Comedy|Western,6.9,9317,Comfort movie
6459,"Desert Fox, The",1951,Drama|War,,,Adrenalina
6460,"Trial, The (Procès, Le)",1962,Drama,,,Domenica impegnativa
6461,"Unforgiven, The",1960,Drama|Western,,,Domenica impegnativa
6464,Good Burger,1997,Children|Comedy,5.8,36638,Comfort movie
6465,Jubilee,1977,Drama,,,Domenica impegnativa
6466,Mississippi Masala,1991,Drama|Romance,6.8,7654,Da vedere in due
6468,"Stranger Among Us, A",1992,Crime|Drama|Romance,,,Adrenalina
6469,Cahill U.S. Marshal (Cahill: United States Marshal) (Wednesday Morning),1973,Western,,,Venerdi leggero
6470,Chisum,1970,Western,6.9,12116,Venerdi leggero
6477,"Song of Bernadette, The",1943,Drama,,,Domenica impegnativa
6478,"Life and Times of Judge Roy Bean, The",1972,Comedy|Western,,,Comfort movie
6480,Thoroughly Modern Millie,1967,Comedy|Musical,6.9,7739,Comfort movie
6481,Where the Heart Is,1990,Comedy|Drama,5.9,1915,Comfort movie
6482,Dumb and Dumberer: When Harry Met Lloyd,2003,Comedy,3.5,44818,Comfort movie
6483,From Justin to Kelly,2003,Musical|Romance,1.9,26210,Da vedere in due
6484,Hollywood Homicide,2003,Action|Crime|Drama,5.4,41746,Adrenalina
6485,Rugrats Go Wild!,2003,Adventure|Animation|Children|Comedy,5.6,9723,Comfort movie
6486,"Hard Word, The",2002,Comedy|Crime|Drama|Thriller,,,Adrenalina
6488,Jet Lag (Décalage horaire),2002,Comedy|Romance,,,Da vedere in due
6493,Alex and Emma,2003,Comedy|Drama|Romance,,,Da vedere in due
6498,Murphy's War,1971,War,6.7,4459,Adrenalina
6502,28 Days Later,2002,Action|Horror|Sci-Fi,7.5,555849,Adrenalina
6503,Charlie's Angels: Full Throttle,2003,Action|Adventure|Comedy|Crime|Thriller,5.0,138719,Adrenalina
6510,"Bodies, Rest & Motion",1993,Drama|Romance,5.7,2610,Da vedere in due
6511,Jesus,1979,Drama,7.2,3107,Domenica impegnativa
6513,Made for Each Other,1939,Comedy|Drama|Romance,6.3,4579,Da vedere in due
6515,You Only Live Once,1937,Crime|Film-Noir,7.2,8426,Adrenalina
6516,Anastasia,1956,Drama,7.0,10391,Domenica impegnativa
6517,"Babe, The",1992,Drama,,,Domenica impegnativa
6518,Flight of the Intruder,1991,Action|War,5.8,8524,Adrenalina
6519,Fun with Dick and Jane,1977,Comedy,6.4,5284,Comfort movie
6521,"Main Event, The",1979,Comedy,,,Comfort movie
6522,Man's Favorite Sport?,1964,Comedy,7.0,6949,Comfort movie
6525,Nuts,1987,Drama,6.7,8065,Domenica impegnativa
6527,Scaramouche,1952,Adventure|Romance,7.5,6886,Da vedere in due
6528,Start the Revolution Without Me,1970,Comedy,6.4,3486,Comfort movie
6530,"Tenant, The (Locataire, Le)",1976,Drama|Horror|Mystery|Thriller,,,Adrenalina
6533,"What's Up, Doc?",1972,Comedy,7.6,29647,Comfort movie
6534,Hulk,2003,Action|Adventure|Sci-Fi,5.7,295617,Mente accesa
6535,"Legally Blonde 2: Red, White & Blonde",2003,Comedy,4.8,80723,Comfort movie
6536,Sinbad: Legend of the Seven Seas,2003,Adventure|Animation|Children|Fantasy,6.8,65060,Comfort movie
6537,Terminator 3: Rise of the Machines,2003,Action|Adventure|Sci-Fi,6.3,440617,Mente accesa
6538,Swimming Pool,2003,Drama|Mystery|Thriller,6.7,51861,Adrenalina
6539,Pirates of the Caribbean: The Curse of the Black Pearl,2003,Action|Adventure|Comedy|Fantasy,8.1,1345769,Comfort movie
6541,"League of Extraordinary Gentlemen, The (a.k.a. LXG)",2003,Action|Fantasy|Sci-Fi,,,Mente accesa
6542,"Cuckoo, The (Kukushka)",2002,Comedy|Drama|War,,,Adrenalina
6545,I Capture the Castle,2003,Drama|Romance,6.8,8422,Da vedere in due
6547,Northfork,2003,Drama|Fantasy,6.2,5713,Domenica impegnativa
6548,Bad Boys II,2003,Action|Comedy|Crime|Thriller,6.6,290879,Adrenalina
6549,How to Deal,2003,Comedy|Drama|Romance,5.6,10203,Da vedere in due
6550,Johnny English,2003,Action|Comedy|Thriller,6.3,187103,Adrenalina
6552,Dirty Pretty Things,2002,Crime|Drama|Thriller,7.2,45846,Adrenalina
6554,Garage Days,2002,Comedy|Musical,5.8,3003,Comfort movie
6557,Born to Be Wild,1995,Adventure|Children|Comedy|Drama,5.2,1831,Comfort movie
6558,Curly Sue,1991,Comedy|Drama,5.9,25146,Comfort movie
6559,Little Giants,1994,Children|Comedy,6.5,33467,Comfort movie
6561,"Mouse That Roared, The",1959,Comedy|War,,,Adrenalina
6562,Spencer's Mountain,1963,Comedy|Drama,7.0,3586,Comfort movie
6564,Lara Croft Tomb Raider: The Cradle of Life,2003,Action|Adventure|Comedy|Romance|Thriller,5.5,151942,Adrenalina
6565,Seabiscuit,2003,Drama,7.3,79483,Domenica impegnativa
6566,Spy Kids 3-D: Game Over,2003,Action|Adventure|Children,,,Comfort movie
6567,Buffalo Soldiers,2001,Comedy|Crime|Drama|War,6.7,26489,Adrenalina
6568,Camp,2003,Comedy|Musical,6.2,6398,Comfort movie
6569,Hotel,2001,Comedy,4.1,2255,Comfort movie
6578,"Kiss Me, Stupid",1964,Comedy,6.9,9545,Comfort movie
6579,"One, Two, Three",1961,Comedy,7.8,25008,Comfort movie
6581,"Private Life of Sherlock Holmes, The",1970,Comedy|Drama|Mystery,,,Mente accesa
6582,Remo Williams: The Adventure Begins,1985,Action|Comedy|Crime|Thriller,6.4,15419,Adrenalina
6584,"What's Up, Tiger Lily?",1966,Adventure|Comedy|Crime|Thriller,5.8,10384,Adrenalina
6585,White Lightning,1973,Action|Crime|Drama,6.4,6932,Adrenalina
6586,American Wedding (American Pie 3),2003,Comedy,,,Comfort movie
6587,Gigli,2003,Comedy|Crime|Romance,2.7,51082,Adrenalina
6591,"Magdalene Sisters, The",2002,Drama,,,Domenica impegnativa
6592,"Secret Lives of Dentists, The",2002,Drama,,,Domenica impegnativa
6593,Freaky Friday,2003,Children|Comedy|Fantasy,6.4,179773,Comfort movie
6595,S.W.A.T.,2003,Action|Thriller,6.1,160893,Adrenalina
6596,"Divorce, Le",2003,Comedy|Drama|Romance,,,Da vedere in due
6598,Step Into Liquid,2002,Documentary,,,Domenica impegnativa
6601,Big Trouble,1986,Comedy,5.2,1787,Comfort movie
6602,Brain Damage,1988,Comedy|Horror,6.5,14965,Adrenalina
6603,"Double Life, A",1947,Crime|Drama|Film-Noir,,,Adrenalina
6609,"Gospel According to St. Matthew, The (Vangelo secondo Matteo, Il)",1964,Drama,,,Domenica impegnativa
6612,Brother's Keeper,1992,Documentary,7.5,4431,Domenica impegnativa
6613,"Day of the Dolphin, The",1973,Drama,,,Domenica impegnativa
6614,I Love You to Death,1990,Comedy|Crime,6.4,16687,Adrenalina
6615,Freddy vs. Jason,2003,Action|Horror|Thriller,5.8,137483,Adrenalina
6616,Grind,2003,Action|Comedy,6.0,14542,Comfort movie
6617,Open Range,2003,Western,7.4,85459,Venerdi leggero
6618,Shaolin Soccer (Siu lam juk kau),2001,Action|Comedy,,,Comfort movie
6619,Uptown Girls,2003,Comedy,6.3,54803,Comfort movie
6620,American Splendor,2003,Comedy|Drama,7.4,55082,Comfort movie
6624,Agent Cody Banks,2003,Action|Adventure|Children|Fantasy,5.2,39707,Comfort movie
6625,Camp Nowhere,1994,Adventure|Children|Comedy,6.1,11741,Comfort movie
6626,"Cemetery Club, The",1993,Comedy|Drama|Romance,,,Da vedere in due
6629,House of Wax,1953,Crime|Horror|Mystery|Thriller,7.0,22809,Adrenalina
6630,"Inn of the Sixth Happiness, The",1958,Adventure|Drama,,,Domenica impegnativa
6633,Prince of Jutland (a.k.a. Royal Deceit),1994,Drama,,,Domenica impegnativa
6635,"Rachel Papers, The",1989,Drama|Romance,,,Da vedere in due
6636,"Sure Thing, The",1985,Comedy|Romance,,,Da vedere in due
6638,Valley Girl,1983,Comedy|Romance,6.4,21492,Da vedere in due
6639,Wait Until Dark,1967,Drama|Thriller,7.7,36902,Adrenalina
6643,Tokyo Story (Tôkyô monogatari),1953,Drama,,,Domenica impegnativa
6644,"Green Ray, The (Rayon vert, Le)",1986,Drama|Romance,,,Da vedere in due
6645,THX 1138,1971,Action|Adventure|Drama|Sci-Fi,6.6,58006,Domenica impegnativa
6646,Valley of the Dolls,1967,Drama,6.1,11008,Domenica impegnativa
6648,Chunhyang,2000,Drama|Musical|Romance,7.1,1912,Da vedere in due
6650,Kind Hearts and Coronets,1949,Comedy|Drama,8.0,42503,Comfort movie
6652,Joe Kidd,1972,Western,6.4,23125,Venerdi leggero
6653,"Keep, The",1983,Horror|Thriller,,,Adrenalina
6658,10,1979,Comedy|Romance,6.2,19348,Da vedere in due
6659,Tremors,1990,Comedy|Horror|Sci-Fi,7.2,168384,Adrenalina
6660,"Red Shoes, The",1948,Drama|Fantasy|Musical|Romance,,,Da vedere in due
6662,"Pink Panther, The",1963,Comedy|Crime,,,Adrenalina
6663,"Pink Panther Strikes Again, The",1976,Comedy|Crime,,,Adrenalina
6664,Commando,1985,Action|Adventure,6.7,189698,Venerdi leggero
6665,Dracula,1979,Horror|Romance,6.5,12671,Adrenalina
6666,"Discreet Charm of the Bourgeoisie, The (Charme discret de la bourgeoisie, Le)",1972,Comedy|Drama|Fantasy,,,Comfort movie
6667,Waco: The Rules of Engagement,1997,Documentary,7.8,3880,Domenica impegnativa
6668,"Road Home, The (Wo de fu qin mu qin)",1999,Drama|Romance,,,Da vedere in due
6669,Ikiru,1952,Drama,8.3,103947,Domenica impegnativa
6671,"Angel at My Table, An",1990,Drama,,,Domenica impegnativa
6672,War Photographer,2001,Documentary|War,7.9,4460,Adrenalina
6678,"Handmaid's Tale, The",1990,Drama|Sci-Fi,,,Domenica impegnativa
6683,Fire,1996,Drama,7.1,6823,Domenica impegnativa
6684,Death in Venice (Morte a Venezia),1971,Drama|Romance,,,Da vedere in due
6685,Marci X,2003,Comedy|Musical,3.0,5649,Comfort movie
6686,"Medallion, The",2003,Action|Comedy|Crime|Fantasy,,,Adrenalina
6687,My Boss's Daughter,2003,Comedy|Romance,4.7,31870,Da vedere in due
6692,Stoked: The Rise and Fall of Gator,2002,Documentary,7.2,1198,Domenica impegnativa
6695,Jeepers Creepers 2,2003,Horror|Thriller,5.7,76408,Adrenalina
6696,Bollywood/Hollywood,2002,Comedy|Drama|Musical|Romance,6.0,2624,Da vedere in due
6702,Dickie Roberts: Former Child Star,2003,Comedy,5.6,16479,Comfort movie
6703,"Order, The",2003,Horror|Mystery|Thriller,,,Adrenalina
6704,Home Room,2002,Drama,7.1,3582,Domenica impegnativa
6707,Cabin Fever,2002,Horror|Thriller,5.6,89671,Adrenalina
6708,Matchstick Men,2003,Comedy|Crime|Drama,7.2,146658,Adrenalina
6709,Once Upon a Time in Mexico,2003,Action|Adventure|Crime|Thriller,6.3,177599,Adrenalina
6710,Dummy,2002,Comedy|Drama|Romance,6.6,7208,Da vedere in due
6711,Lost in Translation,2003,Comedy|Drama|Romance,7.7,534813,Da vedere in due
6713,Millennium Actress (Sennen joyû),2001,Animation|Drama|Romance,,,Da vedere in due
6716,Daisy Miller,1974,Drama,6.2,2326,Domenica impegnativa
6719,Hard to Hold,1984,Drama|Romance,4.9,888,Da vedere in due
6720,Kuffs,1992,Action|Comedy|Crime,5.9,12263,Adrenalina
6721,Once Upon a Time in China (Wong Fei Hung),1991,Action|Adventure|Drama,,,Domenica impegnativa
6722,Once Upon a Time in China II (Wong Fei-hung Ji Yi: Naam yi dong ji keung),1992,Action|Romance,,,Da vedere in due
6723,Once Upon a Time in China III (Wong Fei-hung tsi sam: Siwong tsangba),1993,Action,,,Venerdi leggero
6724,Paper Moon,1973,Comedy|Crime|Drama,8.1,58298,Adrenalina
6725,Sgt. Pepper's Lonely Hearts Club Band,1978,Adventure|Musical,4.3,7677,Comfort movie
6728,"Ugly American, The",1963,Drama,,,Domenica impegnativa
6729,"Bostonians, The",1984,Drama|Romance,,,Da vedere in due
6730,Convoy,1978,Action|Comedy|Drama,6.3,21163,Comfort movie
6731,Day of the Dead,1985,Horror|Sci-Fi|Thriller,7.1,80500,Adrenalina
6732,"Hello, Dolly!",1969,Comedy|Musical|Romance,7.1,18782,Da vedere in due
6734,Memoirs of an Invisible Man,1992,Comedy|Romance|Sci-Fi|Thriller,6.0,29866,Adrenalina
6735,"Rose, The",1979,Drama,,,Domenica impegnativa
6737,Super Sucker,2002,Comedy,4.4,1013,Comfort movie
6739,At War with the Army,1950,Comedy|Musical|Romance,5.5,2919,Da vedere in due
6743,Jungle Book,1942,Adventure|Fantasy,6.7,5128,Venerdi leggero
6744,Once Bitten,1985,Comedy|Horror,5.6,19732,Adrenalina
6747,"Adventures of Huckleberry Finn, The",1960,Adventure|Children,,,Comfort movie
6748,"Brood, The",1979,Horror,,,Adrenalina
6749,"Prince and the Pauper, The",1937,Adventure|Drama,,,Domenica impegnativa
6750,Anything Else,2003,Comedy|Drama|Romance,6.3,34526,Da vedere in due
6751,Cold Creek Manor,2003,Drama|Thriller,5.1,26509,Adrenalina
6752,"Fighting Temptations, The",2003,Drama,,,Domenica impegnativa
6753,Secondhand Lions,2003,Children|Comedy|Drama,7.5,66745,Comfort movie
6754,Underworld,2003,Action|Fantasy|Horror,7.0,303318,Adrenalina
6755,Bubba Ho-tep,2002,Comedy|Horror,6.9,54593,Adrenalina
6760,In This World,2002,Adventure|Drama,7.3,4554,Domenica impegnativa
6762,Yossi & Jagger,2002,Drama|Romance,7.1,7966,Da vedere in due
6763,Duplex,2003,Comedy|Crime,5.9,66096,Adrenalina
6764,"Rundown, The",2003,Action|Adventure|Comedy,,,Comfort movie
6765,Under the Tuscan Sun,2003,Comedy|Drama|Romance,6.8,65967,Da vedere in due
6768,Luther,2003,Drama,6.6,16802,Domenica impegnativa
6770,My Life Without Me,2003,Drama|Romance,7.4,26746,Da vedere in due
6771,Dorm Daze (National Lampoon Presents Dorm Daze),2003,Comedy,,,Comfort movie
6772,To Be and to Have (Être et avoir),2002,Documentary,,,Domenica impegnativa
6773,"Triplets of Belleville, The (Les triplettes de Belleville)",2003,Animation|Comedy|Fantasy,,,Comfort movie
6774,Videodrome,1983,Fantasy|Horror|Sci-Fi|Thriller,7.2,114715,Adrenalina
6776,Lagaan: Once Upon a Time in India,2001,Comedy|Drama|Musical|Romance,8.1,130559,Da vedere in due
6777,Judgment at Nuremberg,1961,Drama,8.3,98555,Domenica impegnativa
6779,"Same Time, Next Year",1978,Comedy|Drama|Romance,7.2,7547,Da vedere in due
6780,"Brief History of Time, A",1991,Documentary,,,Domenica impegnativa
6781,"Jacob the Liar (Jakob, der Lügner)",1975,Drama,,,Domenica impegnativa
6782,Leningrad Cowboys Go America,1989,Comedy|Musical,7.0,9607,Comfort movie
6783,"Rules of the Game, The (La règle du jeu)",1939,Comedy|Drama,,,Comfort movie
6785,Seven Brides for Seven Brothers,1954,Comedy|Musical|Romance|Western,7.3,28374,Da vedere in due
6786,Kiss of the Spider Woman,1985,Drama,7.3,19653,Domenica impegnativa
6787,All the President's Men,1976,Drama|Thriller,7.9,139384,Adrenalina
6788,Angie,1994,Comedy|Drama|Romance,5.5,2482,Da vedere in due
6790,Avalon,2001,Drama|Fantasy|Sci-Fi,6.4,14121,Domenica impegnativa
6791,Babette's Feast (Babettes gæstebud),1987,Drama,,,Domenica impegnativa
6793,Beethoven,1992,Children|Comedy|Drama,5.8,82385,Comfort movie
6794,Beethoven's 2nd,1993,Children|Comedy,5.0,31805,Comfort movie
6795,Black Moon Rising,1986,Action|Crime|Sci-Fi|Thriller,5.5,7813,Adrenalina
6796,Boyz N the Hood,1991,Crime|Drama,7.8,170614,Adrenalina
6797,Bugsy,1991,Crime|Drama,6.8,34038,Adrenalina
6798,Bugsy Malone,1976,Children|Comedy|Crime|Musical,6.8,21128,Adrenalina
6800,Cobra,1986,Action|Crime,5.8,86852,Adrenalina
6807,Monty Python's The Meaning of Life,1983,Comedy,7.5,130836,Comfort movie
6808,Where Eagles Dare,1968,Action|Adventure|War,7.6,67328,Adrenalina
6810,Sleeping with the Enemy,1991,Drama|Thriller,6.3,72570,Adrenalina
6811,PCU,1994,Comedy,6.6,15537,Comfort movie
6812,"Rookie, The",1990,Action|Comedy|Thriller,,,Adrenalina
6814,City Heat,1984,Action|Comedy,5.5,11925,Comfort movie
6815,Into the Night,1985,Action|Comedy|Drama|Thriller,5.8,33,Adrenalina
6816,Three O'Clock High,1987,Comedy,7.1,14575,Comfort movie
6817,"White Hunter, Black Heart",1990,Adventure|Drama,6.5,14464,Domenica impegnativa
6818,Come and See (Idi i smotri),1985,Drama|War,,,Adrenalina
6820,Ginger Snaps,2000,Drama|Horror|Thriller,6.8,58313,Adrenalina
6822,"Ballad of Little Jo, The",1993,Drama|Western,,,Domenica impegnativa
6825,"Reluctant Astronaut, The",1967,Comedy,,,Comfort movie
6826,"Shakiest Gun in the West, The",1968,Comedy|Western,,,Comfort movie
6827,It's Pat,1994,Comedy,,,Comfort movie
6829,"Gun in Betty Lou's Handbag, The",1992,Comedy|Mystery,,,Mente accesa
6832,Regarding Henry,1991,Drama,6.7,36538,Domenica impegnativa
6837,Love Affair,1939,Comedy|Drama|Romance,7.3,7346,Da vedere in due
6840,"Hospital, The",1971,Comedy|Drama,,,Comfort movie
6841,Article 99,1992,Comedy|Drama,6.2,3941,Comfort movie
6849,Scrooge,1970,Drama|Fantasy|Musical,7.5,14058,Comfort movie
6850,Leap of Faith,1992,Comedy|Drama,6.2,15905,Comfort movie
6851,"Gas, Food, Lodging",1992,Drama|Romance,6.6,4849,Da vedere in due
6852,In Cold Blood,1967,Crime|Drama,7.9,32093,Adrenalina
6854,"Bedford Incident, The",1965,Drama|Thriller|War,,,Adrenalina
6856,Yankee Doodle Dandy,1942,Drama|Musical,7.6,18278,Comfort movie
6857,Ninja Scroll (Jûbei ninpûchô),1995,Action|Adventure|Animation|Fantasy,,,Comfort movie
6858,Knife in the Water (Nóz w wodzie),1962,Drama,,,Domenica impegnativa
6859,"Devil and Daniel Webster, The (All That Money Can Buy)",1941,Drama|Fantasy,,,Domenica impegnativa
6860,Mobsters,1991,Crime|Drama,5.9,10382,Adrenalina
6862,Out of Time,2003,Crime|Drama|Thriller,6.5,72452,Adrenalina
6863,School of Rock,2003,Comedy|Musical,7.2,362124,Comfort movie
6864,"Concert for George, The",2003,Documentary|Musical,,,Domenica impegnativa
6867,"Station Agent, The",2003,Comedy|Drama,,,Comfort movie
6868,Wonderland,2003,Crime|Drama|Mystery|Thriller,6.5,24944,Adrenalina
6869,Bus 174 (Ônibus 174),2002,Crime|Documentary,,,Adrenalina
6870,Mystic River,2003,Crime|Drama|Mystery,7.9,531540,Adrenalina
6872,"House of the Dead, The",2003,Action|Horror,,,Adrenalina
6873,Intolerable Cruelty,2003,Comedy|Romance,6.3,106478,Da vedere in due
6874,Kill Bill: Vol. 1,2003,Action|Crime|Thriller,8.2,1324919,Adrenalina
6879,Runaway Jury,2003,Drama|Thriller,7.1,122667,Adrenalina
6880,"Texas Chainsaw Massacre, The",2003,Horror,,,Adrenalina
6881,Pieces of April,2003,Comedy|Drama,7.0,23320,Comfort movie
6883,Sylvia,2003,Drama|Romance,6.3,11655,Da vedere in due
6884,Veronica Guerin,2003,Crime|Drama|Thriller,6.8,23178,Adrenalina
6885,In the Cut,2003,Crime|Drama|Mystery|Romance|Thriller,5.4,28043,Adrenalina
6887,Radio,2003,Drama,6.9,49787,Domenica impegnativa
6888,Scary Movie 3,2003,Comedy|Horror,5.6,177408,Adrenalina
6889,Brother Bear,2003,Adventure|Animation|Children,6.9,138404,Comfort movie
6890,Elephant,2003,Drama,7.1,105607,Domenica impegnativa
6893,"Italian Job, The",1969,Action|Comedy|Crime,,,Adrenalina
6895,Normal,2003,Drama,7.1,3647,Domenica impegnativa
6896,Shoah,1985,Documentary|War,8.7,11736,Adrenalina
6897,Unconditional Love,2002,Comedy|Drama,6.7,4046,Comfort movie
6898,Sweet Sixteen,2002,Drama,7.4,15283,Domenica impegnativa
6899,Alien from L.A.,1988,Sci-Fi,3.4,4763,Mente accesa
6902,Interstate 60,2002,Adventure|Comedy|Drama|Fantasy|Mystery|Sci-Fi|Thriller,7.5,41571,Adrenalina
6903,Lipstick,1976,Drama,5.7,3050,Domenica impegnativa
6905,Storyville,1992,Drama|Thriller,5.7,1544,Adrenalina
6909,"Eye, The (Gin gwai) (Jian gui)",2002,Thriller,,,Adrenalina
6910,Kronos (a.k.a. Captain Kronos: Vampire Hunter),1973,Horror,,,Adrenalina
6911,"Jolson Story, The",1946,Musical,,,Comfort movie
6912,You'll Never Get Rich,1941,Comedy|Musical|Romance,6.7,3323,Da vedere in due
6917,Promised Land,1987,Drama,5.6,1678,Domenica impegnativa
6918,"Unvanquished, The (Aparajito)",1957,Drama,,,Domenica impegnativa
6920,"Cercle Rouge, Le (Red Circle, The)",1970,Crime|Thriller,,,Adrenalina
6924,Sherlock Holmes Faces Death,1943,Crime|Mystery,6.9,5795,Adrenalina
6926,"Solid Gold Cadillac, The",1956,Comedy,,,Comfort movie
6927,"Human Stain, The",2003,Drama|Romance|Thriller,,,Adrenalina
6931,Mail Order Bride,2003,Comedy,4.1,364,Comfort movie
6932,Shattered Glass,2003,Crime|Drama,7.1,40386,Adrenalina
6934,"Matrix Revolutions, The",2003,Action|Adventure|Sci-Fi|Thriller|IMAX,,,Adrenalina
6935,"Revolution Will Not Be Televised, The (a.k.a. Chavez: Inside the Coup)",2003,Documentary,,,Domenica impegnativa
6936,Elf,2003,Children|Comedy|Fantasy,7.1,349338,Comfort movie
6939,Gloomy Sunday (Ein Lied von Liebe und Tod),1999,Drama|Romance,7.8,9008,Da vedere in due
6942,Love Actually,2003,Comedy|Drama|Romance,7.5,584374,Da vedere in due
6944,Father of the Bride,1991,Comedy,6.6,94520,Comfort movie
6945,My Architect: A Son's Journey,2003,Documentary,,,Domenica impegnativa
6946,Looney Tunes: Back in Action,2003,Action|Animation|Children|Fantasy,5.8,43873,Comfort movie
6947,Master and Commander: The Far Side of the World,2003,Adventure|Drama|War,7.5,259461,Adrenalina
6948,Tupac: Resurrection,2003,Documentary,7.9,10060,Domenica impegnativa
6950,"Missing, The",2003,Adventure|Thriller|Western,,,Adrenalina
6951,"Cat in the Hat, The",2003,Children|Comedy,,,Comfort movie
6952,Gothika,2003,Horror|Thriller,5.9,124689,Adrenalina
6953,21 Grams,2003,Crime|Drama|Mystery|Romance|Thriller,7.6,253612,Adrenalina
6954,"Barbarian Invasions, The (Les invasions barbares)",2003,Comedy|Crime|Drama|Mystery|Romance,,,Adrenalina
6957,Bad Santa,2003,Comedy|Crime,7.0,168628,Adrenalina
6958,"Haunted Mansion, The",2003,Children|Comedy|Fantasy|Horror,,,Adrenalina
6959,Timeline,2003,Action|Adventure|Sci-Fi,5.7,69921,Mente accesa
6962,OT: Our Town,2002,Documentary,7.3,307,Domenica impegnativa
6963,Devil's Playground,2002,Documentary,7.0,2769,Domenica impegnativa
6965,Journeys with George,2002,Documentary,6.8,742,Domenica impegnativa
6966,Darkman,1990,Action|Crime|Fantasy|Sci-Fi|Thriller,6.4,75590,Adrenalina
6970,Desk Set,1957,Comedy|Romance,7.2,10549,Da vedere in due
6971,Europa (Zentropa),1991,Drama|Thriller,,,Adrenalina
6973,Final Analysis,1992,Drama|Romance|Thriller,5.9,16408,Adrenalina
6974,"Freshman, The",1990,Comedy|Crime,,,Adrenalina
6975,Funny Games,1997,Drama|Horror|Thriller,7.5,99443,Adrenalina
6976,Tales from the Crypt,1972,Horror,6.8,14833,Adrenalina
6977,New Jack City,1991,Action|Crime|Drama,6.7,42821,Adrenalina
6978,Slacker,1991,Comedy|Drama,,,Comfort movie
6979,WarGames,1983,Drama|Sci-Fi|Thriller,7.1,123105,Adrenalina
6980,Mr. Hobbs Takes a Vacation,1962,Comedy,6.8,6454,Comfort movie
6981,"Ordet (Word, The)",1955,Drama,,,Domenica impegnativa
6982,Forbidden Games (Jeux interdits),1952,Drama|War,,,Adrenalina
6983,Jane Eyre,1944,Drama|Romance,,,Da vedere in due
6984,"Tale of Two Cities, A",1935,Drama,,,Domenica impegnativa
6985,"Passion of Joan of Arc, The (Passion de Jeanne d'Arc, La)",1928,Drama,,,Domenica impegnativa
6986,Ben-Hur: A Tale of the Christ,1925,Adventure|Drama,7.8,8458,Domenica impegnativa
6987,"Cabinet of Dr. Caligari, The (Cabinet des Dr. Caligari., Das)",1920,Crime|Fantasy|Horror,,,Adrenalina
6989,Gorky Park,1983,Crime|Drama|Thriller,6.7,18501,Adrenalina
6990,The Great Train Robbery,1978,Action|Adventure|Comedy|Crime|Drama,6.9,22074,Adrenalina
6991,"Greystoke: The Legend of Tarzan, Lord of the Apes",1984,Adventure|Drama|Romance,6.4,21457,Da vedere in due
6992,Guarding Tess,1994,Comedy|Drama,6.2,21020,Comfort movie
6993,Hannah and Her Sisters,1986,Comedy|Drama|Romance,7.8,82190,Da vedere in due
6994,"Hard Way, The",1991,Action|Comedy,,,Comfort movie
6995,Hercules in New York,1970,Action|Comedy|Fantasy,3.4,20792,Comfort movie
6996,Highlander II: The Quickening,1991,Action|Sci-Fi,4.2,50918,Mente accesa
6997,Hoffa,1992,Crime|Drama,6.6,26367,Adrenalina
6999,Housesitter,1992,Comedy|Romance,6.2,28989,Da vedere in due
7000,Hudson Hawk,1991,Action|Adventure|Comedy,5.7,65224,Comfort movie
7001,Invasion of the Body Snatchers,1978,Horror|Mystery|Sci-Fi|Thriller,7.4,83319,Adrenalina
7004,Kindergarten Cop,1990,Action|Comedy|Crime|Thriller,6.3,177743,Adrenalina
7005,King Ralph,1991,Comedy,5.4,18050,Comfort movie
7006,Knight Moves,1992,Mystery|Thriller,6.1,9982,Adrenalina
7007,"Last Boy Scout, The",1991,Action|Comedy|Crime|Drama|Thriller,,,Adrenalina
7008,Last Tango in Paris (Ultimo tango a Parigi),1972,Drama|Romance,,,Da vedere in due
7009,Lorenzo's Oil,1992,Drama,7.3,25684,Domenica impegnativa
7010,"Lover, The (Amant, L')",1992,Drama|Romance,,,Da vedere in due
7012,Mr. Destiny,1990,Comedy|Fantasy,6.5,14518,Comfort movie
7013,"Night of the Hunter, The",1955,Drama|Film-Noir|Thriller,,,Adrenalina
7014,Nowhere to Run,1993,Action|Romance,5.7,28320,Da vedere in due
7015,Only the Lonely,1991,Comedy|Romance,6.4,13575,Da vedere in due
7017,Passenger 57,1992,Action|Thriller,5.9,54153,Adrenalina
7018,Presumed Innocent,1990,Crime|Drama|Thriller,6.9,53590,Adrenalina
7019,Project X,1987,Comedy|Drama,6.2,12348,Comfort movie
7020,Proof,1991,Comedy|Drama|Romance,7.2,7627,Da vedere in due
7021,Pure Luck,1991,Comedy|Crime,5.8,8300,Adrenalina
7022,Battle Royale (Batoru rowaiaru),2000,Action|Drama|Horror|Thriller,,,Adrenalina
7023,"Wedding Banquet, The (Xi yan)",1993,Comedy|Drama|Romance,,,Da vedere in due
7025,"Midnight Clear, A",1992,Drama|War,,,Adrenalina
7026,Summer School,1987,Comedy,6.6,24380,Comfort movie
7027,Silverado,1985,Action|Western,7.2,54800,Venerdi leggero
7028,Quick Change,1990,Comedy|Crime,6.8,24329,Adrenalina
7029,Rabid,1977,Horror|Thriller,6.3,23974,Adrenalina
7030,Radio Flyer,1992,Drama,6.9,15363,Domenica impegnativa
7033,"Secret of My Succe$s, The (a.k.a. The Secret of My Success)",1987,Comedy|Romance,,,Da vedere in due
7034,Show Me Love (Fucking Åmål),1998,Drama|Romance,,,Da vedere in due
7036,Teen Wolf,1985,Comedy|Fantasy,6.1,66310,Comfort movie
7038,Things You Can Tell Just by Looking at Her,2000,Drama|Romance,6.4,7740,Da vedere in due
7039,Thunderheart,1992,Crime|Mystery|Thriller,6.8,19587,Adrenalina
7040,To Live and Die in L.A.,1985,Action|Crime|Drama|Thriller,7.3,50540,Adrenalina
7042,Betty Blue (37°2 le matin),1986,Drama|Romance,,,Da vedere in due
7043,Vivre sa vie: Film en douze tableaux (My Life to Live),1962,Drama,,,Domenica impegnativa
7044,Wild at Heart,1990,Crime|Drama|Mystery|Romance|Thriller,7.2,113106,Adrenalina
7045,"Witches, The",1990,Children|Fantasy,,,Comfort movie
7046,"Witches of Eastwick, The",1987,Comedy|Fantasy|Horror|Thriller,,,Adrenalina
7047,Year of the Dragon,1985,Action|Crime|Drama,6.8,19978,Adrenalina
7048,Nothing to Lose,1997,Action|Adventure|Comedy|Crime,6.7,52944,Adrenalina
7049,Flying Down to Rio,1933,Comedy|Musical|Romance,6.6,4382,Da vedere in due
7050,Follow the Fleet,1936,Comedy|Musical|Romance,7.1,5081,Da vedere in due
7051,"What's New, Pussycat",1965,Comedy,6.0,12115,Comfort movie
7052,Mary of Scotland,1936,Drama,6.3,3051,Domenica impegnativa
7053,Roberta,1935,Comedy|Musical|Romance,7.0,3999,Da vedere in due
7054,Little Women,1949,Drama,7.2,9035,Domenica impegnativa
7055,Swing Time,1936,Comedy|Musical|Romance,7.4,15732,Da vedere in due
7056,"Public Enemy, The",1931,Action|Crime|Drama,,,Adrenalina
7057,"Midsummer Night's Dream, A",1935,Comedy|Fantasy|Romance,,,Da vedere in due
7058,Life with Father,1947,Comedy,7.1,7151,Comfort movie
7059,National Velvet,1944,Children|Drama,7.3,8970,Comfort movie
7060,Jesus Christ Superstar,1973,Drama|Musical,7.4,33016,Comfort movie
7061,Dark Victory,1939,Drama|Romance,7.4,13601,Da vedere in due
7062,Birdman of Alcatraz,1962,Drama,7.8,21506,Domenica impegnativa
7063,"Aguirre: The Wrath of God (Aguirre, der Zorn Gottes)",1972,Adventure|Drama,,,Domenica impegnativa
7064,Beauty and the Beast (La belle et la bête),1946,Drama|Fantasy,,,Domenica impegnativa
7069,"Macbeth (a.k.a. Tragedy of Macbeth, The)",1971,Drama,,,Domenica impegnativa
7070,Red River,1948,Action|Adventure|Western,7.7,38422,Venerdi leggero
7071,"Woman Under the Influence, A",1974,Drama,,,Domenica impegnativa
7072,Stagecoach,1939,Action|Drama|Romance|Western,7.8,59692,Da vedere in due
7073,"Shot in the Dark, A",1964,Comedy|Crime|Mystery,,,Adrenalina
7074,"Navigator, The",1924,Comedy,,,Comfort movie
7075,"Court Jester, The",1956,Adventure|Comedy|Musical,,,Comfort movie
7076,Bullitt,1968,Action|Crime|Drama|Thriller,7.4,81866,Adrenalina
7078,Jezebel,1938,Drama,7.4,16611,Domenica impegnativa
7079,"Hunchback of Notre Dame, The",1939,Drama,,,Domenica impegnativa
7080,42nd Street,1933,Drama|Musical|Romance,7.3,14007,Da vedere in due
7081,I'm No Angel,1933,Comedy,6.9,4386,Comfort movie
7082,That Touch of Mink,1962,Comedy|Romance,6.6,11842,Da vedere in due
7083,Sweet Dreams,1985,Drama,7.0,5937,Domenica impegnativa
7084,"Play It Again, Sam",1972,Comedy|Romance,7.6,29852,Da vedere in due
7085,Send Me No Flowers,1964,Comedy|Romance,7.0,8224,Da vedere in due
7086,Pygmalion,1938,Comedy|Drama,7.7,10609,Comfort movie
7087,"Passage to India, A",1984,Adventure|Drama,,,Domenica impegnativa
7088,Black Orpheus (Orfeu Negro),1959,Drama|Romance,,,Da vedere in due
7089,Amarcord,1973,Comedy|Drama,7.8,51900,Comfort movie
7090,Hero (Ying xiong),2002,Action|Adventure|Drama,,,Domenica impegnativa
7091,Horse Feathers,1932,Comedy,7.5,14284,Comfort movie
7092,Anna Karenina,1935,Drama|Romance,7.0,6276,Da vedere in due
7093,"Front Page, The",1974,Comedy,,,Comfort movie
7094,Attraction,2000,Drama|Romance|Thriller,5.1,859,Adrenalina
7095,Looking for Mr. Goodbar,1977,Drama,6.7,10112,Domenica impegnativa
7096,Rivers and Tides,2001,Documentary,7.9,2577,Domenica impegnativa
7099,Nausicaä of the Valley of the Wind (Kaze no tani no Naushika),1984,Adventure|Animation|Drama|Fantasy|Sci-Fi,,,Mente accesa
7101,Doc Hollywood,1991,Comedy|Romance,6.3,43212,Da vedere in due
7102,Dragnet,1987,Comedy|Crime|Drama,6.0,40356,Adrenalina
7104,1941,1979,Comedy|War,5.7,40174,Adrenalina
7107,Foul Play,1978,Comedy|Thriller,6.8,19774,Adrenalina
7115,Deep Red (Profondo rosso),1975,Horror|Mystery|Thriller,,,Adrenalina
7116,Diabolique (Les diaboliques),1955,Horror|Mystery|Thriller,,,Adrenalina
7117,Leprechaun,1993,Comedy|Horror,4.8,34184,Adrenalina
7118,Wings of Honneamise (Ôritsu uchûgun Oneamisu no tsubasa),1987,Animation|Drama|Sci-Fi|War,,,Adrenalina
7121,Adam's Rib,1949,Comedy|Romance,7.4,24678,Da vedere in due
7123,Naked Lunch,1991,Drama|Fantasy|Mystery|Sci-Fi,6.9,61423,Domenica impegnativa
7124,Grass,1999,Documentary,7.2,3660,Domenica impegnativa
7131,"Summer Place, A",1959,Drama,,,Domenica impegnativa
7132,"Night at the Opera, A",1935,Comedy|Musical|Romance,,,Da vedere in due
7135,Shoot the Piano Player (Tirez sur le pianiste),1960,Crime|Drama|Romance|Thriller,,,Adrenalina
7137,"Cooler, The",2003,Comedy|Drama|Romance,,,Da vedere in due
7139,In America,2002,Drama|Romance,7.6,44536,Da vedere in due
7141,My Flesh and Blood,2003,Documentary,8.3,1804,Domenica impegnativa
7142,Honey,2003,Drama|Romance,5.4,49505,Da vedere in due
7143,"Last Samurai, The",2003,Action|Adventure|Drama|War,,,Adrenalina
7147,Big Fish,2003,Drama|Fantasy|Romance,7.9,480081,Da vedere in due
7148,Love Don't Cost a Thing,2003,Drama|Romance,5.3,10824,Da vedere in due
7149,Something's Gotta Give,2003,Comedy|Drama|Romance,6.8,141002,Da vedere in due
7150,Stuck on You,2003,Comedy,5.8,56991,Comfort movie
7151,Girl with a Pearl Earring,2003,Drama|Romance,6.9,84882,Da vedere in due
7152,"Statement, The",2003,Drama|Thriller,,,Adrenalina
7153,"Lord of the Rings: The Return of the King, The",2003,Action|Adventure|Drama|Fantasy,,,Domenica impegnativa
7154,Mona Lisa Smile,2003,Drama|Romance,6.6,100563,Da vedere in due
7155,Calendar Girls,2003,Comedy,6.9,28482,Comfort movie
7156,"Fog of War: Eleven Lessons from the Life of Robert S. McNamara, The",2003,Documentary|War,,,Adrenalina
7157,"Hebrew Hammer, The",2003,Comedy,,,Comfort movie
7158,House of Sand and Fog,2003,Drama,7.5,76284,Domenica impegnativa
7160,Monster,2003,Crime|Drama,7.3,173419,Adrenalina
7161,Cheaper by the Dozen,2003,Children|Comedy,6.0,116498,Comfort movie
7162,Cold Mountain,2003,Drama|Romance|War,7.2,165281,Adrenalina
7163,Paycheck,2003,Action|Sci-Fi|Thriller,6.3,119334,Adrenalina
7164,Peter Pan,2003,Action|Adventure|Children|Fantasy,6.8,85760,Comfort movie
7165,"Company, The",2003,Drama|Musical,,,Comfort movie
7167,Japanese Story,2003,Drama,6.8,7045,Domenica impegnativa
7168,Secret Things (Choses secrètes),2002,Drama,,,Domenica impegnativa
7169,Chasing Liberty,2004,Comedy|Romance,6.1,41355,Da vedere in due
7170,My Baby's Daddy,2004,Comedy,4.5,3969,Comfort movie
7171,Aileen: Life and Death of a Serial Killer,2003,Documentary,7.1,7316,Domenica impegnativa
7173,Along Came Polly,2004,Comedy|Romance,6.0,151199,Da vedere in due
7175,Torque,2004,Action|Crime,4.2,30730,Adrenalina
7177,Osama,2003,Drama,7.3,9962,Domenica impegnativa
7178,"Great Gatsby, The",1974,Drama,,,Domenica impegnativa
7179,Wuthering Heights,1992,Drama|Romance,6.6,16685,Da vedere in due
7181,Ship of Fools,1965,Drama,7.0,7828,Domenica impegnativa
7182,Lord Love a Duck,1966,Comedy,6.2,1981,Comfort movie
7183,There's a Girl in My Soup,1970,Comedy,5.7,3067,Comfort movie
7184,This Property is Condemned,1966,Drama|Romance,7.0,7244,Da vedere in due
7186,Once Upon a Crime...,1992,Comedy|Mystery,5.8,6480,Mente accesa
7190,Jane Eyre,1970,Drama,6.4,1352,Domenica impegnativa
7191,Blame It on the Bellboy,1992,Comedy,5.6,3043,Comfort movie
7193,"Adventures of Ford Fairlane, The",1990,Action|Comedy,,,Comfort movie
7195,"Enforcer, The",1951,Crime|Drama|Film-Noir,,,Adrenalina
7196,"Men, The",1950,Drama,,,Domenica impegnativa
7198,The Pick-up Artist,1987,Comedy|Crime|Drama|Romance,5.4,8373,Adrenalina
7199,Melvin Goes to Dinner,2003,Comedy|Drama,6.7,3380,Comfort movie
7201,Crime Spree,2003,Comedy|Crime,6.4,5951,Adrenalina
7202,Beyond Re-Animator,2003,Horror,5.7,14110,Adrenalina
7205,"Wind and the Lion, The",1975,Adventure,,,Venerdi leggero
7206,Mon Oncle (My Uncle),1958,Comedy,,,Comfort movie
7207,Where the Boys Are,1960,Comedy,6.7,3491,Comfort movie
7208,Dr. Jekyll and Mr. Hyde,1941,Drama|Horror,6.8,10888,Adrenalina
7209,"M. Hulot’s Holiday (Mr. Hulot's Holiday) (Vacances de Monsieur Hulot, Les)",1953,Comedy,,,Comfort movie
7210,My Darling Clementine,1946,Western,7.7,28846,Venerdi leggero
7211,People Will Talk,1951,Comedy|Romance,7.3,7931,Da vedere in due
7212,I Was a Male War Bride,1949,Comedy|Romance,7.0,9940,Da vedere in due
7213,Divorce American Style,1967,Comedy,6.3,2128,Comfort movie
7214,Kiss Them for Me,1957,Comedy|Romance|War,5.6,2316,Adrenalina
7215,To Have and Have Not,1944,Adventure|Drama|Romance|Thriller|War,7.8,41574,Adrenalina
7216,High Sierra,1941,Crime|Drama|Film-Noir|Thriller,7.5,21265,Adrenalina
7217,Dark Passage,1947,Crime|Drama|Film-Noir|Romance|Thriller,7.5,24365,Adrenalina
7218,"Ox-Bow Incident, The",1943,Drama|Western,,,Domenica impegnativa
7219,They Drive by Night,1940,Drama,7.2,10162,Domenica impegnativa
7220,Micki + Maude,1984,Comedy,6.0,3673,Comfort movie
7221,Platinum Blonde,1931,Comedy|Romance,6.7,4014,Da vedere in due
7223,D.O.A.,1950,Drama|Film-Noir|Mystery,,,Domenica impegnativa
7225,Pumping Iron,1977,Documentary,7.3,26882,Domenica impegnativa
7227,"Trouble with Angels, The",1966,Comedy,,,Comfort movie
7228,Cool World,1992,Animation|Comedy|Fantasy,4.9,27220,Comfort movie
7230,"Silencers, The",1966,Action|Comedy,,,Comfort movie
7234,"Strada, La",1954,Drama,,,Domenica impegnativa
7235,Ichi the Killer (Koroshiya 1),2001,Action|Comedy|Crime|Drama|Horror|Thriller,,,Adrenalina
7236,"Boy and His Dog, A",1975,Sci-Fi,,,Mente accesa
7237,"Last Tycoon, The",1976,Drama|Romance,,,Da vedere in due
7247,Chitty Chitty Bang Bang,1968,Adventure|Children|Comedy|Fantasy|Musical,7.0,55596,Comfort movie
7248,"Suriyothai (a.k.a. Legend of Suriyothai, The)",2001,Action|Adventure|Drama|War,,,Adrenalina
7249,Plaza Suite,1971,Comedy,6.5,3130,Comfort movie
7250,"Out of Towners, The",1970,Comedy,,,Comfort movie
7251,Where the Day Takes You,1992,Drama,6.5,4183,Domenica impegnativa
7253,It,1927,Comedy|Romance,7.2,4034,Da vedere in due
7254,The Butterfly Effect,2004,Drama|Sci-Fi|Thriller,7.6,560693,Adrenalina
7255,Win a Date with Tad Hamilton!,2004,Comedy|Romance,5.6,30901,Da vedere in due
7256,Touching the Void,2003,Adventure|Documentary,7.9,40046,Domenica impegnativa
7258,"Perfect Score, The",2004,Comedy|Crime,,,Adrenalina
7259,You Got Served,2004,Drama|Musical,4.0,28479,Comfort movie
7261,Barbershop 2: Back in Business,2004,Comedy,5.7,17259,Comfort movie
7263,Miracle,2004,Drama,7.5,64434,Domenica impegnativa
7265,"Dreamers, The",2003,Drama,,,Domenica impegnativa
7274,Let's Do It Again,1975,Comedy,6.7,3646,Comfort movie
7275,Uptown Saturday Night,1974,Comedy,6.6,3179,Comfort movie
7277,"Innocent, The",1993,Drama,,,Domenica impegnativa
7280,Blacula,1972,Horror,5.8,8940,Adrenalina
7283,Swing Shift,1984,Drama,6.0,5977,Domenica impegnativa
7285,Thirteen,2003,Drama,6.8,108021,Domenica impegnativa
7287,"Sailor Who Fell from Grace with the Sea, The",1976,Drama,,,Domenica impegnativa
7291,Pontiac Moon,1994,Drama,5.6,842,Domenica impegnativa
7292,Best Defense,1984,Comedy|War,3.9,6765,Adrenalina
7293,50 First Dates,2004,Comedy|Romance,6.8,420638,Da vedere in due
7294,Welcome to Mooseport,2004,Comedy,5.3,14509,Comfort movie
7297,Kitchen Stories (Salmer fra kjøkkenet),2003,Comedy|Drama,,,Comfort movie
7299,Monsieur Ibrahim (Monsieur Ibrahim et les fleurs du Coran),2003,Drama,,,Domenica impegnativa
7301,Diary of a Country Priest (Journal d'un curé de campagne),1951,Drama,,,Domenica impegnativa
7303,The Diary of Anne Frank,1959,Drama|War,7.4,14701,Adrenalina
7304,Allegro non troppo,1977,Animation|Comedy|Fantasy|Musical,,,Comfort movie
7305,Black Widow,1987,Crime|Drama|Mystery|Thriller,6.4,12166,Adrenalina
7307,Flesh & Blood,1985,Action|Adventure|Drama|War,6.7,22572,Adrenalina
7308,King Solomon's Mines,1985,Adventure|Comedy,5.2,16921,Comfort movie
7310,Raw Deal,1986,Action,5.6,41589,Venerdi leggero
7311,"Goodbye, Mr. Chips",1939,Drama|Romance,7.9,12460,Da vedere in due
7312,"Follow Me, Boys!",1966,Comedy|Drama,7.1,2820,Comfort movie
7314,Robot Stories,2003,Drama|Sci-Fi,6.0,1459,Domenica impegnativa
7315,Against the Ropes,2004,Comedy|Drama,5.3,7645,Comfort movie
7316,Confessions of a Teenage Drama Queen,2004,Comedy,4.8,34022,Comfort movie
7317,EuroTrip,2004,Adventure|Comedy,6.6,247626,Comfort movie
7318,"Passion of the Christ, The",2004,Drama,,,Domenica impegnativa
7320,Dirty Dancing: Havana Nights,2004,Romance,5.9,31143,Da vedere in due
7321,Twisted,2004,Thriller,5.3,25959,Adrenalina
7323,"Good bye, Lenin!",2003,Comedy|Drama,7.7,160875,Comfort movie
7324,Hidalgo,2004,Adventure|Drama,6.7,89172,Domenica impegnativa
7325,Starsky & Hutch,2004,Action|Comedy|Crime|Thriller,6.1,162898,Adrenalina
7326,"Reckoning, The",2004,Crime|Drama,,,Adrenalina
7327,Persona,1966,Drama,8.0,142155,Domenica impegnativa
7334,"Front, The",1976,Comedy|Drama,,,Comfort movie
7335,Pickup on South Street,1953,Film-Noir,7.6,18103,Domenica impegnativa
7340,Just One of the Guys,1985,Comedy,6.5,20555,Comfort movie
7343,Wisconsin Death Trip,1999,Documentary,6.7,1708,Domenica impegnativa
7345,Agent Cody Banks 2: Destination London,2004,Action|Adventure|Children|Comedy,4.6,17194,Comfort movie
7346,"Girl Next Door, The",2004,Comedy|Romance,,,Da vedere in due
7347,Secret Window,2004,Mystery|Thriller,6.5,223630,Adrenalina
7348,Spartan,2004,Thriller,6.5,33340,Adrenalina
7349,Broken Wings (Knafayim Shvurot),2002,Drama,,,Domenica impegnativa
7352,Wilbur Wants to Kill Himself,2002,Comedy|Drama|Romance,6.8,8265,Da vedere in due
7354,Mad Dog and Glory,1993,Comedy|Drama|Romance,6.3,24223,Da vedere in due
7357,Peyton Place,1957,Drama|Romance,7.2,7319,Da vedere in due
7360,Dawn of the Dead,2004,Action|Drama|Horror|Thriller,7.2,290752,Adrenalina
7361,Eternal Sunshine of the Spotless Mind,2004,Drama|Romance|Sci-Fi,8.3,1196141,Da vedere in due
7362,Taking Lives,2004,Crime|Drama|Thriller,6.2,101648,Adrenalina
7364,Intermission,2003,Comedy|Crime|Drama,6.8,17464,Adrenalina
7365,Noi the Albino (Nói albinói),2003,Drama,,,Domenica impegnativa
7366,Jersey Girl,2004,Comedy|Drama|Romance,6.2,75072,Da vedere in due
7367,"Ladykillers, The",2004,Comedy|Crime,,,Adrenalina
7368,Never Die Alone,2004,Crime|Drama|Thriller,5.6,6396,Adrenalina
7369,Scooby-Doo 2: Monsters Unleashed,2004,Action|Adventure|Children|Comedy|Mystery,5.4,74453,Mente accesa
7371,Dogville,2003,Drama|Mystery|Thriller,8.0,168941,Adrenalina
7372,Ned Kelly,2003,Drama,6.4,29427,Domenica impegnativa
7373,Hellboy,2004,Action|Adventure|Fantasy|Horror,6.9,373150,Adrenalina
7374,Home on the Range,2004,Animation|Children|Comedy|Musical|Western,5.4,30170,Comfort movie
7375,"Prince & Me, The",2004,Comedy|Romance,,,Da vedere in due
7376,Walking Tall,2004,Action,6.2,114039,Venerdi leggero
7377,"United States of Leland, The",2003,Crime|Drama,,,Adrenalina
7378,Johnson Family Vacation,2004,Comedy,4.6,9066,Comfort movie
7379,"Alamo, The",2004,Drama|War|Western,,,Adrenalina
7380,Ella Enchanted,2004,Comedy|Fantasy|Romance,6.3,81895,Da vedere in due
7381,"Whole Ten Yards, The",2004,Action|Comedy|Crime,,,Adrenalina
7382,I'm Not Scared (Io non ho paura),2003,Drama|Mystery|Thriller,,,Adrenalina
7386,"Ten Commandments, The",1956,Adventure|Drama,,,Domenica impegnativa
7387,Dawn of the Dead,1978,Action|Drama|Horror,7.8,137588,Adrenalina
7389,One Million Years B.C.,1966,Adventure|Fantasy,5.7,10647,Venerdi leggero
7391,"Mother, Jugs & Speed",1976,Comedy,5.9,3635,Comfort movie
7393,"Slugger's Wife, The",1985,Comedy|Romance,,,Da vedere in due
7394,Those Magnificent Men in Their Flying Machines,1965,Action|Adventure|Comedy,,,Comfort movie
7395,Cheaper by the Dozen,1950,Comedy|Drama,7.0,6123,Comfort movie
7396,Scenes From a Marriage (Scener ur ett äktenskap),1973,Drama,,,Domenica impegnativa
7397,"Baby, the Rain Must Fall",1965,Drama,6.3,2291,Domenica impegnativa
7398,Belles on Their Toes,1952,Comedy,6.5,1227,Comfort movie
7405,Road to Bali,1952,Comedy|Musical,6.4,5575,Comfort movie
7406,"Flying Deuces, The",1939,Comedy,,,Comfort movie
7407,Africa Screams,1949,Adventure|Comedy,6.0,4343,Comfort movie
7410,"Osterman Weekend, The",1983,Action|Thriller,,,Adrenalina
7413,Hangman's Curse,2003,Horror|Mystery|Thriller,4.8,2813,Adrenalina
7414,Going in Style,1979,Comedy|Drama,7.1,4577,Comfort movie
7415,"Late Show, The",1977,Comedy|Crime|Drama|Mystery,,,Adrenalina
7416,"Sunshine Boys, The",1975,Comedy,,,Comfort movie
7417,Jersey Girl,1992,Comedy|Romance,6.1,1842,Da vedere in due
7418,"American Nightmare, The",2000,Documentary,,,Domenica impegnativa
7419,After Hours,1985,Comedy|Thriller,7.6,100697,Adrenalina
7420,Viva Las Vegas,1964,Comedy|Musical|Romance,6.4,10222,Da vedere in due
7437,Connie and Carla,2004,Comedy,6.3,9006,Comfort movie
7438,Kill Bill: Vol. 2,2004,Action|Drama|Thriller,8.0,880286,Adrenalina
7439,"Punisher, The",2004,Action|Crime|Thriller,,,Adrenalina
7440,Paper Clips,2004,Documentary,7.3,1835,Domenica impegnativa
7444,13 Going on 30,2004,Comedy|Fantasy|Romance,6.4,253144,Da vedere in due
7445,Man on Fire,2004,Action|Crime|Drama|Mystery|Thriller,7.7,426253,Adrenalina
7448,Envy,2004,Comedy,4.8,33663,Comfort movie
7449,Godsend,2004,Drama|Horror|Thriller,4.8,27361,Adrenalina
7450,Laws of Attraction,2004,Comedy|Romance,5.9,26120,Da vedere in due
7451,Mean Girls,2004,Comedy,7.1,493077,Comfort movie
7453,New York Minute,2004,Action|Adventure|Comedy,5.0,26792,Comfort movie
7454,Van Helsing,2004,Action|Adventure|Fantasy|Horror,6.1,309903,Adrenalina
7457,Breakin' All the Rules,2004,Comedy|Romance,5.6,6618,Da vedere in due
7458,Troy,2004,Action|Adventure|Drama|War,7.3,649058,Adrenalina
7459,Carandiru,2003,Crime|Drama,7.6,25248,Adrenalina
7460,Coffee and Cigarettes,2003,Comedy|Drama,7.0,71308,Comfort movie
7474,"Boys in the Band, The",1970,Drama,,,Domenica impegnativa
7475,Raid,2003,Action|Crime|Drama|Thriller,7.1,2540,Adrenalina
7478,Swimming to Cambodia,1987,Drama,7.6,2587,Domenica impegnativa
7479,Watch on the Rhine,1943,Drama,7.1,5571,Domenica impegnativa
7481,Enemy Mine,1985,Adventure|Drama|Sci-Fi,6.9,55304,Domenica impegnativa
7482,Enter the Dragon,1973,Action|Crime,7.6,121507,Adrenalina
7484,Gimme Shelter,1970,Documentary,7.8,13907,Domenica impegnativa
7487,Henry & June,1990,Drama,6.3,15046,Domenica impegnativa
7493,"Three Faces of Eve, The",1957,Drama,,,Domenica impegnativa
7502,Band of Brothers,2001,Action|Drama|War,,,Adrenalina
7505,"Kingdom, The (Riget)",1994,Drama|Horror|Mystery,,,Adrenalina
7521,Mercy,2000,Crime|Mystery|Thriller,5.3,2637,Adrenalina
7523,Desperate Hours,1990,Crime|Drama|Thriller,5.4,9389,Adrenalina
7560,Fail-Safe,1964,Drama|Thriller|War,8.0,28380,Adrenalina
7566,28 Up,1985,Documentary,,,Domenica impegnativa
7569,You Only Live Twice,1967,Action|Adventure|Sci-Fi|Thriller,6.8,128777,Adrenalina
7570,Octopussy,1983,Action|Adventure|Thriller,6.5,121108,Adrenalina
7571,"Blue Gardenia, The",1953,Crime|Drama|Film-Noir|Thriller,,,Adrenalina
7572,Wit,2001,Drama,7.9,10972,Domenica impegnativa
7573,Never Say Never Again,1983,Action|Adventure|Thriller,6.1,79303,Adrenalina
7577,"Magic Flute, The (Trollflöjten)",1975,Comedy|Fantasy|Musical|Romance,,,Da vedere in due
7578,Midnight,1939,Comedy|Romance,7.8,6522,Da vedere in due
7579,Pride and Prejudice,1940,Comedy|Drama|Romance,7.3,10157,Da vedere in due
7580,"Man in the Gray Flannel Suit, The",1956,Drama,,,Domenica impegnativa
7581,"Fountainhead, The",1949,Drama,,,Domenica impegnativa
7582,Old Acquaintance,1943,Drama,7.4,4318,Domenica impegnativa
7583,In This Our Life,1942,Drama,7.3,5793,Domenica impegnativa
7584,Woman of the Year,1942,Comedy|Romance,7.1,12008,Da vedere in due
7585,Summertime,1955,Drama|Romance,7.1,11586,Da vedere in due
7586,Soldier of Orange (a.k.a. Survival Run) (Soldaat van Oranje),1977,Drama|Thriller|War,,,Adrenalina
7587,"Samouraï, Le (Godson, The)",1967,Crime|Drama|Thriller,,,Adrenalina
7613,White Palace,1990,Drama,6.5,9990,Domenica impegnativa
7614,Oklahoma!,1955,Musical|Romance|Western,7.0,15966,Da vedere in due
7616,Body Double,1984,Mystery|Thriller,6.8,46115,Adrenalina
7617,Rooster Cogburn,1975,Comedy|Western,6.8,14629,Comfort movie
7618,Chaplin,1992,Drama,7.5,66135,Domenica impegnativa
7619,"Miracle Worker, The",1962,Drama,,,Domenica impegnativa
7624,School Ties,1992,Drama,6.9,29793,Domenica impegnativa
7625,Girl,1998,Drama,5.7,3290,Domenica impegnativa
7626,Switch,1991,Comedy|Crime|Fantasy,5.8,11368,Adrenalina
7627,Just Write,1997,Comedy,6.1,1132,Comfort movie
7636,Raising Cain,1992,Horror|Thriller,6.1,19333,Adrenalina
7638,Buck Privates,1941,Comedy|Musical,7.0,5070,Comfort movie
7646,Rose Red,2002,Horror|Mystery|Thriller,,,Adrenalina
7647,Noises Off...,1992,Comedy,7.4,13953,Comfort movie
7648,Wildflowers,1999,Drama,5.5,577,Domenica impegnativa
7649,Babylon 5: In the Beginning,1998,Adventure|Sci-Fi,7.7,8753,Mente accesa
7650,"Witchfinder General (Conquerer Worm, The)",1968,Horror,,,Adrenalina
7669,Pride and Prejudice,1995,Drama|Romance,,,Da vedere in due
7675,"Canterville Ghost, The",1944,Comedy|Fantasy,,,Comfort movie
7697,"Prince and the Showgirl, The",1957,Comedy|Romance,,,Da vedere in due
7698,"China Syndrome, The",1979,Drama|Thriller,,,Adrenalina
7700,"Wages of Fear, The (Salaire de la peur, Le)",1953,Action|Adventure|Drama|Thriller,,,Adrenalina
7701,Look Who's Talking Too,1990,Comedy|Romance,4.7,51505,Da vedere in due
7702,"Bells of St. Mary's, The",1945,Drama,,,Domenica impegnativa
7703,You Light Up My Life,1977,Drama|Romance,4.8,921,Da vedere in due
7704,"Delta Force, The",1986,Action,,,Venerdi leggero
7705,Pat and Mike,1952,Comedy|Romance,6.9,6607,Da vedere in due
7706,Animal Crackers,1930,Comedy|Musical,7.4,16330,Comfort movie
7707,"He Said, She Said",1991,Comedy|Drama|Romance,5.7,7221,Da vedere in due
7708,Bedazzled,1967,Comedy|Fantasy,6.7,10496,Comfort movie
7713,Cat People,1942,Drama|Horror|Romance|Thriller,7.2,29011,Adrenalina
7714,Camelot,1967,Drama|Musical|Romance,6.6,8239,Da vedere in due
7716,"Lonely Guy, The",1984,Comedy,,,Comfort movie
7720,"Four Musketeers, The",1974,Action|Adventure|Comedy|Romance,,,Da vedere in due
7724,Steel Dawn,1987,Action|Sci-Fi,5.1,6059,Mente accesa
7725,On Deadly Ground,1994,Action|Adventure|Thriller,4.6,27179,Adrenalina
7726,Boy Meets Girl,1998,Comedy|Romance,5.4,352,Da vedere in due
7727,Protocol,1984,Comedy,5.5,5740,Comfort movie
7728,"Postman Always Rings Twice, The",1946,Crime|Drama|Film-Noir|Thriller,,,Adrenalina
7743,Explorers,1985,Adventure|Children|Sci-Fi,6.4,25895,Mente accesa
7745,"Scent of Green Papaya, The (Mùi du du xhan - L'odeur de la papaye verte)",1993,Drama,,,Domenica impegnativa
7748,Pierrot le fou,1965,Crime|Drama,7.4,40576,Adrenalina
7751,Strange Cargo,1940,Drama,6.9,3341,Domenica impegnativa
7753,Tuesdays with Morrie,1999,Drama,7.4,5216,Domenica impegnativa
7756,Alexander Nevsky (Aleksandr Nevskiy),1938,Action|Drama|War,,,Adrenalina
7757,Jason and the Argonauts,1963,Action|Adventure|Fantasy,7.3,35696,Venerdi leggero
7759,Nostalghia,1983,Drama,7.9,33647,Domenica impegnativa
7762,"Tinker, Tailor, Soldier, Spy",1979,Drama|Thriller,,,Adrenalina
7763,Winter Sleepers (Winterschläfer),2000,Drama|Romance,,,Da vedere in due
7764,"Driller Killer, The",1979,Drama|Horror,,,Adrenalina
7766,Throne of Blood (Kumonosu jô),1957,Action|Drama|Thriller|War,,,Adrenalina
7772,Undercurrent,1946,Film-Noir|Thriller,6.5,3936,Adrenalina
7774,My Side of the Mountain,1969,Adventure|Children,6.6,1278,Comfort movie
7782,Sniper,1993,Action|Drama,6.1,27133,Domenica impegnativa
7786,Genghis Blues,1999,Documentary,7.7,1496,Domenica impegnativa
7787,To Hell and Back,1955,Action|Drama|War,7.1,6587,Adrenalina
7789,"11'09""01 - September 11",2002,Drama,6.8,6164,Domenica impegnativa
7790,"Bon Voyage, Charlie Brown (and Don't Come Back!)",1980,Animation|Children|Comedy,7.1,3907,Comfort movie
7791,Internal Affairs,1990,Crime|Thriller,6.5,25064,Adrenalina
7792,"Parallax View, The",1974,Thriller,,,Adrenalina
7802,"Warriors, The",1979,Action|Adventure|Crime|Thriller,,,Adrenalina
7809,Ambush (Rukajärven tie),1999,Drama|Romance|War,,,Adrenalina
7810,Babylon 5: A Call to Arms,1999,Adventure|Sci-Fi,7.1,6173,Mente accesa
7811,Babylon 5: The River of Souls,1998,Drama|Sci-Fi,6.5,5266,Domenica impegnativa
7812,Babylon 5: Thirdspace,1998,Drama|Sci-Fi,6.8,6081,Domenica impegnativa
7817,Zardoz,1974,Fantasy|Sci-Fi,5.8,26072,Mente accesa
7820,"Virgin Spring, The (Jungfrukällan)",1960,Crime|Drama,,,Adrenalina
7821,Ice-Cold in Alex,1958,Adventure|Drama|War,7.7,7555,Adrenalina
7822,Mogambo,1953,Adventure|Drama|Romance,6.6,10113,Da vedere in due
7826,"Secret Life of Walter Mitty, The",1947,Comedy|Romance|Thriller,,,Adrenalina
7827,Cypher,2002,Action|Sci-Fi|Thriller,6.7,33343,Adrenalina
7831,Another Thin Man,1939,Comedy|Crime|Drama|Mystery|Romance,7.4,8955,Adrenalina
7832,"Thin Man Goes Home, The",1945,Comedy|Crime|Mystery,,,Adrenalina
7833,Shadow of the Thin Man,1941,Comedy|Crime|Mystery,7.2,7689,Adrenalina
7834,After the Thin Man,1936,Comedy|Crime|Mystery|Romance,7.6,13296,Adrenalina
7835,Song of the Thin Man,1947,Comedy|Crime|Drama|Musical|Mystery|Romance,6.9,6355,Adrenalina
7836,Woodstock,1970,Documentary|Musical,8.1,19633,Domenica impegnativa
7839,Love Crazy,1941,Comedy,7.4,3865,Comfort movie
7840,Gunga Din,1939,Adventure|Comedy|War,7.2,13760,Adrenalina
7841,Children of Dune,2003,Fantasy|Sci-Fi,,,Mente accesa
7842,Dune,2000,Drama|Fantasy|Sci-Fi,,,Domenica impegnativa
7844,"Legend, The (Legend of Fong Sai-Yuk, The) (Fong Sai Yuk)",1993,Action|Comedy,,,Comfort movie
7845,Tremors II: Aftershocks,1996,Comedy|Horror|Sci-Fi,,,Adrenalina
7846,Tremors 3: Back to Perfection,2001,Comedy|Horror|Sci-Fi,,,Adrenalina
7847,"Peanut Butter Solution, The",1985,Children|Fantasy,,,Comfort movie
7879,Notorious C.H.O.,2002,Comedy,,,Comfort movie
7881,White Zombie,1932,Horror,6.2,12847,Adrenalina
7882,The Plague of the Zombies,1966,Horror,6.6,6330,Adrenalina
7883,I Walked with a Zombie,1943,Drama|Horror,7.0,15657,Adrenalina
7888,How to Succeed in Business Without Really Trying,1967,Comedy|Musical,7.2,5725,Comfort movie
7889,Pat Garrett and Billy the Kid,1973,Western,7.2,23489,Venerdi leggero
7890,The Left Handed Gun,1958,Crime|Drama|Western,6.4,5177,Adrenalina
7891,"Last Man on Earth, The (Ultimo uomo della Terra, L')",1964,Drama|Horror|Sci-Fi,,,Adrenalina
7894,"Duck, You Sucker (a.k.a. Fistful of Dynamite, A) (Giù la testa)",1971,Action|Adventure|War|Western,,,Adrenalina
7895,Bring Me the Head of Alfredo Garcia,1974,Crime|Drama|Thriller,7.4,23598,Adrenalina
7896,Ride the High Country,1962,Adventure|Drama|Western,7.4,16496,Domenica impegnativa
7897,"Ballad of Cable Hogue, The",1970,Comedy|Western,,,Comfort movie
7898,Junior Bonner,1972,Comedy|Drama|Western,6.7,7529,Comfort movie
7899,Master of the Flying Guillotine (Du bi quan wang da po xue di zi),1975,Action,,,Venerdi leggero
7900,Frankenstein Must Be Destroyed,1969,Drama|Horror|Sci-Fi,6.7,6035,Adrenalina
7901,"Haunted Palace, The",1963,Horror,,,Adrenalina
7916,Gidget,1959,Comedy,6.6,4356,Comfort movie
7919,Drunken Angel (Yoidore tenshi),1948,Drama|Film-Noir,,,Domenica impegnativa
7920,Desperate Living,1977,Comedy|Crime,7.0,6813,Adrenalina
7922,"Valachi Papers,The",1972,Crime|Drama,,,Adrenalina
7923,Rolling Thunder,1977,Action|Drama,6.9,14845,Domenica impegnativa
7924,Stray Dog (Nora inu),1949,Drama|Film-Noir|Thriller,,,Adrenalina
7925,"Hidden Fortress, The (Kakushi-toride no san-akunin)",1958,Action|Adventure,,,Venerdi leggero
7926,High and Low (Tengoku to jigoku),1963,Crime|Drama|Film-Noir|Thriller,,,Adrenalina
7930,"People Under the Stairs, The",1991,Horror|Mystery|Thriller,,,Adrenalina
7932,Dark Days,2000,Documentary,7.7,7549,Domenica impegnativa
7933,"Night in Casablanca, A",1946,Comedy,,,Comfort movie
7934,Zelig,1983,Comedy,7.6,46310,Comfort movie
7935,Face to Face (Ansikte mot ansikte),1976,Drama|Fantasy|Horror|Mystery,,,Adrenalina
7938,Winter Light (Nattvardsgästerna),1963,Drama,,,Domenica impegnativa
7939,Through a Glass Darkly (Såsom i en spegel),1961,Drama,,,Domenica impegnativa
7941,Smiles of a Summer Night (Sommarnattens leende),1955,Comedy|Romance,,,Da vedere in due
7943,"Killers, The",1946,Crime|Film-Noir,,,Adrenalina
7944,"Night of the Iguana, The",1964,Drama|Thriller,,,Adrenalina
7946,Reflections in a Golden Eye,1967,Drama,6.7,8904,Domenica impegnativa
7947,Under the Volcano,1984,Drama,6.8,6914,Domenica impegnativa
7948,Wise Blood,1979,Comedy|Drama,6.9,7180,Comfort movie
7951,Nightbreed,1990,Fantasy|Horror,6.5,29230,Adrenalina
7954,"Baron Blood (Orrori del castello di Norimberga, Gli)",1972,Horror,,,Adrenalina
7976,Ken Park,2002,Drama,5.8,32303,Domenica impegnativa
7980,"Bridge Too Far, A",1977,Action|Drama|War,,,Adrenalina
7981,Infernal Affairs (Mou gaan dou),2002,Crime|Drama|Thriller,,,Adrenalina
7982,"Tale of Two Sisters, A (Janghwa, Hongryeon)",2003,Drama|Horror|Mystery|Thriller,,,Adrenalina
7983,Broadway Danny Rose,1984,Comedy,7.4,28417,Comfort movie
7990,Rock 'N' Roll High School,1979,Comedy|Musical,6.6,12381,Comfort movie
7991,Death Race 2000,1975,Action|Sci-Fi,6.2,33200,Mente accesa
7993,"Bucket Of Blood, A",1959,Comedy|Horror,,,Adrenalina
8007,Pure Country,1992,Drama|Musical|Romance,7.2,5972,Da vedere in due
8008,Brigadoon,1954,Fantasy|Musical|Romance,6.8,10164,Da vedere in due
8009,Marjorie Morningstar,1958,Drama,6.2,1404,Domenica impegnativa
8011,"Weather Underground, The",2002,Documentary,,,Domenica impegnativa
8012,Kikujiro (Kikujirô no natsu),1999,Comedy|Drama,,,Comfort movie
8013,I'm with Lucy,2002,Comedy|Romance,5.9,3660,Da vedere in due
8014,"Spring, Summer, Fall, Winter... and Spring (Bom yeoreum gaeul gyeoul geurigo bom)",2003,Drama,,,Domenica impegnativa
8015,"Phantom Tollbooth, The",1970,Adventure|Animation|Children|Fantasy,,,Comfort movie
8016,"Getaway, The",1972,Action|Crime|Drama|Thriller,,,Adrenalina
8019,Dark Water (Honogurai mizu no soko kara),2002,Drama|Horror|Mystery|Thriller,,,Adrenalina
8024,"Thing Called Love, The",1993,Comedy|Drama|Romance,,,Da vedere in due
8033,How to Steal a Million,1966,Comedy|Crime|Romance,7.5,32623,Adrenalina
8039,Support Your Local Sheriff!,1969,Comedy|Western,7.4,14840,Comfort movie
8041,Passed Away,1992,Comedy,5.8,1601,Comfort movie
8042,Mean Streets,1973,Crime|Drama,7.1,129753,Adrenalina
8043,Jack the Bear,1993,Comedy|Drama,6.5,4694,Comfort movie
8044,I Am a Fugitive from a Chain Gang,1932,Crime|Drama|Film-Noir,8.2,15854,Adrenalina
8045,Hamburger Hill,1987,Action|Drama|War,6.7,30314,Adrenalina
8056,Harper,1966,Crime|Drama|Mystery,6.8,12395,Adrenalina
8057,Sweet Bird of Youth,1962,Drama,7.1,9383,Domenica impegnativa
8062,Dahmer,2002,Drama|Horror|Thriller,5.6,12575,Adrenalina
8069,Comes a Horseman,1978,Drama|Romance|Western,6.3,4127,Da vedere in due
8093,Shiri (Swiri),1999,Action|Drama|Romance|Thriller,,,Adrenalina
8094,Bad Day at Black Rock,1955,Drama|Thriller|Western,7.6,27104,Adrenalina
8118,Delta Force 2 (Delta Force 2: The Colombian Connection),1990,Action|Adventure|Thriller|War,,,Adrenalina
8119,Crossroads,1986,Drama,7.1,19669,Domenica impegnativa
8121,"Seducing Doctor Lewis (Grande séduction, La)",2003,Comedy,,,Comfort movie
8122,City Limits,1984,Action|Sci-Fi,2.6,1681,Mente accesa
8124,Leaving Normal,1992,Comedy|Drama,6.6,1720,Comfort movie
8125,Sunrise: A Song of Two Humans,1927,Drama|Romance,8.1,57109,Da vedere in due
8127,"First $20 Million Is Always the Hardest, The",2002,Comedy,,,Comfort movie
8128,Au revoir les enfants,1987,Drama,8.0,38937,Domenica impegnativa
8131,Pursuit of Happiness,2001,Comedy|Romance,5.8,473,Da vedere in due
8132,Gladiator,1992,Action|Drama,6.6,11982,Domenica impegnativa
8134,Wonderful Days (a.k.a. Sky Blue),2003,Animation|Sci-Fi,,,Mente accesa
8147,Charly,1968,Drama|Sci-Fi,6.9,7851,Domenica impegnativa
8153,Lust for Life,1956,Drama,7.3,13255,Domenica impegnativa
8154,"Dolce Vita, La",1960,Drama,,,Domenica impegnativa
8157,Jin Roh: The Wolf Brigade (Jin-Rô),1998,Animation|Fantasy|Thriller,,,Adrenalina
8158,Rush,1991,Crime|Drama,6.7,11325,Adrenalina
8167,Captain Blood,1935,Action|Adventure|Romance,7.7,17639,Da vedere in due
8169,*batteries not included,1987,Children|Comedy|Fantasy|Sci-Fi,6.6,39510,Mente accesa
8183,Educating Rita,1983,Comedy|Drama,7.2,15957,Comfort movie
8187,On Moonlight Bay,1951,Comedy|Musical,6.9,3408,Comfort movie
8188,Sansho the Bailiff (Sanshô dayû),1954,Drama,,,Domenica impegnativa
8189,Zazie dans le métro,1960,Comedy,6.9,7342,Comfort movie
8190,"Americanization of Emily, The",1964,Comedy|Drama|War,,,Adrenalina
8191,Anne of the Thousand Days,1969,Drama,7.4,8929,Domenica impegnativa
8194,Baby Doll,1956,Drama,7.2,9093,Domenica impegnativa
8195,"Avventura, L' (Adventure, The)",1960,Drama|Mystery|Romance,,,Da vedere in due
8196,Beyond the Valley of the Dolls,1970,Comedy|Horror,6.1,13130,Adrenalina
8197,Hiroshima Mon Amour,1959,Drama|Romance|War,7.8,39856,Adrenalina
8199,Ugetsu (Ugetsu monogatari),1953,Drama|Thriller,,,Adrenalina
8201,At Play in the Fields of the Lord,1991,Drama,6.8,3758,Domenica impegnativa
8206,Mystery of the Wax Museum,1933,Horror,6.8,7703,Adrenalina
8207,"Day of the Jackal, The",1973,Crime|Thriller,,,Adrenalina
8208,"Razor's Edge, The",1946,Drama,,,Domenica impegnativa
8225,Night of the Living Dead,1990,Horror,6.8,49516,Adrenalina
8227,Drums Along the Mohawk,1939,Adventure|War|Western,7.0,7504,Adrenalina
8228,"Maltese Falcon, The (a.k.a. Dangerous Female)",1931,Mystery,,,Mente accesa
8232,I Love You Again,1940,Comedy|Drama,7.4,4286,Comfort movie
8235,Safety Last!,1923,Action|Comedy|Romance,8.1,25166,Da vedere in due
8236,While the City Sleeps,1956,Drama|Film-Noir,6.9,7946,Domenica impegnativa
8238,Little Murders,1971,Comedy|Crime,6.8,4192,Adrenalina
8239,Viridiana,1961,Comedy|Drama,8.0,28559,Comfort movie
8253,Lupin III: The Castle Of Cagliostro (Rupan sansei: Kariosutoro no shiro),1979,Action|Adventure|Animation|Comedy|Crime|Mystery,,,Adrenalina
8254,Arizona Dream,1993,Comedy|Drama|Fantasy|Romance,7.2,48102,Da vedere in due
8256,Queen Christina,1933,Drama|Romance,7.5,9412,Da vedere in due
8258,Citizen Toxie: The Toxic Avenger IV,2000,Action|Comedy|Horror,5.8,7007,Adrenalina
8259,Hooper,1978,Action|Comedy,6.4,9009,Comfort movie
8261,3 Women (Three Women),1977,Drama,,,Domenica impegnativa
8263,Take Me Out to the Ball Game,1949,Comedy|Musical|Romance,6.7,4427,Da vedere in due
8265,Frogs,1972,Drama|Horror|Mystery|Thriller,4.5,8798,Adrenalina
8266,Purple Rain,1984,Drama|Musical,6.5,26818,Comfort movie
8268,Point of No Return,1993,Action|Thriller,6.1,32364,Adrenalina
8270,"Hairdresser's Husband, The (Le mari de la coiffeuse)",1990,Comedy|Drama|Romance,,,Da vedere in due
8272,Cromwell,1970,Drama,7.0,8184,Domenica impegnativa
8273,"Tale of Ham and Passion, A (Jamón, Jamón)",1992,Comedy|Drama|Romance,,,Da vedere in due
8275,College,1927,Comedy,6.9,5917,Comfort movie
8291,Agatha Christie's 'Ten Little Indians' (Ten Little Indians) (And Then There Were None),1965,Mystery,,,Mente accesa
8293,Used People,1992,Comedy|Drama,6.2,2209,Comfort movie
8294,"Swan, The",1956,Comedy|Drama|Romance,,,Da vedere in due
8302,"Front Page, The",1931,Comedy|Drama|Romance,,,Da vedere in due
8327,Dolls,2002,Drama|Romance,7.5,18057,Da vedere in due
8329,Three Came Home,1950,Drama|War,7.3,2440,Adrenalina
8330,Our Man in Havana,1959,Comedy|Drama|Thriller,7.1,6915,Adrenalina
8331,"Man Who Came to Dinner, The",1942,Comedy,,,Comfort movie
8334,"Cowboys, The",1972,Western,,,Venerdi leggero
8336,"Major and the Minor, The",1942,Comedy|Romance,,,Da vedere in due
8337,"Caine Mutiny, The",1954,Drama|War,,,Adrenalina
8338,Black Narcissus,1947,Drama,7.7,31849,Domenica impegnativa
8340,Escape from Alcatraz,1979,Drama|Thriller,7.5,166859,Adrenalina
8341,Oliver Twist,1948,Adventure|Crime|Drama,7.8,15158,Adrenalina
8360,Shrek 2,2004,Adventure|Animation|Children|Comedy|Musical|Romance,7.4,563641,Da vedere in due
8361,"Day After Tomorrow, The",2004,Action|Adventure|Drama|Sci-Fi|Thriller,,,Adrenalina
8362,Raising Helen,2004,Comedy|Drama|Romance,6.0,40000,Da vedere in due
8363,Soul Plane,2004,Comedy,4.6,26572,Comfort movie
8364,Baadasssss! (How to Get the Man's Foot Outta Your Ass),2003,Drama,,,Domenica impegnativa
8366,Saved!,2004,Comedy|Drama,6.7,51565,Comfort movie
8368,Harry Potter and the Prisoner of Azkaban,2004,Adventure|Fantasy|IMAX,7.9,778696,Venerdi leggero
8369,Mindhunters,2004,Action|Crime|Horror|Mystery|Thriller,6.3,69234,Adrenalina
8370,"Blind Swordsman: Zatoichi, The (Zatôichi)",2003,Action|Comedy|Crime|Drama,,,Adrenalina
8371,"Chronicles of Riddick, The",2004,Action|Sci-Fi|Thriller,,,Adrenalina
8372,Garfield: The Movie,2004,Animation|Children|Comedy,5.1,101922,Comfort movie
8373,"Stepford Wives, The",2004,Comedy|Fantasy|Thriller,,,Adrenalina
8375,"Hunting of the President, The",2004,Documentary,,,Domenica impegnativa
8376,Napoleon Dynamite,2004,Comedy,7.0,259418,Comfort movie
8377,City of Joy,1992,Drama,6.5,6047,Domenica impegnativa
8378,"Doctor, The",1991,Drama,,,Domenica impegnativa
8379,"Dresser, The",1983,Drama,,,Domenica impegnativa
8381,For Me and My Gal,1942,Drama|Musical|Romance,7.0,4185,Da vedere in due
8382,Hello Again,1987,Comedy,5.3,4061,Comfort movie
8383,Hope Springs,2003,Comedy|Romance,5.4,8503,Da vedere in due
8384,Love Finds Andy Hardy,1938,Comedy|Romance,6.7,2256,Da vedere in due
8385,Lover Come Back,1961,Comedy|Romance,7.1,9822,Da vedere in due
8387,Police Academy: Mission to Moscow,1994,Comedy|Crime,3.5,38447,Adrenalina
8388,Ring of Bright Water,1969,Comedy|Drama,7.1,1806,Comfort movie
8391,Big Wednesday,1978,Comedy|Drama,7.1,8176,Comfort movie
8392,Fool for Love,1985,Drama,6.0,3456,Domenica impegnativa
8397,"Playboys, The",1992,Drama|Romance,,,Da vedere in due
8399,We're Not Married!,1952,Comedy|Romance,6.3,2664,Da vedere in due
8400,Wish You Were Here,1987,Comedy|Drama,6.8,3765,Comfort movie
8401,"Adventures of Sherlock Holmes, The",1939,Crime|Mystery|Thriller,,,Adrenalina
8404,"Hound of the Baskervilles, The",1939,Crime|Mystery|Thriller,,,Adrenalina
8405,Hour of the Wolf (Vargtimmen),1968,Drama|Horror,,,Adrenalina
8407,"Molly Maguires, The",1970,Drama,,,Domenica impegnativa
8410,Suddenly,1954,Crime|Drama|Film-Noir,6.8,8287,Adrenalina
8422,Kings Row,1942,Drama|Romance,7.5,5506,Da vedere in due
8424,"Divorcee, The",1930,Drama|Romance,,,Da vedere in due
8444,"Chipmunk Adventure, The",1987,Adventure|Animation|Children|Comedy|Fantasy|Musical,,,Comfort movie
8446,Sands of Iwo Jima,1949,Action|Drama|Romance|War,7.0,12529,Adrenalina
8450,Anthony Adverse,1936,Adventure|Romance,6.3,2233,Da vedere in due
8451,Blackboard Jungle,1955,Drama,7.4,10703,Domenica impegnativa
8452,Moment by Moment,1978,Drama|Romance,3.3,1396,Da vedere in due
8453,It Had to Be You,2000,Comedy|Romance,5.7,3051,Da vedere in due
8455,"Long Way Home, The",1997,Documentary,,,Domenica impegnativa
8456,Investigation of a Citizen Above Suspicion (Indagine su un cittadino al di sopra di ogni sospetto),1970,Crime|Drama|Thriller,,,Adrenalina
8458,To Each His Own,1946,Drama,7.6,3281,Domenica impegnativa
8459,"Heiress, The",1949,Drama|Romance,,,Da vedere in due
8460,State Fair,1945,Musical|Romance,7.0,4927,Da vedere in due
8461,Dragon Seed,1944,Drama,5.9,1427,Domenica impegnativa
8462,Executive Suite,1954,Drama,7.4,5319,Domenica impegnativa
8463,Johnny Belinda,1948,Drama,7.7,5867,Domenica impegnativa
8464,Super Size Me,2004,Comedy|Documentary|Drama,7.2,115566,Domenica impegnativa
8465,Johnny Eager,1942,Crime|Drama|Film-Noir|Romance,,,Adrenalina
8477,"Pier, The (Jetée, La)",1962,Romance|Sci-Fi,,,Da vedere in due
8481,Northwest Passage,1940,Action|Adventure|Drama|Romance|Thriller|Western,7.0,4353,Adrenalina
8482,"Picture of Dorian Gray, The",1945,Drama|Fantasy|Horror,,,Adrenalina
8483,"Born Losers, The",1967,Action|Drama|Thriller,,,Adrenalina
8484,"Human Condition I, The (Ningen no joken I)",1959,Drama|War,,,Adrenalina
8485,Samsara,2001,Adventure|Drama|Romance,7.7,8529,Da vedere in due
8486,Bachelor Mother,1939,Comedy|Romance,7.5,5279,Da vedere in due
8487,Please Don't Eat the Daisies,1960,Children|Comedy|Musical,6.4,5451,Comfort movie
8488,Siddhartha,1972,Drama,6.6,1380,Domenica impegnativa
8491,White Heat,1949,Crime|Drama|Film-Noir,8.1,38978,Adrenalina
8492,"Christmas Carol, A (Scrooge)",1951,Drama|Fantasy,,,Domenica impegnativa
8493,Memphis Belle,1990,Action|Drama|War,6.9,32316,Adrenalina
8494,"Cincinnati Kid, The",1965,Drama,,,Domenica impegnativa
8495,Animal Factory,2000,Crime|Drama,6.5,16283,Adrenalina
8496,"Panic in Needle Park, The",1971,Drama|Romance,,,Da vedere in due
8499,Pretty Baby,1978,Drama,6.5,14434,Domenica impegnativa
8501,"Hitcher, The",1986,Action|Thriller,,,Adrenalina
8502,Show Boat,1951,Drama|Musical|Romance,6.8,5781,Da vedere in due
8503,Ivanhoe,1952,Adventure|Drama|Romance,6.7,11455,Da vedere in due
8507,Freaks,1932,Crime|Drama|Horror,7.8,55354,Adrenalina
8512,Silent Movie,1976,Comedy,6.7,19881,Comfort movie
8518,Anna Christie,1930,Drama,6.5,3881,Domenica impegnativa
8520,Deep Cover,1992,Action|Crime|Thriller,7.0,16817,Adrenalina
8521,Dr. Jekyll and Mr. Hyde,1931,Drama|Horror,7.6,17955,Adrenalina
8522,My Little Chickadee,1940,Comedy|Western,6.8,3368,Comfort movie
8524,"High and the Mighty, The",1954,Drama,,,Domenica impegnativa
8526,Around the World in 80 Days,2004,Adventure|Children|Comedy,5.9,100233,Comfort movie
8527,I'll Sleep When I'm Dead,2003,Crime|Drama,5.8,9466,Adrenalina
8528,Dodgeball: A True Underdog Story,2004,Comedy,6.7,289225,Comfort movie
8529,"Terminal, The",2004,Comedy|Drama|Romance,,,Da vedere in due
8530,Dear Frankie,2004,Drama|Romance,7.6,23180,Da vedere in due
8531,White Chicks,2004,Action|Comedy|Crime,6.0,200238,Adrenalina
8532,"Door in the Floor, The",2004,Drama,,,Domenica impegnativa
8533,"Notebook, The",2004,Drama|Romance,,,Da vedere in due
8534,Two Brothers (Deux frères),2004,Adventure|Children|Drama,,,Comfort movie
8535,De-Lovely,2004,Drama|Musical,6.6,12415,Comfort movie
8540,Back to Bataan,1945,Drama|War,6.6,4730,Adrenalina
8542,"Day at the Races, A",1937,Comedy|Musical,,,Comfort movie
8571,Bob & Carol & Ted & Alice,1969,Comedy|Drama,6.8,8338,Comfort movie
8572,"Littlest Rebel, The",1935,Children|Drama,,,Comfort movie
8575,"Happenstance (Battement d'ailes du papillon, Le)",2001,Comedy|Drama,,,Comfort movie
8576,Kopps,2003,Action|Comedy,6.7,22959,Comfort movie
8580,Into the Woods,1991,Adventure|Comedy|Fantasy|Musical,,,Comfort movie
8581,Pirates of Silicon Valley,1999,Documentary|Drama,7.2,26324,Domenica impegnativa
8582,Manufacturing Consent: Noam Chomsky and the Media,1992,Documentary|War,8.1,5049,Adrenalina
8583,"Clock, The",1945,Adventure|Drama|Romance,,,Da vedere in due
8584,Leave Her to Heaven,1945,Drama|Film-Noir,7.6,17245,Domenica impegnativa
8586,Roxie Hart,1942,Comedy,6.9,2124,Comfort movie
8588,Killing Me Softly,2002,Drama|Mystery|Romance|Thriller,5.4,21007,Adrenalina
8589,Winter War (Talvisota),1989,Drama|War,,,Adrenalina
8591,"Philadelphia Experiment, The",1984,Adventure|Drama|Sci-Fi,,,Domenica impegnativa
8593,Juice,1992,Action|Crime|Drama|Thriller,7.0,33853,Adrenalina
8595,"Flim-Flam Man, The",1967,Action|Adventure|Comedy,,,Comfort movie
8596,Revenge of the Pink Panther,1978,Comedy|Crime,6.6,25284,Adrenalina
8600,Angels with Dirty Faces,1938,Crime|Drama,7.8,25084,Adrenalina
8604,Taxi,1998,Action|Comedy,7.0,96332,Comfort movie
8607,Tokyo Godfathers,2003,Adventure|Animation|Drama,7.8,55844,Comfort movie
8609,Our Hospitality,1923,Comedy,7.7,13683,Comfort movie
8610,All of Me,1984,Comedy|Fantasy,6.7,21546,Comfort movie
8611,"Farmer's Daughter, The",1947,Comedy,,,Comfort movie
8612,Lassie Come Home,1943,Adventure|Children|Drama,7.1,6505,Comfort movie
8613,"Time of Your Life, The",1948,Comedy|Drama,,,Comfort movie
8614,Overboard,1987,Comedy|Romance,6.9,77765,Da vedere in due
8615,"Mask of Fu Manchu, The",1932,Adventure|Horror|Sci-Fi,,,Adrenalina
8616,By the Light of the Silvery Moon,1953,Children|Musical|Romance,7.0,2756,Da vedere in due
8617,Butterfield 8,1960,Drama,6.3,8070,Domenica impegnativa
8618,Johnny Guitar,1954,Drama|Western,7.6,21838,Domenica impegnativa
8619,Sister My Sister,1994,Drama,6.5,4069,Domenica impegnativa
8620,"Exterminating Angel, The (Ángel exterminador, El)",1962,Comedy|Drama|Fantasy|Mystery,,,Mente accesa
8622,Fahrenheit 9/11,2004,Documentary,7.5,135451,Domenica impegnativa
8623,Roxanne,1987,Comedy|Romance,6.6,50355,Da vedere in due
8631,Hard Times,1975,Action|Drama,7.2,14824,Domenica impegnativa
8633,"Last Starfighter, The",1984,Action|Adventure|Comedy|Sci-Fi,,,Mente accesa
8636,Spider-Man 2,2004,Action|Adventure|Sci-Fi|IMAX,7.5,808555,Mente accesa
8638,Before Sunset,2004,Drama|Romance,8.1,319635,Da vedere in due
8639,"Clearing, The",2004,Drama|Thriller,,,Adrenalina
8640,King Arthur,2004,Action|Adventure|Drama|War,6.3,183975,Adrenalina
8641,Anchorman: The Legend of Ron Burgundy,2004,Comedy,7.1,404971,Comfort movie
8642,Sleepover,2004,Comedy,5.3,19643,Comfort movie
8643,"Cinderella Story, A",2004,Comedy|Romance,,,Da vedere in due
8644,"I, Robot",2004,Action|Adventure|Sci-Fi|Thriller,7.1,621280,Adrenalina
8645,"Maria Full of Grace (Maria, Llena eres de gracia)",2004,Crime|Drama,,,Adrenalina
8647,Follow That Dream,1962,Comedy|Musical,6.6,3307,Comfort movie
8648,"Girl of Your Dreams, The (Niña de tus ojos, La)",1998,Comedy|Drama,,,Comfort movie
8649,Gray Lady Down,1978,Drama|Thriller,6.2,3981,Adrenalina
8650,Long Day's Journey Into Night,1962,Drama,7.5,6564,Domenica impegnativa
8651,Man of La Mancha,1972,Adventure|Comedy|Musical,6.6,5295,Comfort movie
8654,Prince Valiant,1954,Adventure,6.2,3339,Venerdi leggero
8656,"Short Film About Killing, A (Krótki film o zabijaniu)",1988,Crime|Drama,,,Adrenalina
8657,"Tin Star, The",1957,Western,,,Venerdi leggero
8661,How the West Was Won,1962,Adventure|Drama|Western,7.1,25856,Domenica impegnativa
8662,Joan of Arc,1948,Action|Drama|War,6.4,4292,Adrenalina
8665,"Bourne Supremacy, The",2004,Action|Crime|Thriller,,,Adrenalina
8666,Catwoman,2004,Action|Crime|Fantasy,3.5,133593,Adrenalina
8676,Fist of the North Star,1995,Action|Thriller,3.9,3816,Adrenalina
8684,"Man Escaped, A (Un  condamné à mort s'est échappé ou Le vent souffle où il veut)",1956,Adventure|Drama,,,Domenica impegnativa
8690,Slaughterhouse-Five,1972,Comedy|Drama|Sci-Fi|War,6.8,15019,Adrenalina
8692,Wake Island,1942,Drama|War,6.6,2517,Adrenalina
8694,You Were Never Lovelier,1942,Comedy|Musical|Romance,7.2,4572,Da vedere in due
8695,"Bachelor and the Bobby-Soxer, The",1947,Comedy,,,Comfort movie
8700,Destination Tokyo,1943,Adventure|War,7.1,6325,Adrenalina
8701,Dr. Jekyll and Ms. Hyde,1995,Comedy|Horror,4.6,3186,Adrenalina
8702,Dream Lover,1993,Drama|Mystery|Thriller,,,Adrenalina
8705,Funny About Love,1990,Comedy|Romance,4.9,1671,Da vedere in due
8710,Map of the Human Heart,1993,Drama|Romance,,,Da vedere in due
8711,Mr. Blandings Builds His Dream House,1948,Comedy,7.2,13829,Comfort movie
8712,My Favorite Wife,1940,Comedy|Romance,7.2,12800,Da vedere in due
8714,Night and Day,1946,Drama|Musical,6.1,3541,Comfort movie
8716,"Plainsman, The",1937,War|Western,,,Adrenalina
8718,"Snake Pit, The",1948,Drama,,,Domenica impegnativa
8720,"Super, The",1991,Comedy,,,Comfort movie
8722,Two of a Kind,1983,Comedy|Fantasy|Romance,4.8,4881,Da vedere in due
8725,"Goodbye, Columbus",1969,Comedy|Drama|Romance,6.4,2595,Da vedere in due
8726,"President's Analyst, The",1967,Comedy|Thriller,,,Adrenalina
8727,"Day of the Locust, The",1975,Drama,,,Domenica impegnativa
8730,To End All Wars,2001,Action|Drama|War,6.9,12379,Adrenalina
8734,Love Happy,1949,Comedy,5.8,3370,Comfort movie
8741,Ruby Cairo,1993,Thriller,,,Adrenalina
8744,Fancy Pants,1950,Comedy|Western,6.4,1665,Comfort movie
8745,"World of Suzie Wong, The",1960,Drama|Romance,,,Da vedere in due
8746,King of the Ants,2003,Crime|Horror,4.5,38,Adrenalina
8753,Unprecedented: The 2000 Presidential Election,2002,Documentary,7.8,682,Domenica impegnativa
8754,"Prime of Miss Jean Brodie, The",1969,Drama,,,Domenica impegnativa
8757,Lovers and Other Strangers,1970,Comedy,6.6,1566,Comfort movie
8761,"Three Lives of Thomasina, The",1964,Children|Drama,,,Comfort movie
8765,This Gun for Hire,1942,Crime|Film-Noir|Thriller,7.3,11784,Adrenalina
8767,"Big Clock, The",1948,Crime|Film-Noir|Thriller,,,Adrenalina
8771,Sherlock Holmes: Terror by Night,1946,Crime|Mystery|Thriller,,,Adrenalina
8772,"Spy Who Came in from the Cold, The",1965,Drama|Thriller,,,Adrenalina
8773,Sherlock Holmes and the Secret Weapon,1942,Crime|Mystery|Thriller,6.5,7436,Adrenalina
8774,Sherlock Holmes: The Woman in Green,1945,Mystery,,,Mente accesa
8778,Sherlock Holmes: Dressed to Kill,1946,Crime|Mystery,,,Adrenalina
8779,Bon Voyage,2003,Comedy|Drama,6.7,5369,Comfort movie
8780,"Assassination Bureau, The",1969,Action|Adventure|Comedy|Crime|Sci-Fi,,,Adrenalina
8781,"Manchurian Candidate, The",2004,Thriller,,,Adrenalina
8782,Thunderbirds,2004,Action|Adventure|Fantasy|Sci-Fi,4.4,15208,Mente accesa
8783,"Village, The",2004,Drama|Mystery|Thriller,,,Adrenalina
8784,Garden State,2004,Comedy|Drama|Romance,7.4,228576,Da vedere in due
8785,Early Summer (Bakushû),1951,Drama,,,Domenica impegnativa
8792,Octane,2003,Horror|Thriller,4.3,3354,Adrenalina
8796,"Funny Thing Happened on the Way to the Forum, A",1966,Comedy|Musical,,,Comfort movie
8798,Collateral,2004,Action|Crime|Drama|Thriller,7.5,473996,Adrenalina
8799,Little Black Book,2004,Comedy|Romance,5.4,20036,Da vedere in due
8800,Code 46,2003,Romance|Sci-Fi,6.1,21878,Da vedere in due
8807,Harold and Kumar Go to White Castle,2004,Adventure|Comedy,,,Comfort movie
8808,"Princess Diaries 2: Royal Engagement, The",2004,Comedy|Romance,,,Da vedere in due
8809,Danny Deckchair,2003,Comedy|Romance,6.8,5459,Da vedere in due
8810,AVP: Alien vs. Predator,2004,Action|Horror|Sci-Fi|Thriller,5.7,235124,Adrenalina
8813,We Don't Live Here Anymore,2004,Drama,6.2,10649,Domenica impegnativa
8814,Without a Paddle,2004,Comedy,5.9,54846,Comfort movie
8815,Exorcist: The Beginning,2004,Horror|Thriller,5.1,41709,Adrenalina
8816,Speedway,1968,Action,5.6,3016,Venerdi leggero
8817,"Trouble with Girls, The",1969,Comedy|Drama,,,Comfort movie
8818,It Happened at the World's Fair,1963,Comedy|Drama|Musical,6.1,3481,Comfort movie
8819,Double Trouble,1967,Musical,5.1,2057,Comfort movie
8820,Spinout,1966,Comedy|Musical,5.8,2597,Comfort movie
8821,Harum Scarum,1965,Comedy|Musical,4.6,2172,Comfort movie
8823,"Sting II, The",1983,Comedy|Crime,,,Adrenalina
8824,If a Man Answers,1962,Comedy,6.8,1371,Comfort movie
8825,Cheerleader Camp,1987,Comedy|Horror|Mystery,,,Adrenalina
8827,"Bill Cosby, Himself",1983,Comedy|Documentary,8.1,3837,Domenica impegnativa
8829,Benji: Off the Leash!,2004,Children|Drama,5.2,721,Comfort movie
8830,Anacondas: The Hunt for the Blood Orchid,2004,Adventure|Drama|Horror|Sci-Fi|Thriller,4.8,38118,Adrenalina
8831,Suspect Zero,2004,Crime|Thriller,5.7,25189,Adrenalina
8833,Vanity Fair,2004,Drama|Romance,6.2,24347,Da vedere in due
8834,"Cookout, The",2004,Comedy,,,Comfort movie
8835,Paparazzi,2004,Drama|Thriller,5.7,16162,Adrenalina
8836,Wicker Park,2004,Drama|Romance|Thriller,6.9,60302,Adrenalina
8838,Alice Doesn't Live Here Anymore,1974,Drama|Romance,7.3,30654,Da vedere in due
8839,"Mangler, The",1995,Horror,,,Adrenalina
8840,Who's That Knocking at My Door?,1967,Drama,6.5,11162,Domenica impegnativa
8850,Flipper,1963,Adventure|Children|Drama,6.1,2209,Comfort movie
8852,Lord Jim,1965,Adventure|Drama,6.7,4608,Domenica impegnativa
8860,Cellular,2004,Action|Crime|Drama|Mystery|Thriller,6.5,110035,Adrenalina
8861,Resident Evil: Apocalypse,2004,Action|Horror|Sci-Fi|Thriller,6.1,223764,Adrenalina
8864,Mr. 3000,2004,Comedy|Drama,5.6,16063,Comfort movie
8865,Sky Captain and the World of Tomorrow,2004,Action|Adventure|Sci-Fi,6.1,90706,Mente accesa
8866,Wimbledon,2004,Comedy|Romance,6.4,68502,Da vedere in due
8867,Anatomy of Hell (Anatomie de l'enfer),2004,Drama,,,Domenica impegnativa
8869,First Daughter,2004,Comedy|Romance,5.2,31948,Da vedere in due
8870,"Forgotten, The",2004,Drama|Mystery|Sci-Fi|Thriller,,,Adrenalina
8871,"Last Shot, The",2004,Comedy,,,Comfort movie
8872,"Dirty Shame, A",2004,Comedy,,,Comfort movie
8873,"Motorcycle Diaries, The (Diarios de motocicleta)",2004,Adventure|Drama,,,Domenica impegnativa
8874,Shaun of the Dead,2004,Comedy|Horror,7.8,644741,Adrenalina
8875,"Come Back, Little Sheba",1952,Drama,7.5,5921,Domenica impegnativa
8877,Second Chorus,1940,Comedy|Musical|Romance,5.7,1906,Da vedere in due
8879,Murder on the Orient Express,1974,Crime|Mystery|Thriller,7.2,75463,Adrenalina
8880,Mask,1985,Drama,7.2,35533,Domenica impegnativa
8881,Alexander's Ragtime Band,1938,Drama|Musical,6.8,2516,Comfort movie
8882,"Boston Strangler, The",1968,Crime|Drama|Mystery|Thriller,,,Adrenalina
8884,"Man with One Red Shoe, The",1985,Comedy|Thriller,,,Adrenalina
8885,"Sentinel, The",1977,Drama|Horror|Mystery|Thriller,,,Adrenalina
8886,SSSSSSS,1973,Horror|Sci-Fi,5.4,4623,Adrenalina
8889,"Legacy, The",1978,Horror,,,Adrenalina
8891,Hear No Evil,1993,Thriller,5.0,1465,Adrenalina
8892,Basket Case 3: The Progeny,1992,Comedy|Horror,,,Adrenalina
8893,Basket Case 2,1990,Comedy|Horror,5.4,6516,Adrenalina
8894,Orca: The Killer Whale,1977,Action|Drama|Horror|Thriller,,,Adrenalina
8903,"Terror, The",1963,Horror|Mystery,,,Adrenalina
8905,1492: Conquest of Paradise,1992,Adventure|Drama,6.4,35562,Domenica impegnativa
8906,Cannibal Holocaust,1980,Horror,5.7,67912,Adrenalina
8907,Shark Tale,2004,Animation|Children|Comedy,6.0,216201,Comfort movie
8908,Ladder 49,2004,Action|Drama|Thriller,6.5,60493,Adrenalina
8910,I Heart Huckabees,2004,Comedy,6.5,67816,Comfort movie
8911,Raise Your Voice,2004,Romance,5.8,30095,Da vedere in due
8912,Taxi,2004,Action|Comedy,4.6,48593,Comfort movie
8914,Primer,2004,Drama|Sci-Fi,6.7,123085,Domenica impegnativa
8915,Stage Beauty,2004,Drama,7.1,11198,Domenica impegnativa
8916,Shall We Dance?,2004,Comedy|Romance,6.2,53112,Da vedere in due
8917,Team America: World Police,2004,Action|Adventure|Animation|Comedy,7.2,186162,Comfort movie
8918,Eulogy,2004,Comedy|Crime|Drama,6.4,9710,Adrenalina
8920,"Country Girl, The",1954,Drama,,,Domenica impegnativa
8921,"Rose Tattoo, The",1955,Drama|Romance,,,Da vedere in due
8923,Tess,1979,Drama|Romance,7.3,20141,Da vedere in due
8928,"Fearless Vampire Killers, The",1967,Comedy|Horror,,,Adrenalina
8929,Black Beauty,1971,Children|Drama,5.4,1270,Comfort movie
8930,"Five Obstructions, The (Fem benspænd, De)",2003,Documentary,,,Domenica impegnativa
8931,Born Rich,2003,Documentary,6.5,2093,Domenica impegnativa
8934,Bebe's Kids,1992,Animation|Children|Comedy,5.9,5918,Comfort movie
8935,All I Want for Christmas,1991,Children|Comedy,5.9,6167,Comfort movie
8937,Friday Night Lights,2004,Action|Drama,7.2,71433,Domenica impegnativa
8938,Tarnation,2003,Documentary,7.1,6917,Domenica impegnativa
8939,"Final Cut, The",2004,Sci-Fi|Thriller,,,Adrenalina
8941,Riding the Bullet,2004,Horror|Thriller,5.2,11635,Adrenalina
8943,Being Julia,2004,Comedy|Drama,7.0,13446,Comfort movie
8946,Surviving Christmas,2004,Comedy,5.5,30814,Comfort movie
8947,"Grudge, The",2004,Horror|Mystery|Thriller,,,Adrenalina
8948,Alfie,2004,Comedy|Drama|Romance,6.2,56851,Da vedere in due
8949,Sideways,2004,Comedy|Drama|Romance,7.5,218664,Da vedere in due
8950,"Machinist, The (Maquinista, El)",2004,Mystery|Thriller,,,Adrenalina
8951,Vera Drake,2004,Drama,7.6,28998,Domenica impegnativa
8955,Undertow,2004,Crime|Drama|Thriller,6.5,9718,Adrenalina
8956,Enduring Love,2004,Drama,6.3,11444,Domenica impegnativa
8957,Saw,2004,Horror|Mystery|Thriller,7.6,516898,Adrenalina
8958,Ray,2004,Drama,7.7,167248,Domenica impegnativa
8959,Birth,2004,Drama|Mystery,6.3,45344,Domenica impegnativa
8961,"Incredibles, The",2004,Action|Adventure|Animation|Children|Comedy,,,Comfort movie
8962,Fade to Black,2004,Documentary,7.0,1118,Domenica impegnativa
8963,It's All About Love,2003,Drama|Romance|Sci-Fi|Thriller,5.3,8796,Adrenalina
8965,"Polar Express, The",2004,Adventure|Animation|Children|Fantasy|IMAX,,,Comfort movie
8966,Kinsey,2004,Drama,7.0,52826,Domenica impegnativa
8967,Seed of Chucky (Child's Play 5),2004,Comedy|Horror,,,Adrenalina
8968,After the Sunset,2004,Action|Adventure|Comedy|Crime|Thriller,6.2,53940,Adrenalina
8969,Bridget Jones: The Edge of Reason,2004,Comedy|Drama|Romance,6.0,134043,Da vedere in due
8970,Finding Neverland,2004,Drama,7.6,218168,Domenica impegnativa
8972,National Treasure,2004,Action|Adventure|Drama|Mystery|Thriller,6.9,381545,Adrenalina
8973,Bad Education (La mala educación),2004,Drama|Thriller,,,Adrenalina
8974,"SpongeBob SquarePants Movie, The",2004,Adventure|Animation|Children|Comedy,,,Comfort movie
8977,Alexander,2004,Action|Adventure|Drama|War,5.6,184896,Adrenalina
8978,Christmas with the Kranks,2004,Children|Comedy,5.6,65867,Comfort movie
8979,Guerrilla: The Taking of Patty Hearst,2004,Documentary,7.1,675,Domenica impegnativa
8981,Closer,2004,Drama|Romance,7.1,252597,Da vedere in due
8982,I Am David,2003,Drama,7.1,8685,Domenica impegnativa
8983,House of Flying Daggers (Shi mian mai fu),2004,Action|Drama|Romance,,,Da vedere in due
8984,Ocean's Twelve,2004,Action|Comedy|Crime|Thriller,6.5,441800,Adrenalina
8985,Blade: Trinity,2004,Action|Fantasy|Horror|Thriller,5.8,203483,Adrenalina
8986,"Bellboy, The",1960,Comedy,,,Comfort movie
8987,Bush's Brain,2004,Documentary,6.7,943,Domenica impegnativa
8988,Cinderfella,1960,Comedy,5.9,4108,Comfort movie
8989,Damn Yankees!,1958,Comedy|Musical,7.0,3872,Comfort movie
8990,"Delicate Delinquent, The",1957,Comedy,,,Comfort movie
8991,"Disorderly Orderly, The",1964,Comedy|Romance,,,Da vedere in due
8992,"Errand Boy, The",1961,Comedy,,,Comfort movie
8993,"Family Jewels, The",1965,Comedy,,,Comfort movie
8994,"Ladies Man, The",1961,Comedy,,,Comfort movie
8995,"Patsy, The",1964,Comedy,,,Comfort movie
8996,Stateside,2004,Drama,5.8,2164,Domenica impegnativa
8997,"Stooge, The",1953,Comedy,,,Comfort movie
8998,That's Entertainment,1974,Documentary,7.8,5732,Domenica impegnativa
8999,"That's Entertainment, Part II",1976,Documentary,7.3,2587,Domenica impegnativa
9000,That's Entertainment! III,1994,Documentary,7.5,1892,Domenica impegnativa
9001,"Wackiest Ship in the Army, The",1960,Comedy|War,,,Adrenalina
9004,D.A.R.Y.L.,1985,Adventure|Children|Sci-Fi,6.3,15595,Mente accesa
9005,Fire in the Sky,1993,Drama|Mystery|Sci-Fi,6.5,32291,Domenica impegnativa
9007,I'll Be Seeing You,1944,Drama,7.1,2867,Domenica impegnativa
9008,"Invisible Man Returns, The",1940,Horror|Sci-Fi,,,Adrenalina
9010,Love Me If You Dare (Jeux d'enfants),2003,Drama|Romance,,,Da vedere in due
9011,Portrait of Jennie,1948,Drama|Fantasy|Mystery|Romance,7.6,8517,Da vedere in due
9013,Secret Honor,1984,Drama,7.2,3774,Domenica impegnativa
9014,Since You Went Away,1944,Drama|War,7.5,5568,Adrenalina
9015,"Slipping-Down Life, A",1999,Drama|Romance,,,Da vedere in due
9017,Twist,2003,Drama,6.2,1453,Domenica impegnativa
9018,Control Room,2004,Documentary|War,7.6,5379,Adrenalina
9019,Celsius 41.11: The Temperature at Which the Brain... Begins to Die,2004,Documentary,4.1,1422,Domenica impegnativa
25750,Sherlock Jr.,1924,Comedy|Fantasy|Romance,8.1,67025,Da vedere in due
25752,"Freshman, The",1925,Comedy,,,Comfort movie
25753,Greed,1924,Drama,8.0,11700,Domenica impegnativa
25755,"Phantom of the Opera, The",1925,Drama|Horror,,,Adrenalina
25757,"Jazz Singer, The",1927,Drama|Musical|Romance,,,Da vedere in due
25763,"Pandora's Box (Büchse der Pandora, Die)",1929,Drama,,,Domenica impegnativa
25766,"Crowd, The",1928,Drama,,,Domenica impegnativa
25769,"Steamboat Bill, Jr.",1928,Comedy|Romance,7.8,17771,Da vedere in due
25771,"Andalusian Dog, An (Chien andalou, Un)",1929,Fantasy,,,Venerdi leggero
25773,Little Caesar,1931,Crime|Drama,7.1,16197,Adrenalina
25777,Monkey Business,1931,Comedy,7.4,13850,Comfort movie
25788,Scarface,1932,Crime|Drama,7.7,33805,Adrenalina
25795,Dinner at Eight,1933,Comedy|Drama|Romance,7.5,9817,Da vedere in due
25797,Gold Diggers of 1933,1933,Musical,7.7,10171,Comfort movie
25802,"Son of Kong, The",1933,Adventure|Comedy|Fantasy,,,Comfort movie
25805,"Atalante, L'",1934,Comedy|Drama|Romance,,,Da vedere in due
25807,"Black Cat, The",1934,Adventure|Crime|Horror|Thriller,,,Adrenalina
25819,Mark of the Vampire,1935,Horror|Mystery,6.3,6175,Adrenalina
25820,"Raven, The",1935,Horror,,,Adrenalina
25825,Fury,1936,Drama|Film-Noir,7.8,14917,Domenica impegnativa
25826,Libeled Lady,1936,Comedy|Romance,7.8,9751,Da vedere in due
25827,Mr. Deeds Goes to Town,1936,Comedy|Romance,7.8,25223,Da vedere in due
25828,"Petrified Forest, The",1936,Crime|Drama|Romance,,,Adrenalina
25830,Show Boat,1936,Comedy|Drama|Musical|Romance,7.4,4116,Da vedere in due
25833,Camille,1936,Drama|Romance,7.3,9604,Da vedere in due
25834,Captains Courageous,1937,Adventure|Drama,7.9,12102,Domenica impegnativa
25835,Dead End,1937,Crime|Drama,7.2,9728,Adrenalina
25839,Nothing Sacred,1937,Comedy|Drama|Romance,6.8,7865,Da vedere in due
25840,"Prisoner of Zenda, The",1937,Action|Adventure|Romance,,,Da vedere in due
25841,Stage Door,1937,Drama,7.7,9977,Domenica impegnativa
25842,Topper,1937,Comedy|Fantasy|Romance,7.2,9203,Da vedere in due
25850,Holiday,1938,Comedy|Drama|Romance,7.7,20374,Da vedere in due
25852,Gaslight,1940,Mystery|Thriller,7.3,5997,Adrenalina
25855,"Roaring Twenties, The",1939,Crime|Drama|Thriller,,,Adrenalina
25856,Wuthering Heights,1939,Drama|Romance,7.5,23036,Da vedere in due
25865,"Letter, The",1940,Drama|Film-Noir,,,Domenica impegnativa
25866,"Sea Hawk, The",1940,Action|Adventure|Romance,,,Da vedere in due
25868,Ball of Fire,1941,Comedy|Romance,7.7,16219,Da vedere in due
25870,Here Comes Mr. Jordan,1941,Comedy|Fantasy|Romance,7.5,8151,Da vedere in due
25886,Random Harvest,1942,Drama|Romance,7.9,9452,Da vedere in due
25891,Heaven Can Wait,1943,Comedy|Fantasy|Romance,7.3,13589,Da vedere in due
25893,"Memphis Belle: A Story of a Flying Fortress, The",1944,Documentary|War,,,Adrenalina
25898,Day of Wrath (Vredens dag),1943,Drama,,,Domenica impegnativa
25899,Cover Girl,1944,Comedy|Musical,6.7,6525,Comfort movie
25901,"Henry V (Chronicle History of King Henry the Fift with His Battell Fought at Agincourt in France, The)",1944,Drama|War,,,Adrenalina
25904,Ministry of Fear,1944,Drama|Film-Noir|Thriller,7.1,9787,Adrenalina
25905,"Miracle of Morgan's Creek, The",1944,Comedy|Romance,,,Da vedere in due
25906,Mr. Skeffington,1944,Drama|Romance,7.5,7383,Da vedere in due
25916,They Were Expendable,1945,Drama|War,7.2,10378,Adrenalina
25918,"Tree Grows in Brooklyn, A",1945,Drama,,,Domenica impegnativa
25920,"Blue Dahlia, The",1946,Crime|Drama|Film-Noir|Mystery|Thriller,,,Adrenalina
25923,Great Expectations,1946,Drama,7.8,28625,Domenica impegnativa
25924,Humoresque,1946,Drama|Romance,7.3,5491,Da vedere in due
25927,"Stranger, The",1946,Drama|Film-Noir|Thriller,,,Adrenalina
25929,Nightmare Alley,1947,Drama|Film-Noir,7.7,14806,Domenica impegnativa
25930,Odd Man Out,1947,Crime|Drama|Film-Noir|Thriller,7.6,13281,Adrenalina
25931,Road to Rio,1947,Adventure|Comedy|Musical|Romance,6.9,3742,Da vedere in due
25937,Easter Parade,1948,Musical|Romance,7.3,12189,Da vedere in due
25938,Fort Apache,1948,Western,7.4,21637,Venerdi leggero
25940,"Lady from Shanghai, The",1947,Drama|Film-Noir|Mystery,,,Domenica impegnativa
25941,Letter from an Unknown Woman,1948,Drama|Romance,7.8,15058,Da vedere in due
25943,"Naked City, The",1948,Crime|Drama|Film-Noir|Mystery,,,Adrenalina
25945,They Live by Night,1949,Crime|Film-Noir|Romance,,,Adrenalina
25946,"Three Musketeers, The",1948,Action|Adventure|Drama|Romance,,,Da vedere in due
25947,Unfaithfully Yours,1948,Comedy,7.4,6344,Comfort movie
25951,In the Good Old Summertime,1949,Musical,7.1,4826,Comfort movie
25952,"Letter to Three Wives, A",1949,Comedy|Drama,,,Comfort movie
25954,Orpheus (Orphée),1950,Drama|Fantasy|Romance,,,Da vedere in due
25959,Annie Get Your Gun,1950,Comedy|Musical|Romance|Western,6.8,5777,Da vedere in due
25961,"Gunfighter, The",1950,Action|Western,,,Venerdi leggero
25962,King Solomon's Mines,1950,Action|Adventure|Romance,6.7,7949,Da vedere in due
25971,Carrie,1952,Drama|Romance,7.3,3151,Da vedere in due
25993,Magnificent Obsession,1954,Drama|Romance,7.0,8763,Da vedere in due
25996,"Star Is Born, A",1954,Drama|Musical,,,Comfort movie
25999,"Wild One, The",1953,Drama,,,Domenica impegnativa
26002,Confidential Report,1955,Crime|Drama|Mystery|Thriller,7.1,10212,Adrenalina
26003,Night and Fog (Nuit et brouillard),1955,Crime|Documentary|War,,,Adrenalina
26025,"Spirit of St. Louis, The",1957,Adventure|Drama,,,Domenica impegnativa
26034,"Last Hurrah, The",1958,Drama,,,Domenica impegnativa
26038,Teacher's Pet,1958,Comedy|Romance,7.1,5596,Da vedere in due
26051,"Nun's Story, The",1959,Drama,,,Domenica impegnativa
26052,Pickpocket,1959,Crime|Drama,7.5,27836,Adrenalina
26064,"Bad Sleep Well, The (Warui yatsu hodo yoku nemuru)",1960,Drama|Thriller,,,Adrenalina
26078,Advise and Consent,1962,Drama,,,Domenica impegnativa
26082,Harakiri (Seppuku),1962,Drama,,,Domenica impegnativa
26084,"Music Man, The",1962,Children|Comedy|Musical|Romance,,,Da vedere in due
26085,Mutiny on the Bounty,1962,Adventure|Drama|Romance,7.2,19699,Da vedere in due
26101,McLintock!,1963,Comedy|Western,7.1,18556,Comfort movie
26106,"New Kind of Love, A",1963,Comedy,,,Comfort movie
26111,Becket,1964,Drama,7.7,17250,Domenica impegnativa
26113,"Best Man, The",1964,Comedy|Drama,,,Comfort movie
26116,"Hush... Hush, Sweet Charlotte",1964,Horror|Thriller,7.5,17661,Adrenalina
26122,Onibaba,1964,Drama|Horror|War,7.8,26178,Adrenalina
26123,Robin and the 7 Hoods,1964,Comedy|Crime|Musical,6.4,6173,Adrenalina
26128,What a Way to Go!,1964,Comedy|Musical|Romance,6.9,6936,Da vedere in due
26131,"Battle of Algiers, The (La battaglia di Algeri)",1966,Drama|War,,,Adrenalina
26133,"Charlie Brown Christmas, A",1965,Animation|Children|Comedy,,,Comfort movie
26139,In Harm's Way,1965,Drama|War,7.3,11599,Adrenalina
26144,Operation Crossbow,1965,Action|Adventure|War,6.6,6310,Adrenalina
26147,"Thousand Clowns, A",1965,Comedy|Drama|Romance,,,Da vedere in due
26148,"Train, The",1964,Action|Thriller|War,,,Adrenalina
26150,Andrei Rublev (Andrey Rublyov),1969,Drama|War,,,Adrenalina
26151,Au Hasard Balthazar,1966,Crime|Drama,7.7,25176,Adrenalina
26152,Batman,1966,Action|Adventure|Comedy,,,Comfort movie
26163,Don't Look Back,1967,Documentary|Musical,7.9,11088,Domenica impegnativa
26172,Point Blank,1967,Action|Crime|Drama|Thriller,7.2,27034,Adrenalina
26176,Titicut Follies,1967,Documentary|Drama,7.7,5854,Domenica impegnativa
26178,Two for the Road,1967,Comedy|Drama|Romance,7.3,15848,Da vedere in due
26188,"Heart Is a Lonely Hunter, The",1968,Drama,,,Domenica impegnativa
26189,"I Love You, Alice B. Toklas!",1968,Comedy,6.2,3688,Comfort movie
26198,"Yours, Mine and Ours",1968,Children|Comedy,7.1,11191,Comfort movie
26199,Alice's Restaurant,1969,Comedy|Drama,6.3,4986,Comfort movie
26203,Colossus: The Forbin Project,1970,Sci-Fi|Thriller,7.1,11870,Adrenalina
26208,My Night At Maud's (Ma Nuit Chez Maud),1969,Comedy|Drama|Romance,,,Da vedere in due
26219,Brewster McCloud,1970,Comedy,6.8,6615,Comfort movie
26230,On a Clear Day You Can See Forever,1970,Comedy|Musical|Romance,6.4,4707,Da vedere in due
26240,"Beguiled, The",1971,Drama|Thriller|War,,,Adrenalina
26241,"Devils, The",1971,Drama,,,Domenica impegnativa
26242,Duel,1971,Action|Mystery|Thriller,7.6,86938,Adrenalina
26246,Johnny Got His Gun,1971,Drama|War,7.8,20083,Adrenalina
26249,They Call Me Trinity,1971,Comedy|Western,,,Comfort movie
26252,"New Leaf, A",1971,Comedy|Romance,,,Da vedere in due
26258,"Topo, El",1970,Fantasy|Western,,,Venerdi leggero
26271,Lady Sings the Blues,1972,Drama|Musical,7.0,5277,Comfort movie
26283,Charley Varrick,1973,Crime|Drama|Thriller,7.5,16117,Adrenalina
26285,Dark Star,1974,Comedy|Sci-Fi|Thriller,6.1,30739,Adrenalina
26289,Emperor of the North (Emperor of the North Pole),1973,Action|Drama|Thriller,,,Adrenalina
26302,Scarecrow,1973,Drama,7.2,22309,Domenica impegnativa
26313,California Split,1974,Comedy|Drama,7.1,9449,Comfort movie
26318,"Phantom of Liberty, The (Fantôme de la liberté, Le)",1974,Comedy|Drama,,,Comfort movie
26322,Gone in 60 Seconds,1974,Action|Crime|Drama,6.3,10964,Adrenalina
26324,Harry and Tonto,1974,Comedy|Drama,7.3,6848,Comfort movie
26325,Hearts and Minds,1974,Documentary|War,8.2,6675,Adrenalina
26326,"Holy Mountain, The (Montaña sagrada, La)",1973,Drama,,,Domenica impegnativa
26336,"Adventure of Sherlock Holmes' Smarter Brother, The",1975,Comedy|Crime|Mystery,,,Adrenalina
26342,"Farewell, My Lovely",1975,Crime|Mystery|Thriller,7.0,11131,Adrenalina
26350,"Passenger, The (Professione: reporter)",1975,Drama,,,Domenica impegnativa
26356,Supervixens,1975,Comedy|Thriller,5.8,6016,Adrenalina
26359,1900 (Novecento),1976,Drama|War,,,Adrenalina
26375,Silver Streak,1976,Action|Comedy|Crime,6.9,23716,Adrenalina
26386,High Anxiety,1977,Comedy|Thriller,6.6,26154,Adrenalina
26388,"Hound of the Baskervilles, The",1978,Comedy|Crime|Mystery,,,Adrenalina
26391,"New York, New York",1977,Drama|Musical|Romance,6.6,24086,Da vedere in due
26393,Sorcerer,1977,Action|Thriller,7.7,37800,Adrenalina
26394,"Turning Point, The",1977,Drama|Romance,,,Da vedere in due
26398,Capricorn One,1978,Drama|Sci-Fi|Thriller,6.8,27614,Adrenalina
26403,"Hobbit, The",1977,Animation|Children|Fantasy,,,Comfort movie
26413,Snake in the Eagle's Shadow (Se ying diu sau),1978,Action|Comedy,,,Comfort movie
26414,"Wedding, A",1978,Comedy|Drama,,,Comfort movie
26422,Hair,1979,Comedy|Drama|Musical,7.5,44714,Comfort movie
26425,"In-Laws, The",1979,Action|Comedy,,,Comfort movie
26431,Opening Night,1977,Drama,7.8,14306,Domenica impegnativa
26444,"Hitch Hikers Guide to the Galaxy, The",1981,Adventure|Comedy|Sci-Fi,,,Mente accesa
26462,Bad Boys,1983,Crime|Drama|Thriller,7.2,19043,Adrenalina
26464,Blue Thunder,1983,Action|Crime|Drama,6.4,24781,Adrenalina
26471,Eddie Murphy Delirious,1983,Comedy|Documentary,,,Domenica impegnativa
26476,Merry Christmas Mr. Lawrence,1983,Drama|War,7.2,22742,Adrenalina
26479,"Pirates of Penzance, The",1983,Adventure|Comedy|Musical|Romance,,,Da vedere in due
26485,Rumble Fish,1983,Drama,7.1,41677,Domenica impegnativa
26487,Star 80,1983,Drama,6.8,8930,Domenica impegnativa
26488,"Star Chamber, The",1983,Action|Crime|Drama|Thriller,,,Adrenalina
26491,To Be or Not to Be,1983,Comedy|Romance|War,6.9,13033,Adrenalina
26492,Twilight Zone: The Movie,1983,Fantasy|Horror|Sci-Fi|Thriller,6.4,43803,Adrenalina
26502,"Christmas Carol, A",1984,Drama|Fantasy,,,Domenica impegnativa
26507,Dangerous Moves (La diagonale du fou),1984,Drama|Thriller,,,Adrenalina
26509,Electric Dreams,1984,Comedy|Drama|Romance|Sci-Fi,6.4,10059,Da vedere in due
26521,Racing with the Moon,1984,Comedy|Drama|Romance,6.6,5698,Da vedere in due
26524,"Times of Harvey Milk, The",1984,Documentary,,,Domenica impegnativa
26528,Anne of Green Gables,1985,Children|Drama,,,Comfort movie
26547,Police Story (Ging chaat goo si),1985,Action|Comedy|Crime|Thriller,,,Adrenalina
26554,"Quiet Earth, The",1985,Drama|Mystery|Sci-Fi,,,Domenica impegnativa
26555,Spies Like Us,1985,Comedy,6.4,55304,Comfort movie
26560,"Unknown Soldier, The (Tuntematon sotilas)",1985,Drama|War,,,Adrenalina
26561,Vision Quest,1985,Drama|Romance,6.7,11907,Da vedere in due
26562,White Nights,1985,Drama,6.7,9187,Domenica impegnativa
26564,'Round Midnight,1986,Drama|Musical,7.4,6513,Comfort movie
26566,"Best of Times, The",1986,Comedy|Drama,,,Comfort movie
26567,Club Paradise,1986,Comedy,5.2,7625,Comfort movie
26578,"Sacrifice, The (Offret - Sacraficatio)",1986,Drama,,,Domenica impegnativa
26585,"Better Tomorrow, A (Ying hung boon sik)",1986,Crime|Drama|Thriller,,,Adrenalina
26587,"Decalogue, The (Dekalog)",1989,Crime|Drama|Romance,,,Adrenalina
26603,Prince of Darkness,1987,Fantasy|Horror|Sci-Fi|Thriller,6.6,56313,Adrenalina
26606,"Chinese Ghost Story, A (Sinnui yauwan)",1987,Action|Fantasy|Horror|Romance,,,Adrenalina
26612,"Better Tomorrow II, A (Ying hung boon sik II)",1987,Crime|Drama|Thriller,,,Adrenalina
26614,"Bourne Identity, The",1988,Action|Adventure|Drama|Mystery|Thriller,,,Adrenalina
26622,Dominick and Eugene,1988,Drama,7.0,3447,Domenica impegnativa
26629,Killer Klowns from Outer Space,1988,Comedy|Horror|Sci-Fi,6.2,53469,Adrenalina
26649,Lonesome Dove,1989,Adventure|Drama|Western,,,Domenica impegnativa
26662,Kiki's Delivery Service (Majo no takkyûbin),1989,Adventure|Animation|Children|Drama|Fantasy,,,Comfort movie
26674,Prime Suspect,1991,Crime|Drama|Mystery|Thriller,,,Adrenalina
26680,Cry-Baby,1990,Comedy|Musical|Romance,6.5,69355,Da vedere in due
26686,Ghost Dad,1990,Comedy|Fantasy,4.4,8869,Comfort movie
26688,Hard to Kill,1990,Action|Crime|Drama,5.8,34905,Adrenalina
26693,It,1990,Drama|Fantasy|Horror|Mystery|Thriller,,,Adrenalina
26694,Ju Dou,1990,Drama,7.6,9761,Domenica impegnativa
26704,State of Grace,1990,Crime|Drama|Thriller,7.1,29958,Adrenalina
26712,35 Up,1991,Documentary,8.0,2914,Domenica impegnativa
26713,Days of Being Wild (A Fei jingjyuhn),1990,Drama|Romance,,,Da vedere in due
26714,Across the Tracks,1991,Drama,,,Domenica impegnativa
26717,Begotten,1990,Drama|Horror,,,Adrenalina
26720,Closet Land,1991,Drama|Thriller,,,Adrenalina
26726,Dutch,1991,Comedy,6.5,15502,Comfort movie
26729,Hearts of Darkness: A Filmmakers Apocalypse,1991,Documentary,8.1,26083,Domenica impegnativa
26743,Only Yesterday (Omohide poro poro),1991,Animation|Drama,,,Comfort movie
26744,Once Around,1991,Drama,6.5,5502,Domenica impegnativa
26745,Other People's Money,1991,Comedy|Drama|Romance,6.2,10211,Da vedere in due
26746,Out for Justice,1991,Action|Crime|Drama|Thriller,6.1,28244,Adrenalina
26750,Quigley Down Under,1990,Adventure|Drama|Western,6.9,27794,Domenica impegnativa
26760,Wild Hearts Can't Be Broken,1991,Drama|Romance,7.2,6460,Da vedere in due
26761,Prime Suspect 2,1992,Crime|Drama|Mystery|Romance|Thriller,,,Adrenalina
26764,Captain America,1990,Action|Fantasy|Sci-Fi|Thriller|War,3.3,16267,Adrenalina
26770,Diggstown,1992,Drama,6.9,8953,Domenica impegnativa
26776,Porco Rosso (Crimson Pig) (Kurenai no buta),1992,Adventure|Animation|Comedy|Fantasy|Romance,,,Da vedere in due
26782,"Mambo Kings, The",1992,Drama|Musical,,,Comfort movie
26788,"Story of Qiu Ju, The (Qiu Ju da guan si)",1992,Comedy|Drama,,,Comfort movie
26791,Shining Through,1992,Drama|Romance|Thriller|War,6.4,11657,Adrenalina
26810,Bad Boy Bubby,1993,Drama,7.3,16284,Domenica impegnativa
26812,Barbarians at the Gate,1993,Drama,7.2,3741,Domenica impegnativa
26819,Fortress,1992,Action|Sci-Fi,5.9,32396,Mente accesa
26838,"Snapper, The",1993,Comedy|Drama,,,Comfort movie
26840,Sonatine (Sonachine),1993,Action|Comedy|Crime|Drama,,,Adrenalina
26842,Tai Chi Master (Twin Warriors) (Tai ji: Zhang San Feng),1993,Action|Adventure|Comedy|Drama,,,Comfort movie
26865,Fist of Legend (Jing wu ying xiong),1994,Action|Drama,,,Domenica impegnativa
26870,Major League II,1994,Comedy,5.7,30051,Comfort movie
26903,Whisper of the Heart (Mimi wo sumaseba),1995,Animation|Drama|Romance,,,Da vedere in due
26925,Cannibal! The Musical (a.k.a. Alferd Packer: The Musical),1996,Comedy|Horror|Musical|Western,,,Adrenalina
26928,"Summer's Tale, A (Conte d'été)",1996,Comedy|Drama|Romance,,,Da vedere in due
26939,Drifting Clouds (Kauas pilvet karkaavat),1996,Comedy|Drama,,,Comfort movie
26962,American Perfekt,1997,Crime|Drama|Thriller,5.9,1631,Adrenalina
26965,"Boxer, The",1997,Drama|Thriller,,,Adrenalina
26973,Snow White: A Tale of Terror,1997,Fantasy|Horror,6.1,12339,Adrenalina
26974,Gummo,1997,Drama,6.6,42404,Domenica impegnativa
26999,"Lion King II: Simba's Pride, The",1998,Adventure|Animation|Children|Musical|Romance,,,Da vedere in due
27002,From the Earth to the Moon,1998,Action|Documentary|Drama|Thriller,,,Adrenalina
27003,Beowulf,1999,Action|Horror|Sci-Fi,4.1,13372,Adrenalina
27005,"Interview, The",1998,Crime|Drama|Mystery|Thriller,,,Adrenalina
27020,Gia,1998,Drama|Romance,6.9,55486,Da vedere in due
27036,Merlin,1998,Action|Adventure|Drama|Fantasy|Romance,6.2,403,Da vedere in due
27044,Breast Men,1997,Comedy|Drama,5.8,4983,Comfort movie
27067,"Pentagon Wars, The",1998,Comedy|War,,,Adrenalina
27073,Two Hands,1999,Comedy|Crime|Thriller,7.1,13519,Adrenalina
27075,Addams Family Reunion,1998,Children|Comedy|Fantasy,3.9,5770,Comfort movie
27155,"Batman/Superman Movie, The",1998,Action|Adventure|Animation|Children|Fantasy|Sci-Fi,,,Mente accesa
27156,"Neon Genesis Evangelion: The End of Evangelion (Shin seiki Evangelion Gekijô-ban: Air/Magokoro wo, kimi ni)",1997,Action|Animation|Drama|Fantasy|Sci-Fi,,,Mente accesa
27162,He Died With a Felafel in His Hand,2001,Comedy,7.0,4336,Comfort movie
27170,Cherry Falls,2000,Comedy|Horror|Mystery,,,Adrenalina
27171,Freeway II: Confessions of a Trickbaby,1999,Comedy|Crime|Drama|Thriller,5.4,3854,Adrenalina
27180,Joan of Arc,1999,Adventure|Drama,6.4,73674,Domenica impegnativa
27186,Kirikou and the Sorceress (Kirikou et la sorcière),1998,Adventure|Animation|Children|Fantasy,,,Comfort movie
27204,Cut,2000,Comedy|Horror|Mystery|Thriller,4.4,4086,Adrenalina
27251,"10th Kingdom, The",2000,Adventure|Comedy|Fantasy,,,Comfort movie
27253,"Extremely Goofy Movie, An",2000,Animation|Children|Comedy,,,Comfort movie
27266,2046,2004,Drama|Fantasy|Romance|Sci-Fi,7.4,64990,Da vedere in due
27311,Batman Beyond: Return of the Joker,2000,Action|Animation|Crime|Sci-Fi|Thriller,,,Adrenalina
27316,6ixtynin9 (Ruang Talok 69),1999,Action|Comedy|Thriller,,,Adrenalina
27317,Audition (Ôdishon),1999,Drama|Horror|Mystery|Romance|Thriller,,,Adrenalina
27329,Paradise Lost 2: Revelations,2000,Documentary,7.5,10450,Domenica impegnativa
27338,"Hole, The",2001,Crime|Drama|Horror|Mystery|Thriller,,,Adrenalina
27373,61*,2001,Drama,7.7,17574,Domenica impegnativa
27391,"Laramie Project, The",2002,Crime|Drama,,,Adrenalina
27397,Joint Security Area (Gongdong gyeongbi guyeok JSA),2000,Crime|Drama|Mystery|Thriller|War,,,Adrenalina
27408,Ripley's Game,2002,Drama|Thriller,6.6,20760,Adrenalina
27410,Conspiracy,2001,Drama|War,7.6,30783,Adrenalina
27416,Jalla! Jalla!,2000,Comedy|Drama|Romance,6.8,15483,Da vedere in due
27420,Teknolust,2002,Comedy|Drama|Romance|Sci-Fi,5.3,2044,Da vedere in due
27423,"O Auto da Compadecida (Dog's Will, A)",2000,Adventure|Comedy,,,Comfort movie
27434,Darkness,2002,Horror|Mystery,5.4,21140,Adrenalina
27478,Ali G Indahouse,2002,Comedy,6.2,100527,Comfort movie
27482,Cube 2: Hypercube,2002,Horror|Mystery|Sci-Fi,5.5,72244,Adrenalina
27515,Balzac and the Little Chinese Seamstress (Xiao cai feng),2002,Drama|Romance,,,Da vedere in due
27544,Waterboys,2001,Comedy,7.1,3261,Comfort movie
27555,Fubar,2002,Comedy,6.8,4710,Comfort movie
27564,Sex Is Comedy,2002,Comedy|Drama|Romance,5.7,3292,Da vedere in due
27584,Dead End,2003,Comedy|Horror|Mystery|Thriller,6.4,36145,Adrenalina
27592,Sympathy for Mr. Vengeance (Boksuneun naui geot),2002,Crime|Drama,,,Adrenalina
27595,Jesus Christ Vampire Hunter,2001,Action|Comedy|Horror|Musical,4.9,4932,Adrenalina
27604,Suicide Club (Jisatsu saakuru),2001,Horror|Mystery|Thriller,,,Adrenalina
27611,Battlestar Galactica,2003,Drama|Sci-Fi|War,,,Adrenalina
27619,"Lion King 1½, The",2004,Adventure|Animation|Children|Comedy,,,Comfort movie
27648,Bright Young Things,2003,Comedy|Drama,6.5,6825,Comfort movie
27660,"Animatrix, The",2003,Action|Animation|Drama|Sci-Fi,,,Mente accesa
27664,"Brown Bunny, The",2003,Drama,,,Domenica impegnativa
27685,Bring It On Again,2004,Comedy,,,Comfort movie
27689,"Crimson Rivers 2: Angels of the Apocalypse (Rivières pourpres II - Les anges de l'apocalypse, Les)",2004,Action|Crime|Thriller,,,Adrenalina
27695,Nicotina,2003,Action|Comedy|Drama,6.5,3915,Comfort movie
27700,Evil (Ondskan),2003,Drama,,,Domenica impegnativa
27704,Battle Royale 2: Requiem (Batoru rowaiaru II: Chinkonka),2003,Action|Drama|Thriller|War,,,Adrenalina
27706,Lemony Snicket's A Series of Unfortunate Events,2004,Adventure|Children|Comedy|Fantasy,,,Comfort movie
27716,"Green Butchers, The (Grønne slagtere, De)",2003,Comedy|Crime|Drama|Romance,,,Adrenalina
27717,Pearls and Pigs (Helmiä ja sikoja),2003,Comedy,,,Comfort movie
27721,"Very Long Engagement, A (Un long dimanche de fiançailles)",2004,Drama|Mystery|Romance|War,,,Adrenalina
27722,Last Life in the Universe (Ruang rak noi nid mahasan),2003,Drama|Romance,,,Da vedere in due
27727,Head-On (Gegen die Wand),2004,Drama|Romance,,,Da vedere in due
27728,Ghost in the Shell 2: Innocence (a.k.a. Innocence) (Inosensu),2004,Action|Animation|Drama|Sci-Fi|Thriller,,,Adrenalina
27731,"Cat Returns, The (Neko no ongaeshi)",2002,Adventure|Animation|Children|Fantasy,,,Comfort movie
27735,Unstoppable,2004,Action|Adventure|Comedy|Drama|Thriller,5.0,5545,Adrenalina
27741,"Twilight Samurai, The (Tasogare Seibei)",2002,Drama|Romance,,,Da vedere in due
27758,"Easy Riders, Raging Bulls: How the Sex, Drugs and Rock 'N' Roll Generation Saved Hollywood",2003,Documentary,7.5,3256,Domenica impegnativa
27765,Trauma,2004,Drama|Mystery|Thriller,4.7,3646,Adrenalina
27768,Intimate Strangers (Confidences trop intimes),2004,Drama,,,Domenica impegnativa
27772,Ju-on: The Grudge,2002,Horror,6.7,52873,Adrenalina
27773,Old Boy,2003,Mystery|Thriller,8.3,732178,Adrenalina
27776,Red Lights (Feux rouges),2004,Drama,,,Domenica impegnativa
27778,Ginger Snaps Back: The Beginning,2004,Fantasy|Horror,5.8,12670,Adrenalina
27784,One Missed Call (Chakushin ari),2003,Horror|Mystery,,,Adrenalina
27788,"Jacket, The",2005,Drama|Mystery|Sci-Fi|Thriller,,,Adrenalina
27790,Millions,2004,Children|Comedy|Crime|Drama|Fantasy,6.8,27355,Adrenalina
27797,"Man Who Copied, The (Homem Que Copiava, O)",2003,Comedy|Crime|Drama|Romance,,,Adrenalina
27800,Interstella 5555: The 5tory of the 5ecret 5tar 5ystem,2003,Adventure|Animation|Fantasy|Musical|Sci-Fi,7.8,17987,Mente accesa
27801,Ong-Bak: The Thai Warrior (Ong Bak),2003,Action|Thriller,,,Adrenalina
27803,"Sea Inside, The (Mar adentro)",2004,Drama,,,Domenica impegnativa
27808,Spanglish,2004,Comedy|Drama|Romance,6.4,93367,Da vedere in due
27815,"Chorus, The (Choristes, Les)",2004,Drama,,,Domenica impegnativa
27816,Saints and Soldiers,2003,Action|Adventure|Drama|War,6.6,22134,Adrenalina
27820,"Story of the Weeping Camel, The (Geschichte vom weinenden Kamel, Die)",2003,Documentary|Drama,,,Domenica impegnativa
27821,"Interpreter, The",2005,Drama|Thriller,,,Adrenalina
27822,Open Water,2003,Drama|Thriller,5.8,59635,Adrenalina
27826,Touch of Pink,2004,Comedy|Drama|Romance,6.5,4607,Da vedere in due
27831,Layer Cake,2004,Crime|Drama|Thriller,7.2,209405,Adrenalina
27833,Silver City,2004,Comedy|Drama|Mystery|Thriller,6.0,4350,Adrenalina
27834,"Return, The (Vozvrashcheniye)",2003,Drama,,,Domenica impegnativa
27837,Flight of the Phoenix,2004,Action|Adventure,6.1,59361,Venerdi leggero
27838,Mean Creek,2004,Drama|Thriller,7.1,35025,Adrenalina
27839,"Ring Two, The",2005,Drama|Horror|Mystery|Thriller,,,Adrenalina
27846,"Corporation, The",2003,Documentary,,,Domenica impegnativa
27847,Game Over: Kasparov and the Machine,2003,Documentary,6.7,1431,Domenica impegnativa
27850,"Yes Men, The",2003,Documentary,,,Domenica impegnativa
27851,"Fond Kiss, A (Ae Fond Kiss...)",2004,Drama|Romance,,,Da vedere in due
27864,She Hate Me,2004,Comedy|Drama,5.3,8594,Comfort movie
27865,Azumi,2003,Action|Adventure|Drama|Thriller,6.7,15559,Adrenalina
27867,"Football Factory, The",2004,Action|Drama,,,Domenica impegnativa
27869,Tae Guk Gi: The Brotherhood of War (Taegukgi hwinalrimyeo),2004,Action|Drama|War,,,Adrenalina
27873,Metallica: Some Kind of Monster,2004,Documentary,7.5,21196,Domenica impegnativa
27878,Born into Brothels,2004,Documentary,,,Domenica impegnativa
27879,DiG!,2004,Documentary,7.7,7088,Domenica impegnativa
27882,Riding Giants,2004,Documentary,7.8,4795,Domenica impegnativa
27888,When Will I Be Loved,2004,Drama,4.4,3675,Domenica impegnativa
27899,What the #$*! Do We Know!? (a.k.a. What the Bleep Do We Know!?),2004,Comedy|Documentary|Drama,,,Domenica impegnativa
27904,"Scanner Darkly, A",2006,Animation|Drama|Mystery|Sci-Fi|Thriller,,,Adrenalina
27912,Outfoxed: Rupert Murdoch's War on Journalism,2004,Documentary,7.5,6331,Domenica impegnativa
27922,Jerry Seinfeld: 'I'm Telling You for the Last Time',1998,Comedy|Documentary,,,Domenica impegnativa
30701,Chimes at Midnight (Campanadas a medianoche),1965,Comedy|Drama|War,,,Adrenalina
30707,Million Dollar Baby,2004,Drama,8.1,773604,Domenica impegnativa
30712,"Narrow Margin, The",1952,Crime|Drama|Film-Noir,,,Adrenalina
30721,Hell Is for Heroes,1962,Drama|War,6.9,8191,Adrenalina
30742,Some Came Running,1958,Drama|Romance,7.2,8375,Da vedere in due
30749,Hotel Rwanda,2004,Drama|War,8.1,394850,Adrenalina
30793,Charlie and the Chocolate Factory,2005,Adventure|Children|Comedy|Fantasy|IMAX,6.7,578439,Comfort movie
30798,Auggie Rose (a.k.a. Beyond Suspicion),2000,Drama|Mystery|Thriller,,,Adrenalina
30800,"Wrong Box, The",1966,Comedy,,,Comfort movie
30803,3-Iron (Bin-jip),2004,Drama|Romance,,,Da vedere in due
30810,"Life Aquatic with Steve Zissou, The",2004,Adventure|Comedy|Fantasy,,,Comfort movie
30812,"Aviator, The",2004,Drama,,,Domenica impegnativa
30816,"Phantom of the Opera, The",2004,Drama|Musical|Romance,,,Da vedere in due
30818,Beyond the Sea,2004,Drama|Musical,6.7,16139,Comfort movie
30820,"Woodsman, The",2004,Drama,,,Domenica impegnativa
30822,In Good Company,2004,Comedy|Drama,6.4,58162,Comfort movie
30825,Meet the Fockers,2004,Comedy,6.4,303742,Comfort movie
30846,"Assassination of Richard Nixon, The",2004,Crime|Drama|Thriller,,,Adrenalina
30848,"Love Song for Bobby Long, A",2004,Drama,,,Domenica impegnativa
30850,"Merchant of Venice, The",2004,Drama,,,Domenica impegnativa
30883,Fat Albert,2004,Comedy|Fantasy,4.4,13705,Comfort movie
30892,In the Realms of the Unreal,2004,Animation|Documentary,7.3,2335,Domenica impegnativa
30894,White Noise,2005,Drama|Horror|Mystery|Sci-Fi|Thriller,5.5,53331,Adrenalina
30898,"Upside of Anger, The",2005,Comedy|Drama|Romance,,,Da vedere in due
30942,Arrowhead,1953,Drama|Western,5.9,1739,Domenica impegnativa
30949,"Grateful Dead Movie, The",1977,Documentary|Musical,,,Domenica impegnativa
30952,Last Train from Gun Hill,1959,Drama|Western,7.3,9940,Domenica impegnativa
30994,Little Miss Marker,1980,Comedy|Drama,6.4,1998,Comfort movie
30996,Little Miss Marker,1934,Comedy|Drama,6.9,1632,Comfort movie
31000,Sweet Liberty,1986,Comedy,5.8,3206,Comfort movie
31030,I Remember Mama,1948,Children|Drama,7.8,6656,Comfort movie
31032,"Last Horror Movie, The",2003,Horror|Thriller,,,Adrenalina
31035,Testament,1983,Drama,6.9,8208,Domenica impegnativa
31047,Jinxed!,1982,Comedy,4.7,1371,Comfort movie
31079,Son of Godzilla (Kaijûtô no kessen: Gojira no musuko),1967,Sci-Fi,,,Mente accesa
31083,Man Trouble,1992,Comedy|Romance,4.7,3716,Da vedere in due
31116,Sergeant York,1941,Drama|War,7.7,20166,Adrenalina
31123,Ruby & Quentin (Tais-toi!),2003,Comedy|Crime,,,Adrenalina
31133,Deathwatch,2002,Drama|Horror|Thriller|War,5.9,13035,Adrenalina
31162,"Life and Death of Peter Sellers, The",2004,Comedy|Drama,,,Comfort movie
31184,Appleseed (Appurushîdo),2004,Action|Animation|Fantasy|Sci-Fi,,,Mente accesa
31188,"Milky Way, The (Voie lactée, La)",1969,Comedy|Drama,,,Comfort movie
31193,"Many Adventures of Winnie the Pooh, The",1977,Animation|Children|Musical,,,Comfort movie
31221,Elektra,2005,Action|Adventure|Crime|Drama,4.7,106590,Adrenalina
31223,Racing Stripes,2005,Children|Comedy,5.3,19533,Comfort movie
31225,Coach Carter,2005,Drama,7.4,195500,Domenica impegnativa
31247,"Fighting Sullivans, The (Sullivans, The)",1944,Drama,,,Domenica impegnativa
31251,Iceman,1984,Drama|Sci-Fi,6.2,6588,Domenica impegnativa
31255,Ice Station Zebra,1968,Action|Thriller,6.6,13123,Adrenalina
31260,Boys Town,1938,Drama,7.2,6987,Domenica impegnativa
31290,Beastmaster 2: Through the Portal of Time,1991,Action|Adventure|Fantasy|Sci-Fi,4.2,3921,Mente accesa
31347,Christmas in July,1940,Comedy|Romance,7.3,4797,Da vedere in due
31367,"Chase, The",1994,Action|Adventure|Comedy|Crime|Romance|Thriller,,,Adrenalina
31410,"Downfall (Untergang, Der)",2004,Drama|War,,,Adrenalina
31413,"White Sound, The (Das weiße Rauschen)",2001,Drama,,,Domenica impegnativa
31420,Assault on Precinct 13,2005,Action|Crime|Drama|Thriller,6.3,84961,Adrenalina
31422,Are We There Yet?,2005,Children|Comedy,4.8,37488,Comfort movie
31424,Alone in the Dark,2005,Action|Horror|Sci-Fi|Thriller,2.4,46358,Adrenalina
31427,Hide and Seek,2005,Horror|Mystery|Thriller,6.0,93402,Adrenalina
31431,Boogeyman,2005,Drama|Horror|Mystery|Thriller,4.2,34086,Adrenalina
31433,"Wedding Date, The",2005,Comedy|Romance,,,Da vedere in due
31435,Rory O'Shea Was Here (Inside I'm Dancing),2004,Drama,,,Domenica impegnativa
31437,Nobody Knows (Dare mo shiranai),2004,Drama,,,Domenica impegnativa
31445,Employee of the Month,2004,Comedy|Drama,6.1,10919,Comfort movie
31467,"Great White Hope, The",1970,Action|Drama,,,Domenica impegnativa
31485,"Professionals, The",1966,Western,,,Venerdi leggero
31502,Salem's Lot,1979,Drama|Horror|Mystery|Thriller,,,Adrenalina
31522,"Marriage of Maria Braun, The (Ehe der Maria Braun, Die)",1979,Drama,,,Domenica impegnativa
31528,Beau Geste,1939,Action|Adventure|Drama|War,7.5,7152,Adrenalina
31539,Overnight,2003,Documentary,4.1,21,Domenica impegnativa
31553,Double Dragon,1994,Action|Adventure|Sci-Fi,4.0,15115,Mente accesa
31584,Rosenstrasse,2003,Drama|War,6.7,2642,Adrenalina
31617,El Cid,1961,Action|Adventure|Drama|Romance|War,7.2,17448,Adrenalina
31658,Howl's Moving Castle (Hauru no ugoku shiro),2004,Adventure|Animation|Fantasy|Romance,,,Da vedere in due
31660,Steamboy (Suchîmubôi),2004,Action|Animation|Drama|Sci-Fi,,,Mente accesa
31685,Hitch,2005,Comedy|Romance,6.6,351991,Da vedere in due
31687,Pooh's Heffalump Movie,2005,Animation|Children,6.4,9512,Comfort movie
31689,Inside Deep Throat,2005,Documentary,6.7,7275,Domenica impegnativa
31694,Bride & Prejudice,2004,Comedy|Musical|Romance,6.2,22803,Da vedere in due
31696,Constantine,2005,Action|Fantasy|Horror|Thriller,7.0,413316,Adrenalina
31698,Son of the Mask,2005,Adventure|Children|Comedy|Fantasy,2.3,62607,Comfort movie
31700,Because of Winn-Dixie,2005,Children|Comedy|Drama,6.4,13866,Comfort movie
31724,Pauly Shore Is Dead,2003,Comedy,4.4,5177,Comfort movie
31737,Bunny Lake Is Missing,1965,Mystery|Thriller,7.3,11393,Adrenalina
31770,Night and the City,1950,Film-Noir|Thriller,7.8,16843,Adrenalina
31785,Frozen Land (Paha maa),2005,Drama,,,Domenica impegnativa
31804,Night Watch (Nochnoy dozor),2004,Action|Fantasy|Horror|Mystery|Sci-Fi|Thriller,,,Adrenalina
31807,Dot the I,2003,Drama|Film-Noir|Thriller,6.7,9201,Adrenalina
31854,Morocco,1930,Drama|Romance,7.0,8531,Da vedere in due
31867,Man of the House,2005,Action|Comedy,5.5,26695,Comfort movie
31878,Kung Fu Hustle (Gong fu),2004,Action|Comedy,,,Comfort movie
31903,Zelary,2003,Drama|Romance,7.5,3923,Da vedere in due
31921,"Seven-Per-Cent Solution, The",1976,Adventure|Comedy|Crime|Drama|Mystery|Thriller,,,Adrenalina
31923,"Three Musketeers, The",1973,Action|Adventure|Comedy,,,Comfort movie
31930,Masculin Féminin,1966,Drama,7.3,19268,Domenica impegnativa
31934,"Four Feathers, The",1939,Adventure|War,,,Adrenalina
31973,Germany Year Zero (Germania anno zero) (Deutschland im Jahre Null),1948,Drama|War,,,Adrenalina
32009,Tyler Perry's Diary of a Mad Black Woman,2005,Comedy|Drama|Romance,,,Da vedere in due
32011,Cursed,2005,Horror|Thriller,5.1,37713,Adrenalina
32017,"Pacifier, The",2005,Action|Comedy,,,Comfort movie
32019,Be Cool,2005,Comedy|Crime|Musical,5.6,75427,Adrenalina
32022,Gunner Palace,2004,Documentary|War,6.5,1974,Adrenalina
32025,Walk on Water,2004,Drama|Thriller,7.3,7241,Adrenalina
32029,Hostage,2005,Action|Crime|Drama|Thriller,6.5,116831,Adrenalina
32031,Robots,2005,Adventure|Animation|Children|Comedy|Fantasy|Sci-Fi|IMAX,6.4,177122,Mente accesa
32058,Class Action,1991,Drama,6.4,9027,Domenica impegnativa
32076,Godzilla vs. The Sea Monster (Gojira-Ebira-Mosura: Nankai no daiketto),1966,Action|Adventure|Fantasy|Sci-Fi,,,Mente accesa
32078,Godzilla vs. Mechagodzilla II (Gojira VS Mekagojira),1993,Action|Drama|Sci-Fi,,,Domenica impegnativa
32116,"Oh, God! You Devil",1984,Comedy,5.5,3048,Comfort movie
32128,Blackball,2003,Comedy|Drama,5.3,53,Comfort movie
32139,"Agony and the Ecstasy, The",1965,Drama,,,Domenica impegnativa
32141,Return to Peyton Place,1961,Drama,5.9,1092,Domenica impegnativa
32151,It Happened to Jane,1959,Comedy,6.6,3441,Comfort movie
32160,Twentieth Century,1934,Comedy,7.2,7943,Comfort movie
32162,My Sister Eileen,1955,Comedy|Musical|Romance,6.8,2391,Da vedere in due
32174,"Green Berets, The",1968,Action|Drama|War,,,Adrenalina
32179,Elevator to the Gallows (a.k.a. Frantic) (Ascenseur pour l'échafaud),1958,Crime|Drama|Thriller,,,Adrenalina
32213,Cube Zero,2004,Horror|Mystery|Sci-Fi|Thriller,5.6,43751,Adrenalina
32234,Julia,1977,Drama,7.0,11501,Domenica impegnativa
32261,Thirty Seconds Over Tokyo,1944,Drama|War,7.2,7207,Adrenalina
32289,Ice Princess,2005,Children|Comedy|Drama,6.1,31965,Comfort movie
32291,Melinda and Melinda,2004,Comedy|Drama,6.4,34247,Comfort movie
32296,Miss Congeniality 2: Armed and Fabulous,2005,Adventure|Comedy|Crime,5.2,86325,Adrenalina
32298,Guess Who,2005,Comedy|Romance,5.9,49915,Da vedere in due
32302,"League of Ordinary Gentlemen, A",2004,Documentary,,,Domenica impegnativa
32325,Yanks,1979,Drama|Romance|War,6.4,3995,Adrenalina
32347,Barbary Coast,1935,Adventure|Drama|Romance|Western,6.7,2443,Da vedere in due
32349,Stella Dallas,1937,Drama,7.4,7111,Domenica impegnativa
32361,Come and Get It,1936,Drama,6.8,2668,Domenica impegnativa
32369,Panic in the Streets,1950,Crime|Drama|Film-Noir|Thriller,7.2,9618,Adrenalina
32371,Call Northside 777,1948,Crime|Drama|Film-Noir,7.4,11608,Adrenalina
32381,Bells Are Ringing,1960,Comedy|Musical|Romance,6.9,4189,Da vedere in due
32383,Finian's Rainbow,1968,Fantasy|Musical,6.1,4635,Comfort movie
32387,"Sword of Doom, The (Dai-bosatsu tôge)",1966,Action|Drama,,,Domenica impegnativa
32392,800 Bullets (800 Balas),2002,Comedy|Crime|Drama|Western,,,Adrenalina
32464,City of Hope,1991,Drama,7.3,2963,Domenica impegnativa
32469,We're No Angels,1955,Comedy|Crime|Drama,7.3,12306,Adrenalina
32493,End of the Century: The Story of the Ramones,2003,Documentary|Musical,7.9,4043,Domenica impegnativa
32582,"Wild Parrots of Telegraph Hill, The",2003,Documentary,,,Domenica impegnativa
32584,"Ballad of Jack and Rose, The",2005,Drama,,,Domenica impegnativa
32587,Sin City,2005,Action|Crime|Film-Noir|Mystery|Thriller,8.0,824118,Adrenalina
32589,Beauty Shop,2005,Comedy,5.7,20790,Comfort movie
32596,Sahara,2005,Action|Adventure|Comedy,6.1,110381,Comfort movie
32598,Fever Pitch,2005,Comedy|Romance,6.3,50368,Da vedere in due
32627,Rhinestone,1984,Comedy,4.1,8840,Comfort movie
32657,"Man Who Planted Trees, The (Homme qui plantait des arbres, L')",1987,Animation|Drama,,,Comfort movie
32666,National Lampoon's Lady Killers (National Lampoon's Gold Diggers),2003,Comedy,,,Comfort movie
32668,Blind Horizon,2003,Drama|Thriller,5.5,5268,Adrenalina
32674,Islands in the Stream,1977,Drama,6.5,1795,Domenica impegnativa
32721,Battle of the Bulge,1965,Action|Drama|War,6.8,19306,Adrenalina
32728,"Little Girl Who Lives Down the Lane, The",1976,Drama|Mystery|Thriller,,,Adrenalina
32743,Ringu 0: Bâsudei,2000,Drama|Horror|Thriller,5.9,10866,Adrenalina
32770,Brothers (Brødre),2004,Drama,,,Domenica impegnativa
32781,Hawaii,1966,Drama,6.5,4248,Domenica impegnativa
32840,Vincent,1982,Animation,,,Comfort movie
32862,With Six You Get Eggroll,1968,Comedy|Romance,6.4,3319,Da vedere in due
32882,"Big Store, The",1941,Comedy|Musical,,,Comfort movie
32892,Ivan's Childhood (a.k.a. My Name is Ivan) (Ivanovo detstvo),1962,Drama|War,,,Adrenalina
32898,"Trip to the Moon, A (Voyage dans la lune, Le)",1902,Action|Adventure|Fantasy|Sci-Fi,,,Mente accesa
32914,Carrie,2002,Drama|Horror|Thriller,5.4,12839,Adrenalina
32999,Wilson,1944,Drama,6.3,1875,Domenica impegnativa
33004,"Hitchhiker's Guide to the Galaxy, The",2005,Adventure|Comedy|Sci-Fi,,,Mente accesa
33036,"Eiger Sanction, The",1975,Action|Adventure|Drama|Thriller,,,Adrenalina
33072,F for Fake (Vérités et mensonges),1973,Documentary|Mystery,,,Domenica impegnativa
33085,"Amityville Horror, The",2005,Horror|Thriller,,,Adrenalina
33113,Act of Violence,1948,Drama|Film-Noir|Thriller,7.5,6866,Adrenalina
33138,Palindromes,2004,Adventure|Comedy|Drama,6.7,13547,Comfort movie
33145,"Lot Like Love, A",2005,Comedy|Drama|Romance,,,Da vedere in due
33154,Enron: The Smartest Guys in the Room,2005,Documentary,7.5,21396,Domenica impegnativa
33158,xXx: State of the Union,2005,Action|Crime|Thriller,4.5,77240,Adrenalina
33162,Kingdom of Heaven,2005,Action|Drama|Romance|War,7.3,361382,Adrenalina
33164,House of Wax,2005,Horror|Thriller,5.5,147723,Adrenalina
33166,Crash,2004,Crime|Drama,7.7,464360,Adrenalina
33168,Jiminy Glick in La La Wood,2004,Comedy|Mystery,5.1,2671,Mente accesa
33171,Mysterious Skin,2004,Drama|Mystery,7.6,86937,Domenica impegnativa
33237,San Francisco,1936,Drama|Musical|Romance,7.1,6705,Da vedere in due
33288,Kes,1969,Drama,7.9,26579,Domenica impegnativa
33294,Vampire Hunter D,1985,Animation|Fantasy|Horror,7.0,19501,Adrenalina
33312,"Cocoanuts, The",1929,Comedy|Musical,,,Comfort movie
33340,Kids Return (Kizzu ritân),1996,Drama,,,Domenica impegnativa
33358,Off the Map,2003,Comedy|Drama,7.1,3569,Comfort movie
33410,Crackerjack,2002,Comedy,6.8,3337,Comfort movie
33421,Dear Wendy,2005,Drama,6.5,10752,Domenica impegnativa
33424,"List of Adrian Messenger, The",1963,Crime|Drama|Mystery,,,Adrenalina
33437,Unleashed (Danny the Dog),2005,Action|Crime|Drama|Thriller,,,Adrenalina
33451,"Ugly, Dirty and Bad (Brutti sporchi e cattivi)",1976,Comedy|Drama,,,Comfort movie
33463,DuckTales: The Movie - Treasure of the Lost Lamp,1990,Adventure|Animation|Children|Comedy|Fantasy,6.8,30679,Comfort movie
33493,Star Wars: Episode III - Revenge of the Sith,2005,Action|Adventure|Sci-Fi,7.7,934085,Mente accesa
33495,Kicking & Screaming,2005,Comedy,5.6,44107,Comfort movie
33499,Monster-in-Law,2005,Comedy|Romance,5.6,69935,Da vedere in due
33558,"Snow Walker, The",2003,Adventure|Drama,,,Domenica impegnativa
33585,9 Songs,2004,Drama|Romance,4.7,25730,Da vedere in due
33592,Bad Guy (Nabbeun namja),2001,Drama,,,Domenica impegnativa
33615,Madagascar,2005,Adventure|Animation|Children|Comedy,7.0,487590,Comfort movie
33621,Somersault,2004,Drama,6.7,8685,Domenica impegnativa
33639,Mad Hot Ballroom,2005,Children|Documentary,7.4,3616,Domenica impegnativa
33644,Dominion: Prequel to the Exorcist,2005,Horror|Thriller,5.1,15124,Adrenalina
33646,"Longest Yard, The",2005,Comedy|Drama,,,Comfort movie
33649,Saving Face,2004,Comedy|Drama|Romance,7.4,15547,Da vedere in due
33660,Cinderella Man,2005,Drama|Romance,8.0,211047,Da vedere in due
33669,"Sisterhood of the Traveling Pants, The",2005,Adventure|Comedy|Drama,,,Comfort movie
33672,Lords of Dogtown,2005,Action|Comedy|Drama,7.1,62085,Comfort movie
33679,Mr. & Mrs. Smith,2005,Action|Adventure|Comedy|Romance,6.5,602319,Da vedere in due
33681,"Adventures of Sharkboy and Lavagirl 3-D, The",2005,Action|Adventure|Children|Fantasy,,,Comfort movie
33683,High Tension (Haute tension) (Switchblade Romance),2003,Horror|Thriller,,,Adrenalina
33685,"Honeymooners, The",2005,Comedy,,,Comfort movie
33722,Ladies in Lavender,2004,Comedy|Drama|Romance,7.0,13811,Da vedere in due
33779,Eddie Izzard: Dress to Kill,1999,Comedy,,,Comfort movie
33781,Quo Vadis,1951,Drama|Romance,7.1,18708,Da vedere in due
33794,Batman Begins,2005,Action|Crime|IMAX,8.2,1744179,Adrenalina
33815,"Perfect Man, The",2005,Comedy|Drama|Romance,,,Da vedere in due
33817,My Summer of Love,2004,Drama|Romance,6.7,23187,Da vedere in due
33826,Saint Ralph,2004,Comedy|Drama,7.3,6664,Comfort movie
33830,Herbie: Fully Loaded,2005,Adventure|Comedy|Romance,5.0,54949,Da vedere in due
33834,Land of the Dead,2005,Action|Horror|Thriller,6.2,105634,Adrenalina
33836,Bewitched,2005,Comedy|Fantasy|Romance,4.9,79035,Da vedere in due
33861,Danger: Diabolik (Diabolik),1968,Action|Crime|Thriller,,,Adrenalina
33880,Me and You and Everyone We Know,2005,Comedy|Drama,7.2,38803,Comfort movie
33896,3 Extremes (Three... Extremes) (Saam gaang yi),2004,Horror,,,Adrenalina
33903,"Edukators, The (Die Fetten Jahre sind vorbei)",2004,Comedy|Crime|Drama|Romance,,,Adrenalina
33905,Somebody Up There Likes Me,1956,Action|Crime|Drama,7.5,9788,Adrenalina
33912,"Unmarried Woman, An",1978,Comedy|Drama|Romance,,,Da vedere in due
34002,Room Service,1938,Comedy,6.6,5983,Comfort movie
34018,At the Circus,1939,Comedy|Musical,6.8,6936,Comfort movie
34048,War of the Worlds,2005,Action|Adventure|Sci-Fi|Thriller,6.6,513801,Adrenalina
34051,My Brilliant Career,1979,Drama|Romance,7.1,5598,Da vedere in due
34063,Gambit,1966,Comedy|Crime,7.1,7559,Adrenalina
34072,"March of the Penguins (Marche de l'empereur, La)",2005,Documentary,,,Domenica impegnativa
34111,"God Who Wasn't There, The",2005,Documentary,,,Domenica impegnativa
34129,Rebound,2005,Comedy,5.2,14256,Comfort movie
34143,Dark Water,2005,Drama|Horror|Thriller,5.6,68202,Adrenalina
34150,Fantastic Four,2005,Action|Adventure|Sci-Fi,5.7,379057,Mente accesa
34153,Murderball,2005,Documentary,7.7,10843,Domenica impegnativa
34162,Wedding Crashers,2005,Comedy|Romance,7.0,402385,Da vedere in due
34164,Happy Endings,2005,Comedy|Drama,6.3,9802,Comfort movie
34271,Hustle & Flow,2005,Crime|Drama,7.3,45924,Adrenalina
34306,Journey Into Fear,1943,Drama|Film-Noir|War,6.5,5198,Adrenalina
34319,"Island, The",2005,Action|Sci-Fi|Thriller,,,Adrenalina
34321,Bad News Bears,2005,Children|Comedy,5.8,24761,Comfort movie
34323,"Devil's Rejects, The",2005,Action|Crime|Horror,,,Adrenalina
34326,Last Days,2005,Drama,5.7,25002,Domenica impegnativa
34330,November,2004,Drama|Mystery,5.4,3223,Domenica impegnativa
34332,Sky High,2005,Action|Adventure|Children|Comedy,6.3,102166,Comfort movie
34334,Stealth,2005,Action|Adventure|Sci-Fi|Thriller,5.1,58855,Adrenalina
34336,Must Love Dogs,2005,Comedy|Romance,6.0,34453,Da vedere in due
34338,"Aristocrats, The",2005,Comedy|Documentary,,,Domenica impegnativa
34353,Twice in a Lifetime,1985,Drama,6.4,1782,Domenica impegnativa
34359,Georgy Girl,1966,Comedy,6.9,4644,Comfort movie
34405,Serenity,2005,Action|Adventure|Sci-Fi,7.8,317231,Mente accesa
34437,Broken Flowers,2005,Comedy|Drama,7.1,110743,Comfort movie
34469,Baby Face,1933,Drama,7.5,9364,Domenica impegnativa
34473,"Star, The",1952,Drama,,,Domenica impegnativa
34482,"Browning Version, The",1951,Drama,,,Domenica impegnativa
34499,"Heart Is Deceitful Above All Things, The",2004,Drama,,,Domenica impegnativa
34520,"Dukes of Hazzard, The",2005,Action|Adventure|Comedy,,,Comfort movie
34523,The Chumscrubber,2005,Comedy|Drama,6.8,19665,Comfort movie
34528,Junebug,2005,Comedy|Drama,6.9,24064,Comfort movie
34530,Deuce Bigalow: European Gigolo,2005,Comedy,4.7,56697,Comfort movie
34532,"Skeleton Key, The",2005,Drama|Horror|Mystery|Thriller,,,Adrenalina
34534,Four Brothers,2005,Action|Crime|Drama,6.8,170986,Adrenalina
34536,The Great Raid,2005,Action|Drama|War,6.6,25386,Adrenalina
34538,Asylum,2005,Romance|Thriller,6.1,5807,Adrenalina
34540,Pretty Persuasion,2005,Comedy|Drama,6.4,11140,Comfort movie
34542,Grizzly Man,2005,Documentary,7.7,68441,Domenica impegnativa
34552,"Girl in the Café, The",2005,Drama|Romance,,,Da vedere in due
34583,Prime Cut,1972,Action|Crime|Drama,6.7,6967,Adrenalina
34608,"Best of Everything, The",1959,Drama|Romance,,,Da vedere in due
34659,She Creature (Mermaid Chronicles Part 1: She Creature),2001,Fantasy|Horror|Thriller,,,Adrenalina
34767,My Date with Drew,2004,Comedy|Documentary|Romance,6.4,4819,Da vedere in due
35015,Duma,2005,Adventure|Drama,7.1,9177,Domenica impegnativa
35347,Animal Farm,1954,Animation|Drama,7.2,22159,Comfort movie
35836,"40-Year-Old Virgin, The",2005,Comedy|Romance,,,Da vedere in due
35957,Red Eye,2005,Horror|Thriller,6.4,167603,Adrenalina
36276,Hidden (a.k.a. Cache) (Caché),2005,Drama|Mystery|Thriller,,,Adrenalina
36363,Kin-Dza-Dza!,1986,Comedy|Drama|Sci-Fi,7.8,15627,Mente accesa
36397,Valiant,2005,Adventure|Animation|Children|Comedy|Fantasy|War,5.5,26161,Adrenalina
36401,"Brothers Grimm, The",2005,Comedy|Fantasy|Horror|Thriller,,,Adrenalina
36509,"Cave, The",2005,Action|Adventure|Horror|Mystery|Sci-Fi|Thriller,,,Adrenalina
36517,"Constant Gardener, The",2005,Drama|Thriller,,,Adrenalina
36519,Transporter 2,2005,Action|Crime|Thriller,6.3,227761,Adrenalina
36523,Margaret Cho: Assassin,2005,Comedy,,,Comfort movie
36525,Just Like Heaven,2005,Comedy|Fantasy|Romance,6.7,128546,Da vedere in due
36527,Proof,2005,Drama,6.6,47993,Domenica impegnativa
36529,Lord of War,2005,Action|Crime|Drama|Thriller|War,7.6,362789,Adrenalina
36531,Venom,2005,Horror|Thriller,4.7,11850,Adrenalina
36533,Cry_Wolf (a.k.a. Cry Wolf),2005,Drama|Horror|Mystery|Thriller,,,Adrenalina
36535,Everything Is Illuminated,2005,Comedy|Drama,7.4,61607,Comfort movie
36537,Thumbsucker,2005,Comedy|Drama,6.5,22619,Comfort movie
36539,"Thing About My Folks, The",2005,Comedy,,,Comfort movie
36545,G,2002,Drama|Romance,5.2,833,Da vedere in due
36553,In Old Chicago,1937,Action|Drama|Musical|War,,,Adrenalina
36708,Family Guy Presents Stewie Griffin: The Untold Story,2005,Adventure|Animation|Comedy,,,Comfort movie
37211,Go West,1940,Comedy|Musical|Western,6.8,6184,Comfort movie
37240,Why We Fight,2005,Documentary,8.0,10537,Domenica impegnativa
37380,Doom,2005,Action|Horror|Sci-Fi,5.2,125032,Adrenalina
37382,Domino,2005,Crime|Drama|Thriller,5.9,71830,Adrenalina
37384,Waiting...,2005,Comedy,6.7,114126,Comfort movie
37386,Aeon Flux,2005,Action|Sci-Fi,,,Mente accesa
37475,"Unfinished Life, An",2005,Drama,,,Domenica impegnativa
37683,Chapter Two,1979,Comedy|Drama|Romance,6.0,1443,Da vedere in due
37720,"Exorcism of Emily Rose, The",2005,Crime|Drama|Horror|Thriller,,,Adrenalina
37727,Flightplan,2005,Action|Drama|Thriller,6.3,186678,Adrenalina
37729,Corpse Bride,2005,Animation|Comedy|Fantasy|Musical|Romance,7.4,332254,Da vedere in due
37731,Green Street Hooligans (a.k.a. Hooligans),2005,Crime|Drama,,,Adrenalina
37733,"History of Violence, A",2005,Action|Crime|Drama|Thriller,,,Adrenalina
37736,Oliver Twist,2005,Drama,6.8,35870,Domenica impegnativa
37739,"Greatest Game Ever Played, The",2005,Drama,,,Domenica impegnativa
37741,Capote,2005,Crime|Drama,7.3,150652,Adrenalina
37830,Final Fantasy VII: Advent Children,2004,Action|Adventure|Animation|Fantasy|Sci-Fi,,,Mente accesa
37844,Roll Bounce,2005,Comedy|Drama|Romance,6.3,8369,Da vedere in due
37853,Into the Blue,2005,Action|Adventure|Crime|Thriller,5.9,85563,Adrenalina
37855,"Prize Winner of Defiance Ohio, The",2005,Drama,,,Domenica impegnativa
37857,MirrorMask,2005,Adventure|Children|Drama|Fantasy,6.7,24437,Comfort movie
37976,"Flowers of St. Francis (Francesco, giullare di Dio)",1950,Drama,,,Domenica impegnativa
38038,Wallace & Gromit in The Curse of the Were-Rabbit,2005,Adventure|Animation|Children|Comedy,,,Comfort movie
38061,Kiss Kiss Bang Bang,2005,Comedy|Crime|Mystery|Thriller,7.4,251373,Adrenalina
38095,"Bittersweet Life, A (Dalkomhan insaeng)",2005,Action|Crime|Drama,,,Adrenalina
38159,"Short Film About Love, A (Krótki film o milosci)",1988,Drama|Romance,,,Da vedere in due
38188,Bubble,2006,Crime|Drama|Mystery,,,Adrenalina
38304,No Direction Home: Bob Dylan,2005,Documentary,,,Domenica impegnativa
38388,Goal! The Dream Begins (Goal!),2005,Drama,,,Domenica impegnativa
38499,Angels in America,2003,Drama|Fantasy,,,Domenica impegnativa
38600,Factotum,2005,Drama,6.6,15733,Domenica impegnativa
38798,In Her Shoes,2005,Comedy|Drama,6.5,69823,Comfort movie
38886,"Squid and the Whale, The",2005,Comedy|Drama,,,Comfort movie
38992,Two for the Money,2005,Drama,6.2,55397,Domenica impegnativa
38994,Separate Lies,2005,Drama|Romance|Thriller,6.4,5192,Adrenalina
39052,Star Wreck: In the Pirkinning,2005,Action|Comedy|Sci-Fi,,,Mente accesa
39183,Brokeback Mountain,2005,Drama|Romance,7.7,421960,Da vedere in due
39231,Elizabethtown,2005,Comedy|Drama|Romance,6.3,75666,Da vedere in due
39234,North Country,2005,Drama,7.3,47986,Domenica impegnativa
39292,"Good Night, and Good Luck.",2005,Crime|Drama,7.4,105759,Adrenalina
39307,Dreamer: Inspired by a True Story,2005,Children|Drama,6.9,14893,Comfort movie
39381,"Proposition, The",2005,Crime|Drama|Western,,,Adrenalina
39400,"Fog, The",2005,Action|Horror|Mystery|Thriller,,,Adrenalina
39408,Left Behind: World at War,2005,Drama,,,Domenica impegnativa
39414,Shopgirl,2005,Comedy|Drama|Romance,6.3,25449,Da vedere in due
39421,After School Special (a.k.a. Barely Legal),2003,Comedy,,,Comfort movie
39427,Stay,2005,Thriller,6.7,95354,Adrenalina
39435,"Legend of Zorro, The",2005,Action|Adventure|Drama|Western,,,Domenica impegnativa
39444,"Weather Man, The",2005,Comedy|Drama,,,Comfort movie
39446,Saw II,2005,Horror|Thriller,6.6,300095,Adrenalina
39449,Prime,2005,Comedy|Drama|Romance,6.2,43766,Da vedere in due
39481,Will Success Spoil Rock Hunter?,1957,Comedy|Romance,6.9,4545,Da vedere in due
39703,Little Fish,2005,Crime|Drama|Romance|Thriller,6.1,9671,Adrenalina
39715,American Pie Presents: Band Camp (American Pie 4: Band Camp),2005,Comedy,,,Comfort movie
39779,Tarzan and His Mate,1934,Action|Adventure,7.2,6170,Venerdi leggero
39796,Empire of the Wolves (L'empire des loups),2005,Action|Drama|Thriller,,,Adrenalina
39869,Manderlay,2005,Drama,7.2,26634,Domenica impegnativa
39886,Nine Lives,2005,Drama,6.7,7388,Domenica impegnativa
40148,Revolver,2005,Crime|Drama|Thriller,6.3,109848,Adrenalina
40278,Jarhead,2005,Action|Drama|War,7.0,227245,Adrenalina
40339,Chicken Little,2005,Action|Adventure|Animation|Children|Comedy|Sci-Fi,5.7,110862,Mente accesa
40412,Dead Man's Shoes,2004,Crime|Thriller,7.5,63961,Adrenalina
40414,Joyeux Noël (Merry Christmas),2005,Drama|War,,,Adrenalina
40574,Get Rich or Die Tryin',2005,Action|Crime|Drama,5.6,54895,Adrenalina
40581,Just Friends,2005,Comedy|Romance,6.2,136661,Da vedere in due
40583,Syriana,2005,Drama|Thriller,6.8,139203,Adrenalina
40614,Derailed,2005,Drama|Thriller,6.6,79410,Adrenalina
40617,Creep,2004,Horror|Thriller,5.6,34483,Adrenalina
40629,Pride & Prejudice,2005,Drama|Romance,7.8,383003,Da vedere in due
40697,Babylon 5,,Sci-Fi,,,Mente accesa
40723,Wolf Creek,2005,Crime|Horror|Thriller,6.2,85384,Adrenalina
40732,"Descent, The",2005,Adventure|Drama|Horror|Thriller,,,Adrenalina
40815,Harry Potter and the Goblet of Fire,2005,Adventure|Fantasy|Thriller|IMAX,7.7,764750,Adrenalina
40817,Dinner with Friends,2001,Comedy|Drama,6.2,3806,Comfort movie
40819,Walk the Line,2005,Drama|Musical|Romance,7.8,282593,Da vedere in due
40826,Rent,2005,Drama|Musical|Romance,6.9,58524,Da vedere in due
40851,Zathura,2005,Action|Adventure|Children|Fantasy,,,Comfort movie
40870,C.R.A.Z.Y.,2005,Drama,7.8,35293,Domenica impegnativa
40946,Sarah Silverman: Jesus Is Magic,2005,Comedy|Musical,6.5,5787,Comfort movie
40952,Bee Season,2005,Drama,5.4,7515,Domenica impegnativa
40955,Breakfast on Pluto,2005,Comedy|Drama,7.2,26734,Comfort movie
40959,"Ice Harvest, The",2005,Action|Comedy|Crime|Thriller,,,Adrenalina
40962,"Yours, Mine and Ours",2005,Comedy|Romance,,,Da vedere in due
40964,In the Mix,2005,Comedy|Crime|Romance,3.0,8728,Adrenalina
40966,"Libertine, The",2004,Drama,,,Domenica impegnativa
40973,"Wild Geese, The",1978,Action|Adventure|Drama|War,,,Adrenalina
40988,Hondo,1953,Western,7.0,14199,Venerdi leggero
41025,"Good Woman, A",2004,Comedy|Drama|Romance,,,Da vedere in due
41226,Sounder,1972,Drama,7.5,5391,Domenica impegnativa
41285,Match Point,2005,Crime|Drama|Romance,7.6,240533,Adrenalina
41527,Paradise Now,2005,Crime|Drama|Thriller|War,7.4,24988,Adrenalina
41566,"Chronicles of Narnia: The Lion, the Witch and the Wardrobe, The",2005,Adventure|Children|Fantasy,,,Comfort movie
41569,King Kong,2005,Action|Adventure|Drama|Fantasy|Thriller,7.2,474579,Adrenalina
41571,Memoirs of a Geisha,2005,Drama|Romance,7.3,174157,Da vedere in due
41573,"Family Stone, The",2005,Comedy|Drama|Romance,,,Da vedere in due
41575,"Promise, The (Wu ji)",2005,Action|Drama|Fantasy,,,Domenica impegnativa
41585,Kiss of Death,1947,Crime|Drama|Film-Noir,7.4,10705,Adrenalina
41617,Havoc,2005,Crime|Drama|Romance,5.4,22276,Adrenalina
41716,"Matador, The",2005,Comedy|Drama|Thriller,,,Adrenalina
41721,Look Both Ways,2005,Drama|Romance,7.0,3139,Da vedere in due
41724,Wal-Mart: The High Cost of Low Price,2005,Documentary,6.8,4629,Domenica impegnativa
41736,7 Seconds,2005,Action|Crime|Thriller,,,Adrenalina
41831,They Died with Their Boots On,1941,Drama|Romance|War|Western,7.2,7610,Adrenalina
41863,"Three Burials of Melquiades Estrada, The",2006,Adventure|Crime|Drama,,,Adrenalina
41997,Munich,2005,Action|Crime|Drama|Thriller,7.5,255723,Adrenalina
42002,"Producers, The",2005,Comedy|Musical,,,Comfort movie
42004,Transamerica,2005,Adventure|Comedy|Drama,7.3,43470,Comfort movie
42007,Rumor Has It...,2005,Comedy|Drama|Romance,5.5,66233,Da vedere in due
42009,Cheaper by the Dozen 2,2005,Adventure|Comedy,5.6,67670,Comfort movie
42011,Fun with Dick and Jane,2005,Comedy|Crime,6.2,164360,Adrenalina
42013,"Ringer, The",2005,Comedy,,,Comfort movie
42015,Casanova,2005,Action|Adventure|Comedy|Drama|Romance,6.5,58526,Da vedere in due
42018,Mrs. Henderson Presents,2005,Comedy|Drama,7.0,17173,Comfort movie
42021,"White Countess, The",2005,Drama,,,Domenica impegnativa
42094,"Spirit of the Beehive, The (Espíritu de la colmena, El)",1973,Drama|Horror|Mystery,,,Adrenalina
42163,Richard Pryor: Live in Concert,1979,Comedy|Documentary,8.0,6257,Domenica impegnativa
42191,Luxo Jr.,1986,Animation|Children,,,Comfort movie
42197,Keeping Mum,2005,Comedy|Crime,6.8,38339,Adrenalina
42351,Threads,1984,Drama|Sci-Fi|War,7.9,28574,Adrenalina
42418,"New World, The",2005,Adventure|Drama|Romance,,,Da vedere in due
42518,Christmas in Connecticut,1945,Comedy|Romance,7.3,13845,Da vedere in due
42556,7 Faces of Dr. Lao,1964,Fantasy|Mystery|Western,7.1,6001,Mente accesa
42632,Lady Vengeance (Sympathy for Lady Vengeance) (Chinjeolhan geumjassi),2005,Crime|Drama|Mystery|Thriller,,,Adrenalina
42681,49th Parallel,1941,Adventure|Drama|Thriller|War,7.3,8611,Adrenalina
42718,District 13 (Banlieue 13),2004,Action|Crime|Sci-Fi,,,Adrenalina
42721,BloodRayne,2005,Action|Fantasy,3.0,38857,Venerdi leggero
42723,Hostel,2005,Horror,5.9,206411,Adrenalina
42725,Grandma's Boy,2006,Comedy,6.9,93830,Comfort movie
42728,Tristan & Isolde,2006,Drama|Romance,6.8,56505,Da vedere in due
42730,Glory Road,2006,Drama,7.2,51698,Domenica impegnativa
42732,Last Holiday,2006,Comedy,6.6,43330,Comfort movie
42734,Hoodwinked!,2005,Animation|Children|Comedy,6.5,73080,Comfort movie
42738,Underworld: Evolution,2006,Action|Fantasy|Horror,6.7,219315,Adrenalina
42740,Looking for Comedy in the Muslim World,2005,Comedy,5.5,3519,Comfort movie
42783,Shadows of Our Forgotten Ancestors (Tini zabutykh predkiv),1964,Drama|Romance,,,Da vedere in due
42958,Little Manhattan,2005,Children|Comedy|Romance,7.4,26133,Da vedere in due
43014,"Quatermass Xperiment, The",1955,Horror|Mystery|Sci-Fi|Thriller,,,Adrenalina
43333,Water,2005,Drama|Romance,7.7,15863,Da vedere in due
43376,Sophie Scholl: The Final Days (Sophie Scholl - Die letzten Tage),2005,Drama|War,,,Adrenalina
43396,"World's Fastest Indian, The",2005,Drama,,,Domenica impegnativa
43419,Bandidas,2006,Action|Comedy|Crime|Western,5.7,39331,Adrenalina
43460,Tristram Shandy: A Cock and Bull Story,2005,Comedy|Drama,,,Comfort movie
43497,Love in the Afternoon (Chloe in the Afternoon)  (L'amour l'après-midi),1972,Drama|Romance,,,Da vedere in due
43556,Annapolis,2006,Drama,5.8,22749,Domenica impegnativa
43558,Big Momma's House 2,2006,Action|Comedy|Crime,4.9,49889,Adrenalina
43560,Nanny McPhee,2005,Children|Comedy|Fantasy,6.6,92798,Comfort movie
43589,"Dark, The",2005,Horror|Mystery|Thriller,,,Adrenalina
43652,"Comedians of Comedy, The",2005,Comedy|Documentary,,,Domenica impegnativa
43677,"Tuskegee Airmen, The",1995,Drama|War,,,Adrenalina
43679,Final Destination 3,2006,Horror|Mystery|Thriller,5.9,188060,Adrenalina
43708,Block Party (a.k.a. Dave Chappelle's Block Party),2005,Comedy|Documentary,,,Domenica impegnativa
43744,Imagine Me & You,2005,Comedy|Drama|Romance,6.8,40114,Da vedere in due
43832,"Call of Cthulhu, The",2005,Horror|Thriller,,,Adrenalina
43836,"Pink Panther, The",2006,Adventure|Comedy|Crime,,,Adrenalina
43869,Curious George,2006,Adventure|Animation|Children|Comedy,6.5,19785,Comfort movie
43871,Firewall,2006,Crime|Drama|Thriller,5.8,61588,Adrenalina
43904,When a Stranger Calls,2006,Horror|Thriller,5.1,52248,Adrenalina
43908,London,2005,Drama,6.3,25896,Domenica impegnativa
43912,Freedomland,2006,Crime|Drama,5.2,17975,Adrenalina
43914,Winter Passing,2005,Drama,6.2,9244,Domenica impegnativa
43917,Eight Below,2006,Action|Adventure|Drama|Romance,7.3,72206,Da vedere in due
43919,Date Movie,2006,Comedy|Romance,2.8,64696,Da vedere in due
43923,Tyler Perry's Madea's Family Reunion,2006,Comedy|Drama,,,Comfort movie
43928,Ultraviolet,2006,Action|Fantasy|Sci-Fi|Thriller,4.4,86930,Adrenalina
43930,Just My Luck,2006,Comedy|Romance,5.5,66782,Da vedere in due
43932,Pulse,2006,Action|Drama|Fantasy|Horror|Mystery|Sci-Fi|Thriller,4.7,32445,Adrenalina
43934,Deep Sea 3D,2006,Documentary|IMAX,,,Domenica impegnativa
43936,16 Blocks,2006,Crime|Thriller,6.6,139258,Adrenalina
43987,Half Light,2006,Romance|Thriller,6.0,15406,Adrenalina
44004,Failure to Launch,2006,Comedy|Romance,5.7,96489,Da vedere in due
44022,Ice Age 2: The Meltdown,2006,Adventure|Animation|Children|Comedy,,,Comfort movie
44058,"Big White, The",2005,Comedy|Crime|Drama,,,Adrenalina
44100,Cyrano de Bergerac,1950,Drama|Romance,7.4,5064,Da vedere in due
44168,"Naked Spur, The",1953,Western,,,Venerdi leggero
44191,V for Vendetta,2006,Action|Sci-Fi|Thriller|IMAX,,,Adrenalina
44193,She's the Man,2006,Comedy|Romance,6.4,196592,Da vedere in due
44195,Thank You for Smoking,2006,Comedy|Drama,,,Comfort movie
44199,Inside Man,2006,Crime|Drama|Thriller,7.6,429296,Adrenalina
44204,Tsotsi,2005,Crime|Drama,7.2,32475,Adrenalina
44225,Aquamarine,2006,Children|Comedy|Fantasy,5.5,48237,Comfort movie
44238,Leprechaun 2,1994,Comedy|Fantasy|Horror,4.7,13510,Adrenalina
44397,"Hills Have Eyes, The",2006,Drama|Horror|Thriller,,,Adrenalina
44399,"Shaggy Dog, The",2006,Adventure|Children|Comedy|Fantasy,,,Comfort movie
44427,Inspector Clouseau,1968,Comedy|Crime|Mystery,4.7,3701,Adrenalina
44511,Unknown White Male,2005,Documentary,6.5,1078,Domenica impegnativa
44555,"Lives of Others, The (Das leben der Anderen)",2006,Drama|Romance|Thriller,,,Adrenalina
44587,Nanook of the North,1922,Documentary|Drama,7.6,14535,Domenica impegnativa
44613,Take the Lead,2006,Drama,6.6,27661,Domenica impegnativa
44633,"Devil and Daniel Johnston, The",2005,Documentary,,,Domenica impegnativa
44653,Money (L'argent),1983,Crime|Drama,,,Adrenalina
44657,Mouchette,1967,Drama,7.6,14294,Domenica impegnativa
44665,Lucky Number Slevin,2006,Crime|Drama|Mystery,7.7,341312,Adrenalina
44694,Volver,2006,Comedy|Drama,7.6,113721,Comfort movie
44709,Akeelah and the Bee,2006,Drama,7.4,23025,Domenica impegnativa
44717,Lisbela e o Prisioneiro (Lisbela and the Prisoner),2003,Comedy|Romance,,,Da vedere in due
44719,Brainstorm,2001,Drama,,,Domenica impegnativa
44729,Larry the Cable Guy: Health Inspector,2006,Comedy,3.5,12693,Comfort movie
44731,Stay Alive,2006,Horror|Sci-Fi|Thriller,5.1,35984,Adrenalina
44759,Basic Instinct 2,2006,Crime|Drama|Mystery|Thriller,4.4,44063,Adrenalina
44761,Brick,2005,Crime|Drama|Film-Noir|Mystery,7.1,114617,Adrenalina
44788,This Film Is Not Yet Rated,2006,Documentary,7.4,28929,Domenica impegnativa
44815,ATL,2006,Drama,6.2,13132,Domenica impegnativa
44828,Slither,2006,Comedy|Horror|Sci-Fi,6.5,96094,Adrenalina
44840,"Benchwarmers, The",2006,Comedy,,,Comfort movie
44844,Phat Girlz,2006,Comedy,3.4,9679,Comfort movie
44861,Dead Fish,2004,Action|Comedy|Drama|Thriller,,,Adrenalina
44864,Friends with Money,2006,Comedy|Drama|Romance,5.8,33672,Da vedere in due
44889,Reefer Madness: The Movie Musical,2005,Comedy|Drama|Musical,7.1,7317,Comfort movie
44929,Candy,2006,Drama|Romance,7.2,50133,Da vedere in due
44949,Hoot,2006,Children|Comedy,5.6,9209,Comfort movie
44972,Scary Movie 4,2006,Comedy|Horror,5.1,143844,Adrenalina
44974,Hard Candy,2005,Drama|Thriller,7.0,175235,Adrenalina
44978,Dead Birds,2004,Horror|War|Western,5.6,11959,Adrenalina
45003,Shutter,2004,Fantasy|Horror|Mystery|Thriller,7.0,54570,Adrenalina
45028,"Prairie Home Companion, A",2006,Comedy|Drama|Musical,,,Comfort movie
45062,"Sentinel, The",2006,Crime|Drama|Thriller,,,Adrenalina
45074,"Wild, The",2006,Adventure|Animation|Children|Comedy|Fantasy,,,Comfort movie
45081,Silent Hill,2006,Fantasy|Horror|Thriller,6.5,263239,Adrenalina
45106,American Dreamz,2006,Comedy|Drama,5.5,25682,Comfort movie
45175,Kinky Boots,2005,Comedy|Drama,7.1,23016,Comfort movie
45183,"Protector, The (a.k.a. Warrior King) (Tom yum goong)",2005,Action|Comedy|Crime|Thriller,,,Adrenalina
45186,Mission: Impossible III,2006,Action|Adventure|Thriller,6.9,428835,Adrenalina
45208,RV,2006,Adventure|Children|Comedy,5.6,67916,Comfort movie
45210,United 93,2006,Crime|Drama,7.6,116802,Adrenalina
45221,Stick It,2006,Comedy,6.4,31812,Comfort movie
45335,Footlight Parade,1933,Comedy|Musical|Romance,7.5,6739,Da vedere in due
45361,"American Haunting, An",2005,Drama|Horror|Mystery|Thriller,,,Adrenalina
45382,Down in the Valley,2005,Drama|Romance,6.3,19596,Da vedere in due
45431,Over the Hedge,2006,Adventure|Animation|Children|Comedy,6.7,205506,Comfort movie
45440,Art School Confidential,2006,Comedy|Drama,6.3,18437,Comfort movie
45442,Poseidon,2006,Action|Adventure|Thriller|IMAX,5.7,117767,Adrenalina
45447,"Da Vinci Code, The",2006,Drama|Mystery|Thriller,,,Adrenalina
45499,X-Men: The Last Stand,2006,Action|Sci-Fi|Thriller,6.6,580039,Adrenalina
45501,"Break-Up, The",2006,Comedy|Drama|Romance,,,Da vedere in due
45503,Peaceful Warrior,2006,Drama,7.2,31836,Domenica impegnativa
45517,Cars,2006,Animation|Children|Comedy,7.3,549118,Comfort movie
45525,"Lost City, The",2005,Drama,,,Domenica impegnativa
45550,Beyond a Reasonable Doubt,1956,Crime|Drama|Film-Noir,6.9,6647,Adrenalina
45576,Sinbad of the Seven Seas,1989,Adventure|Fantasy|Romance,4.3,2164,Da vedere in due
45635,"Notorious Bettie Page, The",2005,Drama,,,Domenica impegnativa
45652,American Gun,2005,Drama,6.1,3289,Domenica impegnativa
45658,On a Clear Day,2005,Drama,6.9,3525,Domenica impegnativa
45662,"Omen, The",2006,Horror|Thriller,,,Adrenalina
45664,"King, The",2005,Drama,,,Domenica impegnativa
45666,Nacho Libre,2006,Comedy,6.0,103766,Comfort movie
45668,"Lake House, The",2006,Drama|Fantasy|Romance,,,Da vedere in due
45672,Click,2006,Adventure|Comedy|Drama|Fantasy|Romance,6.5,392621,Da vedere in due
45679,"Seventh Victim, The",1943,Drama|Film-Noir|Horror|Mystery,,,Adrenalina
45720,"Devil Wears Prada, The",2006,Comedy|Drama,,,Comfort movie
45722,Pirates of the Caribbean: Dead Man's Chest,2006,Action|Adventure|Fantasy,7.4,836875,Venerdi leggero
45726,"You, Me and Dupree",2006,Comedy,5.6,87267,Comfort movie
45728,Clerks II,2006,Comedy,7.3,145147,Comfort movie
45730,Lady in the Water,2006,Drama|Fantasy|Mystery,5.5,108541,Domenica impegnativa
45732,My Super Ex-Girlfriend,2006,Comedy|Fantasy|Romance,5.2,69869,Da vedere in due
45837,Let It Be,1970,Documentary,7.6,8824,Domenica impegnativa
45852,See No Evil,2006,Horror,5.1,31067,Adrenalina
45880,Marie Antoinette,2006,Drama|Romance,6.5,133672,Da vedere in due
45928,Who Killed the Electric Car?,2006,Documentary,7.6,12958,Domenica impegnativa
45950,"Inconvenient Truth, An",2006,Documentary,,,Domenica impegnativa
45981,Hollow Man II,2006,Action|Horror|Sci-Fi|Thriller,,,Adrenalina
46062,High School Musical,2006,Children|Comedy|Drama|Musical|Romance,5.7,106965,Da vedere in due
46194,Adam & Steve,2005,Comedy|Romance,5.8,3406,Da vedere in due
46231,Stoned,2005,Drama,5.7,4297,Domenica impegnativa
46258,Marked Woman,1937,Crime|Drama|Film-Noir,7.1,5570,Adrenalina
46322,Jet Li's Fearless (Huo Yuan Jia),2006,Action|Drama,,,Domenica impegnativa
46335,"Fast and the Furious: Tokyo Drift, The (Fast and the Furious 3, The)",2006,Action|Crime|Drama|Thriller,,,Adrenalina
46337,Garfield: A Tail of Two Kitties,2006,Animation|Children|Comedy,5.0,51582,Comfort movie
46347,Metal: A Headbanger's Journey,2005,Documentary,8.0,12956,Domenica impegnativa
46430,Waist Deep,2006,Action|Crime|Drama|Thriller,5.8,10953,Adrenalina
46441,"Sheriff and the Satellite Kid, The",1979,Action|Comedy|Sci-Fi,,,Mente accesa
46530,Superman Returns,2006,Action|Adventure|Sci-Fi|IMAX,6.1,304929,Mente accesa
46561,Leonard Cohen: I'm Your Man,2005,Documentary|Musical,6.8,2431,Domenica impegnativa
46572,Edmond,2005,Drama|Thriller,6.2,13207,Adrenalina
46578,Little Miss Sunshine,2006,Adventure|Comedy|Drama,7.8,566034,Comfort movie
46581,Brothers of the Head,2005,Drama,6.3,1921,Domenica impegnativa
46664,"Fallen Idol, The",1948,Drama|Mystery|Thriller,,,Adrenalina
46723,Babel,2006,Drama|Thriller,7.4,331010,Adrenalina
46762,"Thief Lord, The",2006,Adventure|Children|Fantasy,,,Comfort movie
46770,Krrish,2006,Adventure|Musical|Romance|Sci-Fi,6.5,28919,Da vedere in due
46803,Young Mr. Lincoln,1939,Drama,7.5,10037,Domenica impegnativa
46850,Wordplay,2006,Documentary,7.4,3893,Domenica impegnativa
46865,Little Man,2006,Comedy,4.6,67111,Comfort movie
46919,End of the Spear,2005,Drama,6.8,5676,Domenica impegnativa
46948,Monster House,2006,Animation|Children|Fantasy|Mystery,6.7,158181,Mente accesa
46959,Colour Me Kubrick: A True...ish Story,2005,Comedy|Drama,6.1,7167,Comfort movie
46965,Snakes on a Plane,2006,Action|Comedy|Horror|Thriller,5.5,150575,Adrenalina
46967,Scoop,2006,Comedy|Fantasy|Mystery,6.6,91093,Mente accesa
46970,Talladega Nights: The Ballad of Ricky Bobby,2006,Action|Comedy,6.6,216735,Comfort movie
46972,Night at the Museum,2006,Action|Comedy|Fantasy|IMAX,6.5,416509,Comfort movie
46974,World Trade Center,2006,Drama,6.0,92826,Domenica impegnativa
46976,Stranger than Fiction,2006,Comedy|Drama|Fantasy|Romance,7.5,246861,Da vedere in due
47044,Miami Vice,2006,Action|Crime|Drama|Thriller,6.1,133668,Adrenalina
47049,Shadowboxer,2005,Crime|Drama|Thriller,5.5,7120,Adrenalina
47099,"Pursuit of Happyness, The",2006,Drama,,,Domenica impegnativa
47122,John Tucker Must Die,2006,Comedy|Romance,5.8,93856,Da vedere in due
47124,"Ant Bully, The",2006,Adventure|Animation|Children|Comedy|Fantasy|IMAX,,,Comfort movie
47148,Mrs. Palfrey at the Claremont,2005,Comedy|Drama,7.6,4793,Comfort movie
47200,Crank,2006,Action|Thriller,6.9,279938,Adrenalina
47239,"Hurricane, The",1937,Action|Drama|Romance,,,Da vedere in due
47254,Chaos,2005,Action|Crime|Drama|Thriller,6.4,60966,Adrenalina
47261,"Night Listener, The",2006,Fantasy|Mystery|Thriller,,,Adrenalina
47264,Barnyard: The Original Party Animals,2006,Animation|Children|Comedy,,,Comfort movie
47287,Compulsion,1959,Crime|Drama|Thriller,7.4,8708,Adrenalina
47382,Step Up,2006,Drama|Romance,6.5,135556,Da vedere in due
47384,Zoom,2006,Adventure|Comedy|Drama|Fantasy,4.4,23732,Comfort movie
47394,"Bon Cop, Bad Cop",2006,Action|Comedy|Crime|Thriller,6.7,13795,Adrenalina
47404,Mind Game,2004,Adventure|Animation|Comedy|Fantasy|Romance|Sci-Fi,7.7,12313,Da vedere in due
47423,Half Nelson,2006,Drama,7.1,96559,Domenica impegnativa
47465,Tideland,2005,Drama|Fantasy|Thriller,6.3,36125,Adrenalina
47491,Adam's Apples (Adams æbler),2005,Comedy|Drama,,,Comfort movie
47493,Cabin in the Sky,1943,Fantasy|Musical,7.1,3890,Comfort movie
47503,2:37,2006,Drama,6.7,7686,Domenica impegnativa
47516,Material Girls,2006,Children|Comedy|Drama,4.0,23305,Comfort movie
47518,Accepted,2006,Comedy,6.4,149472,Comfort movie
47610,"Illusionist, The",2006,Drama|Fantasy|Mystery|Romance,,,Da vedere in due
47629,"Queen, The",2006,Drama,,,Domenica impegnativa
47640,Beerfest,2006,Comedy,6.3,74148,Comfort movie
47642,How to Eat Fried Worms,2006,Children|Drama,5.4,6521,Comfort movie
47644,Invincible,2006,Drama,7.0,80032,Domenica impegnativa
47646,Idlewild,2006,Crime|Drama|Musical,6.2,6060,Adrenalina
47723,Way Out West,1937,Comedy|Western,7.6,9653,Comfort movie
47805,Lassie,2005,Adventure|Children,6.7,4985,Comfort movie
47810,"Wicker Man, The",2006,Horror|Mystery|Thriller,,,Adrenalina
47894,"Wind That Shakes the Barley, The",2006,Drama|War,,,Adrenalina
47950,Hollywoodland,2006,Crime|Drama|Mystery|Thriller,6.5,37258,Adrenalina
47952,"Covenant, The",2006,Action|Horror|Thriller,,,Adrenalina
47956,Jesse James,1939,Action|Crime|Drama|Romance|Western,7.0,5574,Adrenalina
47970,"Last Kiss, The",2006,Comedy|Drama,,,Comfort movie
47976,Trust the Man,2005,Comedy|Drama|Romance,5.7,9057,Da vedere in due
47978,SherryBaby,2006,Drama,6.6,12420,Domenica impegnativa
47997,Idiocracy,2006,Adventure|Comedy|Sci-Fi|Thriller,6.5,221467,Adrenalina
47999,Jesus Camp,2006,Documentary|Drama,7.4,29589,Domenica impegnativa
48001,"Bow, The (Hwal)",2005,Drama|Romance,,,Da vedere in due
48043,"Fountain, The",2006,Drama|Fantasy|Romance,,,Da vedere in due
48061,Snoopy Come Home,1972,Animation|Children|Comedy|Musical,7.3,5701,Comfort movie
48082,"Science of Sleep, The (La science des rêves)",2006,Comedy|Drama|Fantasy|Romance,,,Da vedere in due
48142,"Black Dahlia, The",2006,Crime|Drama|Mystery|Thriller,,,Adrenalina
48159,Everyone's Hero,2006,Adventure|Animation|Children|Comedy,5.7,10640,Comfort movie
48161,Gridiron Gang,2006,Drama,6.9,83433,Domenica impegnativa
48262,"Bridge, The",2006,Documentary,,,Domenica impegnativa
48301,"Private Life of Henry VIII, The",1933,Comedy|Drama,,,Comfort movie
48304,Apocalypto,2006,Adventure|Drama|Thriller,7.9,364358,Adrenalina
48319,Flyboys,2006,Action|Adventure|Drama|War,6.5,46622,Adrenalina
48322,Jackass Number Two,2006,Comedy|Documentary,7.0,84535,Domenica impegnativa
48326,All the King's Men,2006,Drama,6.1,26771,Domenica impegnativa
48385,Borat: Cultural Learnings of America for Make Benefit Glorious Nation of Kazakhstan,2006,Comedy,7.4,483182,Comfort movie
48394,"Pan's Labyrinth (Laberinto del fauno, El)",2006,Drama|Fantasy|Thriller,,,Adrenalina
48412,"Guardian, The",2006,Action|Adventure|Drama,,,Domenica impegnativa
48414,Open Season,2006,Adventure|Animation|Children|Comedy|IMAX,6.1,115775,Comfort movie
48416,School for Scoundrels,2006,Comedy|Crime,5.9,32019,Adrenalina
48516,"Departed, The",2006,Crime|Drama|Thriller,,,Adrenalina
48518,"Texas Chainsaw Massacre: The Beginning, The",2006,Horror|Thriller,,,Adrenalina
48520,Employee of the Month,2006,Comedy,5.6,53558,Comfort movie
48522,Stormbreaker (Alex Rider: Operation Stormbreaker),2006,Action|Children,,,Comfort movie
48560,Running With Scissors,2006,Comedy|Drama,6.1,23876,Comfort movie
48584,Ellie Parker,2005,Comedy|Drama,5.6,4963,Comfort movie
48591,"Grudge 2, The",2006,Drama|Horror|Mystery|Thriller,,,Adrenalina
48593,Man of the Year,2006,Comedy|Thriller,6.2,37683,Adrenalina
48596,"Marine, The",2006,Action|Drama|Thriller,,,Adrenalina
48598,Infamous,2006,Drama,7.0,18992,Domenica impegnativa
48660,"Elementary Particles, The (Elementarteilchen)",2006,Drama|Romance,,,Da vedere in due
48678,Feast,2005,Action|Comedy|Horror|Thriller,6.2,36389,Adrenalina
48682,Offside,2006,Comedy|Drama,7.3,9679,Comfort movie
48696,Little Children,2006,Drama|Romance,7.5,122643,Da vedere in due
48698,Deliver Us from Evil,2006,Documentary,7.9,11379,Domenica impegnativa
48738,"Last King of Scotland, The",2006,Drama|Thriller,,,Adrenalina
48741,"U.S. vs. John Lennon, The",2006,Documentary,,,Domenica impegnativa
48744,Shortbus,2006,Comedy|Drama|Romance,6.3,37542,Da vedere in due
48774,Children of Men,2006,Action|Adventure|Drama|Sci-Fi|Thriller,7.9,571810,Adrenalina
48780,"Prestige, The",2006,Drama|Mystery|Sci-Fi|Thriller,,,Adrenalina
48783,Flags of Our Fathers,2006,Drama|War,7.1,135149,Adrenalina
48791,Flicka,2006,Children|Drama,6.0,9028,Comfort movie
48825,9th Company,2005,Action|Drama|War,7.0,22677,Adrenalina
48856,"Guide to Recognizing Your Saints, A",2006,Crime|Drama,,,Adrenalina
48877,Saw III,2006,Crime|Horror|Thriller,6.2,230593,Adrenalina
48879,Catch a Fire,2006,Drama|Thriller,6.7,11124,Adrenalina
48909,5 Fingers,1952,Drama|Thriller,7.6,6165,Adrenalina
48943,The Butterfly Effect 2,2006,Adventure|Drama|Romance|Sci-Fi|Thriller,4.5,38928,Adrenalina
48982,Flushed Away,2006,Animation|Comedy,6.6,151425,Comfort movie
48997,Perfume: The Story of a Murderer,2006,Crime|Drama|Thriller,7.5,280997,Adrenalina
49007,Arabesque,1966,Adventure|Drama|Romance|Thriller,6.4,9153,Adrenalina
49013,"Santa Clause 3: The Escape Clause, The",2006,Comedy|Fantasy,,,Comfort movie
49050,All the Invisible Children,2005,Drama,7.4,4452,Domenica impegnativa
49110,Mom and Dad Save the World,1992,Comedy|Sci-Fi,5.4,5666,Mente accesa
49123,Emmet Otter's Jug-Band Christmas,1977,Children|Comedy|Drama|Musical,8.1,5729,Comfort movie
49130,"Good Year, A",2006,Comedy|Drama|Romance,,,Da vedere in due
49132,Shut Up & Sing,2006,Documentary,7.6,5081,Domenica impegnativa
49200,"Foreign Affair, A",1948,Comedy|Romance,,,Da vedere in due
49205,"Return, The",2006,Sci-Fi|Thriller,,,Adrenalina
49220,For Your Consideration,2006,Comedy,6.3,17616,Comfort movie
49225,Street Fight,2005,Documentary,7.9,2166,Domenica impegnativa
49263,Fuck,2005,Comedy|Documentary,7.0,4346,Domenica impegnativa
49272,Casino Royale,2006,Action|Adventure|Thriller,8.0,754319,Adrenalina
49274,Happy Feet,2006,Adventure|Animation|Children|Comedy|IMAX,6.4,215972,Comfort movie
49276,Let's Go to Prison,2006,Comedy,5.9,27490,Comfort movie
49278,Déjà Vu (Deja Vu),2006,Action|Sci-Fi|Thriller,,,Adrenalina
49280,Bobby,2006,Drama,6.9,44043,Domenica impegnativa
49282,Deck the Halls,2006,Comedy,5.1,39299,Comfort movie
49284,10 Items or Less,2006,Comedy|Drama|Romance,6.5,17258,Da vedere in due
49286,"Holiday, The",2006,Comedy|Romance,,,Da vedere in due
49330,London to Brighton,2006,Crime|Drama|Thriller,6.9,9006,Adrenalina
49347,Fast Food Nation,2006,Drama,6.3,26224,Domenica impegnativa
49389,The Great Train Robbery,1903,Crime|Western,,,Adrenalina
49394,Simon of the Desert (Simón del desierto),1965,Drama,,,Domenica impegnativa
49396,Tenacious D in The Pick of Destiny,2006,Adventure|Comedy|Musical,6.8,120489,Comfort movie
49524,"Nativity Story, The",2006,Drama,,,Domenica impegnativa
49526,National Lampoon's Van Wilder: The Rise of Taj,2006,Comedy,,,Comfort movie
49528,Turistas,2006,Adventure|Drama|Horror|Mystery|Thriller,5.4,42652,Adrenalina
49530,Blood Diamond,2006,Action|Adventure|Crime|Drama|Thriller|War,8.0,631379,Adrenalina
49642,Unaccompanied Minors,2006,Children|Comedy,5.4,13180,Comfort movie
49644,Off the Black,2006,Drama,6.5,1576,Domenica impegnativa
49647,Charlotte's Web,2006,Children|Comedy|Drama|Fantasy,6.3,50536,Comfort movie
49649,Eragon,2006,Action|Adventure|Fantasy,5.1,135342,Venerdi leggero
49651,Rocky Balboa,2006,Action|Drama,7.1,245790,Domenica impegnativa
49666,Fur: An Imaginary Portrait of Diane Arbus,2006,Drama|Fantasy|Romance,6.3,16803,Da vedere in due
49772,"Painted Veil, The",2006,Drama|Romance,,,Da vedere in due
49793,We Are Marshall,2006,Drama,7.1,68303,Domenica impegnativa
49822,"Good Shepherd, The",2006,Drama|Thriller,,,Adrenalina
49824,Dreamgirls,2006,Drama|Musical,6.6,81450,Comfort movie
49917,When the Levees Broke: A Requiem in Four Acts,2006,Documentary,,,Domenica impegnativa
49932,Inland Empire,2006,Drama|Mystery|Thriller,6.8,69927,Adrenalina
49957,"History Boys, The",2006,Comedy|Drama,,,Comfort movie
49961,Notes on a Scandal,2006,Drama,7.4,89939,Domenica impegnativa
50005,Curse of the Golden Flower (Man cheng jin dai huang jin jia),2006,Action|Drama,,,Domenica impegnativa
50011,"Bothersome Man, The (Brysomme mannen, Den)",2006,Comedy|Drama|Fantasy|Mystery,,,Mente accesa
50064,"Good German, The",2006,Drama|Mystery|Thriller,,,Adrenalina
50066,Sweet Land,2005,Drama|Romance,7.1,4449,Da vedere in due
50068,Letters from Iwo Jima,2006,Drama|War,7.8,178230,Adrenalina
50151,Home of the Brave,2007,Action|Drama|War,,,Adrenalina
50153,Code Name: The Cleaner,2007,Action|Comedy|Crime,4.6,12622,Adrenalina
50158,Stomp the Yard,2007,Drama|Musical,5.5,24381,Comfort movie
50160,Miss Potter,2006,Drama,7.0,34166,Domenica impegnativa
50162,Arthur and the Invisibles,2007,Action|Children|Fantasy,,,Comfort movie
50183,Loving Annabelle,2006,Drama|Romance,6.2,14430,Da vedere in due
50189,American Pie Presents The Naked Mile (American Pie 5: The Naked Mile),2006,Comedy|Romance,,,Da vedere in due
50253,David and Bathsheba,1951,Drama|Romance,6.2,2993,Da vedere in due
50274,Venus,2006,Drama|Romance,7.0,13887,Da vedere in due
50442,Alpha Dog,2007,Crime|Drama,,,Adrenalina
50445,"Hitcher, The",2007,Action|Horror|Thriller,,,Adrenalina
50447,"Dead Girl, The",2006,Drama|Mystery|Thriller,,,Adrenalina
50514,After the Wedding (Efter brylluppet),2006,Drama,,,Domenica impegnativa
50583,Linda Linda Linda,2005,Comedy|Drama,7.5,6429,Comfort movie
50601,Bridge to Terabithia,2007,Adventure|Children|Fantasy,7.2,194615,Comfort movie
50641,House (Hausu),1977,Comedy|Fantasy|Horror,,,Adrenalina
50651,Kenny,2006,Comedy,7.2,7694,Comfort movie
50658,49 Up,2005,Documentary,8.1,3180,Domenica impegnativa
50685,Waitress,2007,Comedy|Drama|Romance,7.0,51531,Da vedere in due
50740,Seven Up!,1964,Documentary,,,Domenica impegnativa
50742,7 Plus Seven,1970,Documentary,7.9,3457,Domenica impegnativa
50792,Catch and Release,2006,Comedy|Drama|Romance,5.9,30904,Da vedere in due
50794,Smokin' Aces,2006,Action|Crime|Drama|Thriller,6.6,158679,Adrenalina
50796,Blood and Chocolate,2007,Drama|Fantasy|Horror|Romance,5.3,18901,Adrenalina
50798,Epic Movie,2007,Adventure|Comedy,2.5,114379,Comfort movie
50800,"Messengers, The",2007,Drama|Horror|Thriller,,,Adrenalina
50802,Because I Said So,2007,Comedy|Drama|Romance,5.6,42455,Da vedere in due
50804,Hannibal Rising,2007,Drama|Horror|Thriller,6.1,122439,Adrenalina
50806,Norbit,2007,Comedy|Romance,4.3,90576,Da vedere in due
50842,"Boss of It All, The (Direktøren for det hele)",2006,Comedy|Drama,,,Comfort movie
50851,Cocaine Cowboys,2006,Documentary,7.7,14755,Domenica impegnativa
50858,Lonely Hearts,2006,Crime|Drama|Thriller,6.4,23357,Adrenalina
50872,Ratatouille,2007,Animation|Children|Drama,8.1,965800,Comfort movie
50886,Five Fingers,2006,Drama|Thriller,6.3,8609,Adrenalina
50912,"Paris, I Love You (Paris, je t'aime)",2006,Romance,,,Da vedere in due
50923,"Astronaut Farmer, The",2007,Drama,,,Domenica impegnativa
50954,It's a Boy Girl Thing,2006,Comedy|Romance,6.2,44793,Da vedere in due
51044,Magical Mystery Tour,1967,Comedy|Musical,6.1,8560,Comfort movie
51063,Trailer Park Boys: The Movie,2006,Comedy|Crime,7.1,14255,Adrenalina
51077,Ghost Rider,2007,Action|Fantasy|Thriller,5.3,273964,Adrenalina
51080,Breach,2007,Drama|Thriller,7.0,64171,Adrenalina
51084,Music and Lyrics,2007,Comedy|Romance,6.5,112090,Da vedere in due
51086,"Number 23, The",2007,Drama|Mystery|Thriller,,,Adrenalina
51088,Reno 911!: Miami,2007,Comedy,5.9,28814,Comfort movie
51091,Black Snake Moan,2006,Drama,6.9,69306,Domenica impegnativa
51094,Gray Matters,2006,Comedy|Drama|Romance,5.7,7599,Da vedere in due
51174,Factory Girl,2006,Drama,6.4,23067,Domenica impegnativa
51187,Kidulthood,2006,Drama,6.7,20427,Domenica impegnativa
51255,Hot Fuzz,2007,Action|Comedy|Crime|Mystery,7.8,572739,Adrenalina
51277,"36th Chamber of Shaolin, The (Shao Lin san shi liu fang) (Master Killer)",1978,Action|Adventure,,,Venerdi leggero
51304,Karla,2006,Crime|Drama|Thriller,5.4,6757,Adrenalina
51357,Citizen X,1995,Crime|Drama|Thriller,7.4,27063,Adrenalina
51372,"""Great Performances"" Cats",1998,Musical,,,Comfort movie
51412,Next,2007,Action|Sci-Fi|Thriller,6.2,176244,Adrenalina
51418,Breaking and Entering,2006,Drama,6.5,23858,Domenica impegnativa
51471,Amazing Grace,2006,Drama|Romance,7.4,26706,Da vedere in due
51540,Zodiac,2007,Crime|Drama|Thriller,7.7,689231,Adrenalina
51575,Wild Hogs,2007,Adventure|Comedy,5.9,128682,Comfort movie
51632,Atlantis: Milo's Return,2003,Action|Adventure|Animation|Children|Comedy|Fantasy,,,Comfort movie
51638,"Westerner, The",1940,Western,,,Venerdi leggero
51660,"Ultimate Gift, The",2006,Drama,,,Domenica impegnativa
51662,300,2007,Action|Fantasy|War|IMAX,7.7,13,Adrenalina
51666,"Abandoned, The",2006,Horror|Mystery|Thriller,,,Adrenalina
51678,Julius Caesar,1953,Drama,7.2,14335,Domenica impegnativa
51698,"Last Mimzy, The",2007,Adventure|Children|Sci-Fi,,,Mente accesa
51709,"Host, The (Gwoemul)",2006,Comedy|Drama|Horror|Sci-Fi|Thriller,,,Adrenalina
51834,Becoming Jane,2007,Drama|Romance,7.0,68725,Da vedere in due
51884,"Namesake, The",2006,Drama|Romance,,,Da vedere in due
51903,I Think I Love My Wife,2007,Comedy|Drama|Romance,5.5,18008,Da vedere in due
51925,Premonition,2007,Drama|Fantasy|Mystery|Thriller,5.9,86700,Adrenalina
51927,Dead Silence,2007,Horror|Mystery|Thriller,6.2,109756,Adrenalina
51931,Reign Over Me,2007,Drama,7.4,105663,Domenica impegnativa
51935,Shooter,2007,Action|Drama|Thriller,7.2,379318,Adrenalina
51937,"Hills Have Eyes II, The",2007,Horror|Thriller,,,Adrenalina
51939,TMNT (Teenage Mutant Ninja Turtles),2007,Action|Adventure|Animation|Children|Comedy|Fantasy,,,Comfort movie
51991,"Italian, The (Italianetz)",2005,Drama,,,Domenica impegnativa
52005,Jindabyne,2006,Crime|Drama|Mystery|Thriller,6.3,7273,Adrenalina
52042,Black Book (Zwartboek),2006,Drama|Thriller|War,,,Adrenalina
52153,"Five Pennies, The",1959,Drama,,,Domenica impegnativa
52241,"Lookout, The",2007,Crime|Drama|Thriller,,,Adrenalina
52245,Blades of Glory,2007,Comedy|Romance,6.3,187555,Da vedere in due
52279,Are We Done Yet?,2007,Comedy,4.4,24248,Comfort movie
52281,Grindhouse,2007,Action|Crime|Horror|Sci-Fi|Thriller,7.5,197797,Adrenalina
52283,"Reaping, The",2007,Horror|Thriller,,,Adrenalina
52285,Firehouse Dog,2007,Action|Comedy,5.6,6780,Comfort movie
52287,Meet the Robinsons,2007,Action|Adventure|Animation|Children|Comedy|Sci-Fi,6.8,123547,Mente accesa
52299,American Hardcore,2006,Documentary,7.3,3745,Domenica impegnativa
52319,Inglorious Bastards (Quel maledetto treno blindato),1978,Action|Adventure|Drama|War,,,Adrenalina
52328,Sunshine,2007,Adventure|Drama|Sci-Fi|Thriller,7.2,290553,Adrenalina
52356,Copying Beethoven,2006,Drama|Musical,6.7,14507,Comfort movie
52375,"Hoax, The",2007,Crime|Drama,,,Adrenalina
52378,No Way Out,1950,Drama|Film-Noir,7.4,7049,Domenica impegnativa
52435,How the Grinch Stole Christmas!,1966,Animation|Comedy|Fantasy|Musical,8.3,66627,Comfort movie
52456,Perfect Stranger,2007,Crime|Drama|Mystery|Thriller,5.7,54347,Adrenalina
52458,Disturbia,2007,Drama|Thriller,6.8,276650,Adrenalina
52460,Pathfinder,2007,Action|Adventure|Drama|Thriller|War,5.4,47939,Adrenalina
52462,Aqua Teen Hunger Force Colon Movie Film for Theaters,2007,Action|Adventure|Animation|Comedy|Fantasy|Mystery|Sci-Fi,6.7,14932,Mente accesa
52528,Tristana,1970,Drama,7.4,13978,Domenica impegnativa
52579,"Vie en Rose, La (Môme, La)",2007,Drama|Musical,,,Comfort movie
52591,"Contract, The",2006,Crime|Drama|Thriller,,,Adrenalina
52604,Fracture,2007,Crime|Drama|Mystery|Thriller,7.2,238716,Adrenalina
52606,Big Nothing,2006,Comedy|Crime|Thriller,6.7,33270,Adrenalina
52644,Vacancy,2007,Horror|Thriller,6.2,114199,Adrenalina
52668,In the Land of Women,2007,Comedy|Drama|Romance,6.4,33663,Da vedere in due
52694,Mr. Bean's Holiday,2007,Comedy,6.4,143290,Comfort movie
52712,"Invisible, The",2007,Crime|Drama|Fantasy|Mystery|Thriller,,,Adrenalina
52715,Kickin It Old Skool,2007,Comedy,4.7,7692,Comfort movie
52717,"Condemned, The",2007,Action|Adventure|Crime|Thriller,,,Adrenalina
52722,Spider-Man 3,2007,Action|Adventure|Sci-Fi|Thriller|IMAX,6.3,719636,Adrenalina
52724,Lucky You,2007,Comedy|Drama,5.9,21706,Comfort movie
52730,It's a Very Merry Muppet Christmas Movie,2002,Children|Comedy,6.2,5423,Comfort movie
52767,21 Up,1977,Documentary,8.0,3136,Domenica impegnativa
52806,Tales from Earthsea (Gedo Senki),2006,Adventure|Animation|Fantasy,,,Comfort movie
52867,"Ex, The",2007,Comedy|Romance,,,Da vedere in due
52885,Paprika (Papurika),2006,Animation|Mystery|Sci-Fi,,,Mente accesa
52950,Day Watch (Dnevnoy dozor),2006,Action|Fantasy|Horror|Thriller,,,Adrenalina
52952,This Is England,2006,Drama,7.7,136115,Domenica impegnativa
52967,Away from Her,2006,Drama,7.5,23900,Domenica impegnativa
52973,Knocked Up,2007,Comedy|Drama|Romance,6.9,402656,Da vedere in due
52975,Hairspray,2007,Comedy|Drama|Musical,6.7,146849,Comfort movie
53000,28 Weeks Later,2007,Horror|Sci-Fi|Thriller,6.8,368404,Adrenalina
53002,Georgia Rule,2007,Comedy|Drama|Romance,5.9,29477,Da vedere in due
53004,Delta Farce,2007,Action|Adventure|Comedy,3.7,11843,Comfort movie
53024,Jonestown: The Life and Death of Peoples Temple,2006,Documentary,7.8,5854,Domenica impegnativa
53121,Shrek the Third,2007,Adventure|Animation|Children|Comedy|Fantasy,6.1,365287,Comfort movie
53123,Once,2006,Drama|Musical|Romance,7.8,126540,Da vedere in due
53125,Pirates of the Caribbean: At World's End,2007,Action|Adventure|Comedy|Fantasy,7.2,753083,Comfort movie
53127,Bug,2007,Drama|Horror|Thriller,,,Adrenalina
53129,Mr. Brooks,2007,Crime|Drama|Thriller,7.2,164448,Adrenalina
53133,Gracie,2007,Drama,6.2,4415,Domenica impegnativa
53161,"I'm a Cyborg, But That's OK (Saibogujiman kwenchana)",2006,Comedy|Drama|Romance|Sci-Fi,,,Da vedere in due
53189,Eagle vs Shark,2007,Comedy,6.7,27785,Comfort movie
53207,88 Minutes,2008,Crime|Drama|Mystery|Thriller,,,Adrenalina
53318,Cashback,2006,Comedy|Drama|Romance,7.1,95331,Da vedere in due
53322,Ocean's Thirteen,2007,Crime|Thriller,6.9,390587,Adrenalina
53349,Ten Canoes,2006,Adventure|Comedy|Drama|War,6.9,5378,Adrenalina
53352,Sheitan,2006,Comedy|Horror|Thriller,5.6,9999,Adrenalina
53435,Hostel: Part II,2007,Crime|Horror|Thriller,5.5,103060,Adrenalina
53447,Paranoid Park,2007,Crime|Drama,6.6,33176,Adrenalina
53460,Surf's Up,2007,Animation|Children|Comedy,6.7,104299,Comfort movie
53464,Fantastic Four: Rise of the Silver Surfer,2007,Action|Adventure|Sci-Fi,5.6,303026,Mente accesa
53466,Nancy Drew,2007,Adventure|Crime|Thriller,5.9,22614,Adrenalina
53468,Fido,2006,Comedy|Horror|Thriller,6.7,31227,Adrenalina
53519,Death Proof,2007,Action|Adventure|Crime|Horror|Thriller,7.0,336921,Adrenalina
53550,Rescue Dawn,2006,Action|Adventure|Drama|War,7.2,117449,Adrenalina
53569,"Amateurs, The (Moguls, The)",2005,Comedy,,,Comfort movie
53574,"TV Set, The",2006,Comedy|Drama,,,Comfort movie
53578,"Valet, The (La doublure)",2006,Comedy,,,Comfort movie
53737,"Night of the Generals, The",1967,Crime|Drama|Mystery|Thriller|War,,,Adrenalina
53769,In Search of a Midnight Kiss,2007,Comedy|Romance,7.2,8532,Da vedere in due
53894,Sicko,2007,Documentary|Drama,8.0,78273,Domenica impegnativa
53912,Awesome; I Fuckin Shot That!,2006,Documentary|Musical,7.5,1044,Domenica impegnativa
53919,"Man in the Iron Mask, The",1939,Adventure,,,Venerdi leggero
53921,"Mighty Heart, A",2007,Drama|Thriller,,,Adrenalina
53953,1408,2007,Drama|Horror|Thriller,6.8,317314,Adrenalina
53956,Death at a Funeral,2007,Comedy,7.3,129066,Comfort movie
53972,Live Free or Die Hard,2007,Action|Adventure|Crime|Thriller,7.1,437841,Adrenalina
53974,License to Wed,2007,Comedy|Romance,5.3,42728,Da vedere in due
53993,Evan Almighty,2007,Comedy|Fantasy,5.5,164393,Comfort movie
53996,Transformers,2007,Action|Sci-Fi|Thriller|IMAX,7.1,726771,Adrenalina
53999,Captivity,2007,Crime|Thriller,4.6,24447,Adrenalina
54001,Harry Potter and the Order of the Phoenix,2007,Adventure|Drama|Fantasy|IMAX,7.5,711373,Domenica impegnativa
54004,I Now Pronounce You Chuck and Larry,2007,Comedy|Romance,,,Da vedere in due
54075,Arn: The Knight Templar (Arn - Tempelriddaren),2007,Action|Adventure|Drama|Romance|War,,,Adrenalina
54094,Driving Lessons,2006,Comedy|Drama,6.6,11247,Comfort movie
54190,Across the Universe,2007,Drama|Fantasy|Musical|Romance,7.3,118245,Da vedere in due
54193,Broken English,2007,Comedy|Drama|Romance,6.3,7296,Da vedere in due
54251,Dorian Blues,2004,Comedy,6.7,2514,Comfort movie
54256,Hot Rod,2007,Comedy,6.7,100249,Comfort movie
54259,Stardust,2007,Adventure|Comedy|Fantasy|Romance,7.6,300732,Da vedere in due
54272,"Simpsons Movie, The",2007,Animation|Comedy,,,Comfort movie
54274,I Know Who Killed Me,2007,Crime|Drama|Thriller,3.6,29858,Adrenalina
54276,No Reservations,2007,Comedy|Drama|Romance,6.4,86012,Da vedere in due
54278,Underdog,2007,Action|Adventure|Children|Comedy|Fantasy|Sci-Fi,4.8,23524,Mente accesa
54281,Charlie Bartlett,2007,Comedy|Drama,6.9,68473,Comfort movie
54286,"Bourne Ultimatum, The",2007,Action|Crime|Thriller,,,Adrenalina
54290,Bratz: The Movie,2007,Comedy,,,Comfort movie
54328,My Best Friend (Mon meilleur ami),2006,Comedy,,,Comfort movie
54372,Tell No One (Ne le dis à personne),2006,Crime|Drama|Mystery|Thriller,,,Adrenalina
54419,Czech Dream (Ceský sen),2004,Documentary,,,Domenica impegnativa
54491,If I Were You (Se Eu Fosse Você),2006,Comedy,,,Comfort movie
54503,Superbad,2007,Comedy,7.6,703873,Comfort movie
54513,Talk to Me,2007,Drama,7.3,10733,Domenica impegnativa
54612,Resurrecting the Champ,2007,Drama,6.7,21862,Domenica impegnativa
54648,Rush Hour 3,2007,Action|Comedy|Crime|Thriller,6.3,202389,Adrenalina
54732,Balls of Fury,2007,Comedy,5.4,47714,Comfort movie
54734,Sydney White,2007,Comedy,6.2,55239,Comfort movie
54736,"Kingdom, The",2007,Action|Drama|Thriller,,,Adrenalina
54745,Rocket Science,2007,Comedy|Drama,6.5,14068,Comfort movie
54768,Daddy Day Camp,2007,Children|Comedy,3.3,19060,Comfort movie
54771,"Invasion, The",2007,Action|Drama|Horror|Sci-Fi|Thriller,,,Adrenalina
54780,"Nanny Diaries, The",2007,Comedy|Drama|Romance,,,Da vedere in due
54783,September Dawn,2007,Drama|Romance|Western,5.8,3140,Da vedere in due
54785,Halloween,2007,Horror,6.1,140044,Adrenalina
54787,Death Sentence,2007,Drama|Thriller,6.7,78298,Adrenalina
54796,2 Days in Paris,2007,Comedy|Drama|Romance,6.7,32747,Da vedere in due
54881,"King of Kong, The",2007,Documentary,,,Domenica impegnativa
54910,Behind the Mask: The Rise of Leslie Vernon,2006,Comedy|Horror|Thriller,6.7,27348,Adrenalina
54934,"Brothers Solomon, The",2007,Comedy,,,Comfort movie
54958,Bordertown,2006,Crime|Drama|Thriller,,,Adrenalina
54962,"Nines, The",2007,Drama|Mystery,,,Domenica impegnativa
54978,"Good Night, The",2007,Comedy|Drama|Fantasy|Musical|Romance,,,Da vedere in due
54986,"Watch Out, We're Mad (...Altrimenti ci arrabbiamo!)",1974,Action|Comedy,,,Comfort movie
54995,Planet Terror,2007,Action|Horror|Sci-Fi,7.0,234731,Adrenalina
54997,3:10 to Yuma,2007,Action|Crime|Drama|Western,7.6,353785,Adrenalina
54999,Shoot 'Em Up,2007,Action|Comedy|Crime,6.6,159887,Adrenalina
55031,"Evening with Kevin Smith, An",2002,Comedy|Documentary,,,Domenica impegnativa
55052,Atonement,2007,Drama|Romance|War,7.8,333621,Adrenalina
55063,My Winnipeg,2007,Documentary|Fantasy,7.5,6096,Domenica impegnativa
55069,"4 Months, 3 Weeks and 2 Days (4 luni, 3 saptamâni si 2 zile)",2007,Drama,,,Domenica impegnativa
55071,No End in Sight,2007,Documentary,8.2,8927,Domenica impegnativa
55078,Far from the Madding Crowd,1967,Drama|Romance,7.2,6875,Da vedere in due
55080,"Brave One, The",2007,Crime|Drama|Thriller,,,Adrenalina
55094,In the Valley of Elah,2007,Drama|Mystery,7.1,77797,Domenica impegnativa
55110,December Boys,2007,Drama,6.5,12724,Domenica impegnativa
55116,"Hunting Party, The",2007,Action|Adventure|Comedy|Drama|Thriller,,,Adrenalina
55118,Eastern Promises,2007,Crime|Drama|Thriller,7.6,279818,Adrenalina
55154,Brooklyn Rules,2007,Crime|Drama|Romance,6.3,6185,Adrenalina
55176,In the Shadow of the Moon,2007,Documentary,8.0,7138,Domenica impegnativa
55178,Stephanie Daley,2006,Drama,6.2,2019,Domenica impegnativa
55190,Love and Other Disasters,2006,Comedy|Romance,6.1,15168,Da vedere in due
55207,Cashback,2004,Comedy|Drama,,,Comfort movie
55232,Resident Evil: Extinction,2007,Action|Horror|Sci-Fi|Thriller,6.2,218103,Adrenalina
55241,Mr. Woodcock,2007,Comedy,5.2,38131,Comfort movie
55245,Good Luck Chuck,2007,Comedy|Romance,5.6,99987,Da vedere in due
55247,Into the Wild,2007,Action|Adventure|Drama,8.0,699612,Domenica impegnativa
55250,"Game Plan, The",2007,Comedy,,,Comfort movie
55253,"Lust, Caution (Se, jie)",2007,Drama|Romance|Thriller|War,,,Adrenalina
55255,Feast of Love,2007,Drama|Romance,6.5,17738,Da vedere in due
55257,Postal,2007,Action|Comedy|Thriller,4.5,26107,Adrenalina
55259,"Seeker: The Dark Is Rising, The",2007,Action|Adventure|Drama|Fantasy,,,Domenica impegnativa
55261,"Heartbreak Kid, The",2007,Comedy|Drama|Romance,,,Da vedere in due
55267,Dan in Real Life,2007,Comedy|Drama|Romance,6.8,111720,Da vedere in due
55269,"Darjeeling Limited, The",2007,Adventure|Comedy|Drama,,,Comfort movie
55272,We Own the Night,2007,Crime|Drama,6.8,97204,Adrenalina
55274,Elizabeth: The Golden Age,2007,Drama,6.8,78501,Domenica impegnativa
55276,Michael Clayton,2007,Drama|Thriller,7.2,185238,Adrenalina
55280,Lars and the Real Girl,2007,Comedy|Drama,7.3,170807,Comfort movie
55282,30 Days of Night,2007,Horror|Thriller,6.6,203174,Adrenalina
55284,Rendition,2007,Drama|Thriller,6.8,60099,Adrenalina
55286,Things We Lost in the Fire,2007,Drama|Romance,7.1,30797,Da vedere in due
55288,Reservation Road,2007,Drama|Thriller,6.6,26124,Adrenalina
55290,Gone Baby Gone,2007,Crime|Drama|Mystery,7.6,313536,Adrenalina
55292,"Comebacks, The",2007,Comedy,,,Comfort movie
55363,"Assassination of Jesse James by the Coward Robert Ford, The",2007,Crime|Drama|Western,,,Adrenalina
55391,10th & Wolf,2006,Crime|Drama|Thriller,6.2,7588,Adrenalina
55417,Irina Palm,2007,Drama,7.2,8086,Domenica impegnativa
55442,Persepolis,2007,Animation|Drama,8.0,107104,Comfort movie
55444,Control,2007,Drama,7.6,72211,Domenica impegnativa
55451,"Jane Austen Book Club, The",2007,Drama|Romance,,,Da vedere in due
55553,Black Sheep,2006,Comedy|Horror,5.8,43791,Adrenalina
55555,"Edge of Heaven, The (Auf der anderen Seite)",2007,Drama,,,Domenica impegnativa
55577,Saw IV,2007,Crime|Horror|Thriller,5.9,178656,Adrenalina
55687,My Kid Could Paint That,2007,Documentary,7.1,3597,Domenica impegnativa
55721,Elite Squad (Tropa de Elite),2007,Action|Crime|Drama|Thriller,,,Adrenalina
55732,Martian Child,2007,Comedy|Drama,6.7,21530,Comfort movie
55765,American Gangster,2007,Crime|Drama|Thriller,7.8,493595,Adrenalina
55768,Bee Movie,2007,Animation|Comedy,6.1,200643,Comfort movie
55805,Before the Devil Knows You're Dead,2007,Crime|Drama|Thriller,7.3,123997,Adrenalina
55814,"Diving Bell and the Butterfly, The (Scaphandre et le papillon, Le)",2007,Drama,,,Domenica impegnativa
55820,No Country for Old Men,2007,Crime|Drama,8.2,1213449,Adrenalina
55830,Be Kind Rewind,2008,Comedy,6.4,96814,Comfort movie
55851,Crazy Love,2007,Documentary,7.0,3032,Domenica impegnativa
55872,August Rush,2007,Drama|Musical,7.4,115281,Comfort movie
55895,"Desperate Hours, The",1955,Drama|Film-Noir|Thriller,,,Adrenalina
55901,"You, the Living (Du levande)",2007,Comedy|Drama|Musical,,,Comfort movie
55908,"Man from Earth, The",2007,Drama|Sci-Fi,,,Domenica impegnativa
55946,Lions For Lambs,2007,Drama|Thriller|War,6.2,57324,Adrenalina
55955,Fred Claus,2007,Children|Comedy|Fantasy,5.7,51307,Comfort movie
55995,Beowulf,2007,Action|Adventure|Animation|Fantasy|IMAX,6.3,180765,Comfort movie
55999,Mr. Magorium's Wonder Emporium,2007,Children|Comedy|Fantasy,6.2,49540,Comfort movie
56003,Southland Tales,2006,Comedy|Drama|Sci-Fi|Thriller,5.3,42520,Adrenalina
56012,"Evening with Kevin Smith 2: Evening Harder, An",2006,Comedy|Documentary,,,Domenica impegnativa
56145,"Mist, The",2007,Horror|Sci-Fi,,,Adrenalina
56152,Enchanted,2007,Adventure|Animation|Children|Comedy|Fantasy|Musical|Romance,7.1,226947,Da vedere in due
56156,Hitman,2007,Action|Crime|Thriller,6.2,187918,Adrenalina
56165,P2,2007,Horror|Thriller,5.9,39489,Adrenalina
56169,Awake,2007,Drama|Thriller,6.5,88927,Adrenalina
56171,"Golden Compass, The",2007,Adventure|Children|Fantasy,,,Comfort movie
56174,I Am Legend,2007,Action|Horror|Sci-Fi|Thriller|IMAX,7.2,888238,Adrenalina
56176,Alvin and the Chipmunks,2007,Children|Comedy,5.3,107433,Comfort movie
56251,Futurama: Bender's Big Score,2007,Animation|Comedy|Sci-Fi,,,Mente accesa
56274,Margot at the Wedding,2007,Drama,6.0,23620,Domenica impegnativa
56286,I'm Not There,2007,Drama,6.8,63776,Domenica impegnativa
56333,"Savages, The",2007,Comedy|Drama,,,Comfort movie
56339,"Orphanage, The (Orfanato, El)",2007,Drama|Horror|Mystery|Thriller,,,Adrenalina
56350,That Hamilton Woman,1941,Drama|Romance|War,7.2,5634,Adrenalina
56367,Juno,2007,Comedy|Drama|Romance,7.4,575435,Da vedere in due
56389,My Blueberry Nights,2007,Drama|Romance,6.6,59066,Da vedere in due
56474,My Mother (Ma mère),2004,Drama,,,Domenica impegnativa
56479,Party Monster,1998,Documentary,7.1,1864,Domenica impegnativa
56563,Helvetica,2007,Documentary,7.2,8481,Domenica impegnativa
56587,"Bucket List, The",2007,Comedy|Drama,,,Comfort movie
56607,"Kite Runner, The",2007,Drama,,,Domenica impegnativa
56614,"Regular Lovers (Amants réguliers, Les)",2005,Drama,,,Domenica impegnativa
56633,Butterfly on a Wheel (Shattered),2007,Crime|Drama|Thriller,,,Adrenalina
56693,Close My Eyes,1991,Drama|Romance,6.2,3987,Da vedere in due
56715,Wristcutters: A Love Story,2006,Drama|Fantasy|Romance,7.2,60060,Da vedere in due
56719,Vitus,2006,Drama,7.6,5395,Domenica impegnativa
56744,Longford,2006,Crime|Drama,7.5,3453,Adrenalina
56757,Sweeney Todd: The Demon Barber of Fleet Street,2007,Drama|Horror|Musical|Thriller,7.3,409352,Adrenalina
56775,National Treasure: Book of Secrets,2007,Action|Adventure,6.5,269530,Venerdi leggero
56782,There Will Be Blood,2007,Drama|Western,8.2,719092,Domenica impegnativa
56788,Charlie Wilson's War,2007,Comedy|Drama|War,7.0,132296,Adrenalina
56801,AVPR: Aliens vs. Predator - Requiem,2007,Action|Horror|Sci-Fi,4.6,148262,Adrenalina
56805,Walk Hard: The Dewey Cox Story,2007,Comedy|Musical,6.9,82594,Comfort movie
56885,"Great Debaters, The",2007,Drama,,,Domenica impegnativa
56908,Dedication,2007,Comedy|Drama|Romance,6.6,7368,Da vedere in due
56915,"Water Horse: Legend of the Deep, The",2007,Adventure|Children|Fantasy,,,Comfort movie
56921,Battlestar Galactica: Razor,2007,Action|Drama|Sci-Fi|Thriller,7.6,25383,Adrenalina
56941,P.S. I Love You,2007,Comedy|Drama|Romance,7.0,226895,Da vedere in due
56945,"Perfect Holiday, The",2007,Comedy|Romance,,,Da vedere in due
56949,27 Dresses,2008,Comedy|Romance,6.2,194879,Da vedere in due
57147,Cassandra's Dream,2007,Crime|Drama|Thriller,6.6,55622,Adrenalina
57223,D-War (Dragon Wars),2007,Action|Adventure|Drama|Fantasy,,,Domenica impegnativa
57243,"Band's Visit, The (Bikur Ha-Tizmoret)",2007,Comedy|Drama,,,Comfort movie
57274,[REC],2007,Drama|Horror|Thriller,7.4,220192,Adrenalina
57282,And Soon the Darkness,1970,Mystery|Thriller,6.6,4982,Adrenalina
57353,Flawless,2007,Crime|Drama,6.7,28703,Adrenalina
57368,Cloverfield,2008,Action|Mystery|Sci-Fi|Thriller,7.0,447723,Adrenalina
57418,"Rachel, Rachel",1968,Drama|Romance,7.1,4525,Da vedere in due
57464,He Was a Quiet Man,2007,Drama,6.7,23982,Domenica impegnativa
57476,"Cheyenne Social Club, The",1970,Comedy|Western,,,Comfort movie
57502,Cat Soup (Nekojiru-so),2001,Adventure|Animation|Drama|Horror,,,Adrenalina
57504,"Girl Who Leapt Through Time, The (Toki o kakeru shôjo)",2006,Animation|Comedy|Drama|Romance|Sci-Fi,,,Da vedere in due
57520,One Missed Call,2008,Horror|Mystery|Thriller,4.1,35541,Adrenalina
57526,Untraceable,2008,Crime|Thriller,6.2,55043,Adrenalina
57528,Rambo (Rambo 4),2008,Action|Drama|Thriller|War,,,Adrenalina
57532,Meet the Spartans,2008,Comedy,2.8,113710,Comfort movie
57534,"Eye, The",2008,Drama|Horror|Thriller,,,Adrenalina
57536,Strange Wilderness,2008,Comedy,5.2,23961,Comfort movie
57538,Over Her Dead Body,2008,Comedy|Fantasy|Romance,5.3,26400,Da vedere in due
57637,"Signal, The",2007,Horror|Sci-Fi|Thriller,,,Adrenalina
57640,Hellboy II: The Golden Army,2008,Action|Adventure|Fantasy|Sci-Fi,7.0,300419,Mente accesa
57669,In Bruges,2008,Comedy|Crime|Drama|Thriller,7.9,498022,Adrenalina
57843,Rise of the Footsoldier,2007,Action|Crime|Drama,6.7,23221,Adrenalina
57845,Joe Strummer: The Future Is Unwritten,2007,Documentary,7.5,4447,Domenica impegnativa
57910,Teeth,2007,Comedy|Horror,5.4,49890,Adrenalina
57951,Fool's Gold,2008,Action|Adventure|Comedy|Romance,5.8,91155,Da vedere in due
57964,Blue State,2007,Comedy,5.9,2545,Comfort movie
58025,Jumper,2008,Action|Adventure|Drama|Sci-Fi|Thriller,6.1,339823,Adrenalina
58047,"Definitely, Maybe",2008,Comedy|Drama|Romance,7.1,182757,Da vedere in due
58078,"Air I Breathe, The",2007,Crime|Drama|Romance|Thriller,,,Adrenalina
58103,Vantage Point,2008,Action|Drama|Thriller,6.6,158566,Adrenalina
58105,"Spiderwick Chronicles, The",2008,Adventure|Children|Drama|Fantasy|IMAX,,,Comfort movie
58107,Step Up 2 the Streets,2008,Drama|Musical|Romance,6.2,91654,Da vedere in due
58154,"Other Boleyn Girl, The",2008,Drama|Romance,,,Da vedere in due
58156,Semi-Pro,2008,Comedy,5.8,89978,Comfort movie
58162,Run Fatboy Run,2007,Comedy|Romance,6.5,72020,Da vedere in due
58185,Please Vote for Me,2007,Documentary,7.8,1509,Domenica impegnativa
58191,Taxi to the Dark Side,2007,Documentary,7.4,17840,Domenica impegnativa
58223,"Method, The (Método, El)",2005,Drama,,,Domenica impegnativa
58228,Which Way Is Up?,1977,Comedy,6.2,2245,Comfort movie
58246,Grace Is Gone,2007,Drama,6.7,10007,Domenica impegnativa
58293,"10,000 BC",2008,Adventure|Romance|Thriller,5.2,140150,Adrenalina
58295,"Bank Job, The",2008,Action|Crime|Thriller,,,Adrenalina
58297,Doomsday,2008,Action|Drama|Sci-Fi|Thriller,5.9,82718,Adrenalina
58299,Horton Hears a Who!,2008,Adventure|Animation|Children|Comedy,6.8,160035,Comfort movie
58301,Funny Games U.S.,2007,Drama|Thriller,,,Adrenalina
58303,"Counterfeiters, The (Die Fälscher)",2007,Crime|Drama|War,,,Adrenalina
58306,Mongol,2007,Drama|War,7.2,51777,Adrenalina
58315,"Love Guru, The",2008,Comedy,,,Comfort movie
58332,Diary of the Dead,2007,Horror|Sci-Fi,5.5,51382,Adrenalina
58334,Hallam Foe (Mister Foe),2007,Drama|Romance,,,Da vedere in due
58347,Penelope,2006,Comedy|Fantasy|Romance,6.7,69774,Da vedere in due
58351,City of Men (Cidade dos Homens),2007,Drama,,,Domenica impegnativa
58367,"Romulus, My Father",2007,Drama,6.6,4474,Domenica impegnativa
58376,Zeitgeist: The Movie,2007,Documentary|War,,,Adrenalina
58379,Terkel in Trouble (Terkel i knibe),2004,Animation|Comedy|Drama|Musical,,,Comfort movie
58381,Jellyfish (Meduzot),2007,Drama,,,Domenica impegnativa
58418,Then She Found Me,2007,Comedy|Drama|Romance,5.9,10762,Da vedere in due
58432,What Just Happened,2008,Comedy|Drama,5.6,29418,Comfort movie
58490,Miss Pettigrew Lives for a Day,2008,Comedy|Romance,7.0,30850,Da vedere in due
58559,"Dark Knight, The",2008,Action|Crime|Drama|IMAX,,,Adrenalina
58576,Made in U.S.A.,1966,Crime|Mystery,6.2,4951,Adrenalina
58627,Never Back Down,2008,Action,6.6,112354,Venerdi leggero
58655,Drillbit Taylor,2008,Comedy,5.7,64783,Comfort movie
58803,21,2008,Crime|Drama|Romance|Thriller,6.8,283029,Adrenalina
58816,"Gymnast, The",2006,Drama|Romance,,,Da vedere in due
58839,Leatherheads,2008,Comedy|Drama|Romance,6.0,34781,Da vedere in due
58876,Stop-Loss,2008,Drama|War,6.4,21668,Adrenalina
58889,"Business of Being Born, The",2008,Documentary,,,Domenica impegnativa
58972,Nim's Island,2008,Adventure|Comedy|Fantasy,6.0,38436,Comfort movie
58975,"Ruins, The",2008,Horror|Thriller,,,Adrenalina
58992,Joy Division,2007,Documentary|Musical,7.7,4131,Domenica impegnativa
58998,Forgetting Sarah Marshall,2008,Comedy|Romance,7.1,322381,Da vedere in due
59014,Superhero Movie,2008,Action|Comedy|Sci-Fi,4.8,86087,Mente accesa
59016,Street Kings,2008,Crime|Drama|Thriller,6.8,130496,Adrenalina
59018,"Visitor, The",2007,Drama|Romance,,,Da vedere in due
59022,Harold & Kumar Escape from Guantanamo Bay,2008,Adventure|Comedy,6.5,146778,Comfort movie
59037,Speed Racer,2008,Action|Children|Sci-Fi|IMAX,6.1,85055,Mente accesa
59065,Chapter 27,2007,Crime|Drama,5.6,12108,Adrenalina
59103,"Forbidden Kingdom, The",2008,Action|Adventure|Comedy|Fantasy,,,Comfort movie
59118,Happy-Go-Lucky,2008,Comedy|Drama,7.0,42835,Comfort movie
59126,Religulous,2008,Comedy|Documentary,7.6,60847,Domenica impegnativa
59141,Son of Rambow,2007,Children|Comedy|Drama,7.0,33837,Comfort movie
59143,Super High Me,2007,Comedy|Documentary,6.0,13245,Domenica impegnativa
59256,Deception,2008,Action|Drama|Thriller,6.0,42389,Adrenalina
59258,Baby Mama,2008,Comedy,6.0,50172,Comfort movie
59295,Expelled: No Intelligence Allowed,2008,Documentary,3.8,12325,Domenica impegnativa
59306,Prom Night,2008,Horror|Mystery|Thriller,4.0,40276,Adrenalina
59315,Iron Man,2008,Action|Adventure|Sci-Fi,7.9,1250015,Mente accesa
59333,Made of Honor,2008,Comedy|Romance,5.9,81541,Da vedere in due
59339,Mister Lonely,2007,Comedy|Drama,6.4,8861,Comfort movie
59362,Anamorph,2007,Crime|Thriller,5.5,10152,Adrenalina
59369,Taken,2008,Action|Crime|Drama|Thriller,7.7,678435,Adrenalina
59387,"Fall, The",2006,Adventure|Drama|Fantasy,,,Domenica impegnativa
59392,Stargate: The Ark of Truth,2008,Action|Fantasy|Sci-Fi,,,Mente accesa
59418,"American Crime, An",2007,Crime,,,Adrenalina
59421,What Happens in Vegas...,2008,Comedy|Romance,6.1,198180,Da vedere in due
59429,American Pie Presents Beta House (American Pie 6: Beta House),2007,Comedy,,,Comfort movie
59440,Bella,2006,Drama|Romance,7.0,11321,Da vedere in due
59501,"Chronicles of Narnia: Prince Caspian, The",2008,Adventure|Children|Fantasy,,,Comfort movie
59549,Shelter,2007,Drama|Romance,7.6,25989,Da vedere in due
59604,"Girl Next Door, The",2007,Crime|Drama|Horror|Thriller,,,Adrenalina
59615,Indiana Jones and the Kingdom of the Crystal Skull,2008,Action|Adventure|Comedy|Sci-Fi,6.2,517914,Mente accesa
59625,"Hey, Hey, It's Esther Blueburger",2008,Comedy|Drama,6.3,1549,Comfort movie
59709,"Oxford Murders, The",2007,Crime|Mystery|Romance|Thriller,,,Adrenalina
59725,Sex and the City,2008,Comedy|Romance,5.7,134158,Da vedere in due
59727,"Strangers, The",2008,Horror|Thriller,,,Adrenalina
59729,Savage Grace,2007,Crime|Drama,5.7,12786,Adrenalina
59731,"Bigger, Stronger, Faster*",2008,Documentary,7.5,14102,Domenica impegnativa
59784,Kung Fu Panda,2008,Action|Animation|Children|Comedy|IMAX,7.6,590172,Comfort movie
59795,What Would Jesus Buy?,2007,Comedy|Documentary,6.3,1201,Domenica impegnativa
59900,You Don't Mess with the Zohan,2008,Comedy,5.6,229789,Comfort movie
59908,"Promotion, The",2008,Comedy,,,Comfort movie
59910,And When Did You Last See Your Father?,2007,Drama,6.8,4848,Domenica impegnativa
59915,Stuck,2007,Horror|Thriller,6.4,10868,Adrenalina
59985,Chaos Theory,2007,Comedy|Drama|Romance,6.5,35265,Da vedere in due
59995,Boy A,2007,Crime|Drama,7.5,40242,Adrenalina
60037,"Happening, The",2008,Drama|Sci-Fi|Thriller,,,Adrenalina
60040,"Incredible Hulk, The",2008,Action|Sci-Fi,,,Mente accesa
60044,Baghead,2008,Comedy|Drama|Horror,6.0,5912,Adrenalina
60069,WALL·E,2008,Adventure|Animation|Children|Romance|Sci-Fi,8.4,1341622,Da vedere in due
60072,Wanted,2008,Action|Thriller,6.7,431204,Adrenalina
60074,Hancock,2008,Action|Adventure|Comedy|Crime|Fantasy,6.4,543896,Adrenalina
60126,Get Smart,2008,Action|Comedy,6.5,240406,Comfort movie
60137,"Rape of Europa, The",2006,Documentary,,,Domenica impegnativa
60141,St. Trinian's,2007,Children|Comedy,5.8,25192,Comfort movie
60161,Futurama: The Beast with a Billion Backs,2008,Action|Animation|Comedy|Romance|Sci-Fi,,,Da vedere in due
60201,"Color of Pomegranates, The (Sayat Nova)",1968,Drama,,,Domenica impegnativa
60243,Pocket Money,1972,Comedy|Western,5.4,2207,Comfort movie
60289,Kit Kittredge: An American Girl,2008,Children|Comedy|Drama|Mystery,6.5,6683,Mente accesa
60291,Gonzo: The Life and Work of Dr. Hunter S. Thompson,2008,Documentary,7.6,8828,Domenica impegnativa
60333,Encounters at the End of the World,2008,Documentary,,,Domenica impegnativa
60365,Frosty the Snowman,1969,Animation|Children|Comedy|Fantasy|Musical,,,Comfort movie
60382,Roman Polanski: Wanted and Desired,2008,Documentary,7.2,5370,Domenica impegnativa
60397,Mamma Mia!,2008,Comedy|Musical|Romance,6.5,312125,Da vedere in due
60408,Welcome to the Sticks (Bienvenue chez les Ch'tis),2008,Comedy,,,Comfort movie
60418,Kabluey,2007,Comedy|Drama,6.5,4663,Comfort movie
60471,Rogue,2007,Action|Adventure|Horror|Thriller,6.2,36617,Adrenalina
60482,Towelhead (a.k.a. Nothing is Private),2007,Drama,,,Domenica impegnativa
60487,"It's the Great Pumpkin, Charlie Brown",1966,Animation|Children|Comedy,8.1,24635,Comfort movie
60503,Katyn,2007,Drama|War,7.0,18393,Adrenalina
60514,Journey to the Center of the Earth,2008,Action|Adventure|Sci-Fi,5.8,143089,Mente accesa
60516,Meet Dave,2008,Comedy|Sci-Fi,5.1,46568,Mente accesa
60526,Death Defying Acts,2007,Drama|Romance|Thriller,5.8,10862,Adrenalina
60609,Death Note,2006,Adventure|Crime|Drama|Horror|Mystery,7.5,33596,Adrenalina
60647,Transsiberian,2008,Crime|Drama|Thriller,6.6,56946,Adrenalina
60654,"Last Mistress, The (vieille maîtresse, Une)",2007,Drama,,,Domenica impegnativa
60674,Stargate: Continuum,2008,Sci-Fi,,,Mente accesa
60684,Watchmen,2009,Action|Drama|Mystery|Sci-Fi|Thriller|IMAX,7.6,616409,Adrenalina
60707,Vince Vaughn's Wild West Comedy Show: 30 Days & 30 Nights - Hollywood to the Heartland,2006,Comedy|Documentary,,,Domenica impegnativa
60745,Blast of Silence,1961,Crime|Drama|Thriller,7.4,6492,Adrenalina
60753,Felon,2008,Crime|Drama,7.4,88447,Adrenalina
60756,Step Brothers,2008,Comedy,6.9,344998,Comfort movie
60758,Brideshead Revisited,2008,Drama,6.6,14374,Domenica impegnativa
60760,"X-Files: I Want to Believe, The",2008,Drama|Mystery|Sci-Fi|Thriller,,,Adrenalina
60763,American Teen,2008,Documentary,6.4,4260,Domenica impegnativa
60766,Man on Wire,2008,Documentary,7.7,61391,Domenica impegnativa
60806,"Little Mermaid 2: Return to the Sea, The",2000,Animation|Children|Fantasy|Musical,,,Comfort movie
60937,"Mummy: Tomb of the Dragon Emperor, The",2008,Action|Adventure|Fantasy|Thriller,,,Adrenalina
60939,Swing Vote,2008,Comedy|Drama,6.1,20315,Comfort movie
60948,Bottle Shock,2008,Drama,6.8,19414,Domenica impegnativa
60950,Vicky Cristina Barcelona,2008,Comedy|Drama|Romance,7.1,282531,Da vedere in due
60990,"End of Summer, The (Early Autumn) (Kohayagawa-ke no aki)",1961,Drama,,,Domenica impegnativa
61009,Inside Paris (Dans Paris),2006,Drama,,,Domenica impegnativa
61024,Pineapple Express,2008,Action|Comedy|Crime,6.9,375463,Adrenalina
61071,"Sisterhood of the Traveling Pants 2, The",2008,Adventure|Comedy|Drama|Romance,,,Da vedere in due
61123,High School Musical 2,2007,Comedy|Drama|Musical|Romance,5.3,73129,Da vedere in due
61132,Tropic Thunder,2008,Action|Adventure|Comedy|War,7.1,497611,Adrenalina
61160,Star Wars: The Clone Wars,2008,Action|Adventure|Animation|Sci-Fi,6.0,84458,Mente accesa
61167,Henry Poole is Here,2008,Drama|Mystery,6.4,13399,Domenica impegnativa
61210,Mutant Chronicles,2008,Action|Adventure|Sci-Fi,5.2,27847,Mente accesa
61236,Waltz with Bashir (Vals im Bashir),2008,Animation|Documentary|Drama|War,,,Adrenalina
61240,Let the Right One In (Låt den rätte komma in),2008,Drama|Fantasy|Horror|Romance,,,Adrenalina
61246,Hamlet 2,2008,Comedy,6.4,17923,Comfort movie
61248,Death Race,2008,Action|Adventure|Sci-Fi|Thriller,6.4,229919,Adrenalina
61250,"House Bunny, The",2008,Comedy,,,Comfort movie
61255,"Rocker, The",2008,Comedy,,,Comfort movie
61262,Mirrors,2008,Horror|Mystery|Thriller,6.1,120167,Adrenalina
61312,Noise,2007,Comedy|Drama,6.1,4665,Comfort movie
61323,Burn After Reading,2008,Comedy|Crime|Drama,7.0,380244,Adrenalina
61348,Disaster Movie,2008,Comedy,1.9,98472,Comfort movie
61350,Babylon A.D.,2008,Action|Adventure|Sci-Fi|Thriller,5.5,101297,Adrenalina
61352,Traitor,2008,Crime|Drama|Thriller,6.9,61104,Adrenalina
61394,"Onion Movie, The",2008,Comedy,,,Comfort movie
61401,"Spirit, The",2008,Action|Comedy|Fantasy|Thriller,,,Adrenalina
61406,John Adams,2008,Drama,,,Domenica impegnativa
61465,Bangkok Dangerous,2008,Action|Crime|Thriller,5.3,59878,Adrenalina
61634,Son of Lassie,1945,Children|Drama,6.4,1042,Comfort movie
61697,Righteous Kill,2008,Crime|Mystery|Thriller,6.0,96692,Adrenalina
61729,Ghost Town,2008,Comedy|Fantasy|Romance,6.7,83203,Da vedere in due
61862,In Bed (En la cama),2005,Drama,,,Domenica impegnativa
61950,Boot Camp,2007,Thriller,,,Adrenalina
61986,Appaloosa,2008,Western,6.7,68435,Venerdi leggero
62049,1984,1956,Drama|Sci-Fi,6.9,4963,Domenica impegnativa
62081,Eagle Eye,2008,Action|Crime|Thriller|IMAX,6.6,202979,Adrenalina
62115,Six Shooter,2004,Comedy|Drama,,,Comfort movie
62155,Nick and Norah's Infinite Playlist,2008,Comedy|Drama|Romance,6.6,97719,Da vedere in due
62198,Marjoe,1972,Documentary,7.4,1948,Domenica impegnativa
62203,Martyrs,2008,Horror,7.0,122742,Adrenalina
62245,"Music Room, The (Jalsaghar)",1958,Drama,,,Domenica impegnativa
62250,Gomorrah (Gomorra),2008,Crime|Drama,,,Adrenalina
62293,"Duchess, The",2008,Drama|Romance,,,Da vedere in due
62336,FLCL,2000,Animation|Comedy|Fantasy|Sci-Fi,,,Mente accesa
62374,Body of Lies,2008,Action|Drama|Thriller,7.0,252303,Adrenalina
62376,City of Ember,2008,Adventure|Children|Sci-Fi,6.4,73481,Mente accesa
62394,Max Payne,2008,Action|Crime|Drama|Thriller,5.3,134931,Adrenalina
62434,Zack and Miri Make a Porno,2008,Comedy|Drama|Romance,6.5,187472,Da vedere in due
62437,W.,2008,Drama,6.3,51721,Domenica impegnativa
62511,"Synecdoche, New York",2008,Comedy|Drama,7.5,105896,Comfort movie
62526,"Drowning Pool, The",1975,Mystery|Thriller,,,Adrenalina
62553,"Secret Life of Bees, The",2008,Drama,,,Domenica impegnativa
62577,Flash of Genius,2008,Drama,7.0,18417,Domenica impegnativa
62644,"Wave, The (Welle, Die)",2008,Drama,,,Domenica impegnativa
62718,"Angus, Thongs and Perfect Snogging",2008,Comedy|Romance,6.3,32161,Da vedere in due
62721,Bad Eggs,2003,Comedy|Thriller,6.2,1835,Adrenalina
62733,Quarantine,2008,Drama|Horror|Mystery|Thriller,6.0,84685,Adrenalina
62792,Pride and Glory,2008,Crime|Drama,6.6,65885,Adrenalina
62849,RocknRolla,2008,Action|Crime,7.2,276916,Adrenalina
62912,High School Musical 3: Senior Year,2008,Musical,5.1,73517,Comfort movie
62956,Futurama: Bender's Game,2008,Action|Adventure|Animation|Comedy|Fantasy|Sci-Fi,,,Mente accesa
62999,Madagascar: Escape 2 Africa,2008,Action|Adventure|Animation|Children|Comedy|IMAX,6.7,275339,Comfort movie
63033,Blindness,2008,Drama|Mystery|Romance|Thriller,6.5,77506,Adrenalina
63062,Changeling,2008,Crime|Drama|Mystery,7.7,276575,Adrenalina
63072,"Road, The",2009,Adventure|Drama|Thriller,,,Adrenalina
63082,Slumdog Millionaire,2008,Crime|Drama|Romance,8.0,915445,Adrenalina
63113,Quantum of Solace,2008,Action|Adventure|Thriller,6.5,503090,Adrenalina
63131,Role Models,2008,Comedy,6.8,253421,Comfort movie
63189,Sauna,2008,Horror|Mystery,6.2,7864,Adrenalina
63239,Cinderella,1997,Children|Fantasy|Musical|Romance,6.8,11035,Da vedere in due
63393,Camp Rock,2008,Comedy|Musical|Romance,5.3,42357,Da vedere in due
63433,Farscape: The Peacekeeper Wars,2004,Action|Adventure|Sci-Fi,,,Mente accesa
63446,"Christmas Tale, A (Un conte de Noël)",2008,Comedy|Drama,,,Comfort movie
63479,Sex Drive,2008,Comedy,6.5,96713,Comfort movie
63515,The Island,2006,Drama|Mystery,7.8,13423,Domenica impegnativa
63540,Beverly Hills Chihuahua,2008,Adventure|Children|Comedy,4.0,27771,Comfort movie
63808,"Class, The (Entre les murs)",2008,Drama,,,Domenica impegnativa
63853,Australia,2008,Adventure|Drama|War|Western,6.6,134357,Adrenalina
63859,Bolt,2008,Action|Adventure|Animation|Children|Comedy,6.8,251263,Comfort movie
63876,Milk,2008,Drama,7.5,186980,Domenica impegnativa
63992,Twilight,2008,Drama|Fantasy|Romance|Thriller,5.4,534138,Adrenalina
64030,Transporter 3,2008,Action|Adventure|Crime|Thriller,6.1,187113,Adrenalina
64034,"Boy in the Striped Pajamas, The (Boy in the Striped Pyjamas, The)",2008,Drama|War,,,Adrenalina
64116,Igor,2008,Animation|Comedy,5.9,25232,Comfort movie
64167,Dinotopia,2002,Adventure|Fantasy,,,Venerdi leggero
64197,Hunger,2008,Drama,7.5,76966,Domenica impegnativa
64231,Punisher: War Zone,2008,Action|Crime|Drama|Thriller,5.9,71997,Adrenalina
64285,Wallace and Gromit in 'A Matter of Loaf and Death',2008,Animation|Comedy,,,Comfort movie
64497,"Day the Earth Stood Still, The",2008,Drama|Sci-Fi|Thriller|IMAX,,,Adrenalina
64499,Che: Part One,2008,Drama|War,7.1,50046,Adrenalina
64508,Starship Troopers 3: Marauder,2008,Action|Sci-Fi|War,,,Adrenalina
64575,Doubt,2008,Drama|Mystery,7.5,148679,Domenica impegnativa
64614,Gran Torino,2008,Crime|Drama,8.1,870236,Adrenalina
64620,Frost/Nixon,2008,Drama,7.6,116403,Domenica impegnativa
64622,"Reader, The",2008,Drama|Romance,,,Da vedere in due
64695,Sword of the Stranger (Sutorejia: Mukô hadan),2007,Action|Adventure|Animation,,,Comfort movie
64716,Seven Pounds,2008,Drama,7.6,327948,Domenica impegnativa
64839,"Wrestler, The",2008,Drama,,,Domenica impegnativa
64930,"More the Merrier, The",1943,Comedy|Romance,,,Da vedere in due
64957,"Curious Case of Benjamin Button, The",2008,Drama|Fantasy|Mystery|Romance,,,Da vedere in due
64969,Yes Man,2008,Comedy,6.8,408783,Comfort movie
64983,Valkyrie,2008,Drama|Thriller|War,7.1,277115,Adrenalina
64993,5 Centimeters per Second (Byôsoku 5 senchimêtoru),2007,Animation|Drama|Romance,,,Da vedere in due
64997,War of the Worlds,2005,Action|Sci-Fi,6.6,513801,Mente accesa
65037,Ben X,2007,Drama,7.3,19820,Domenica impegnativa
65088,Bedtime Stories,2008,Adventure|Children|Comedy,6.1,107192,Comfort movie
65126,Choke,2008,Comedy|Drama,6.4,35013,Comfort movie
65130,Revolutionary Road,2008,Drama|Romance,7.3,238576,Da vedere in due
65135,Blackadder's Christmas Carol,1988,Comedy,7.9,14770,Comfort movie
65188,Dear Zachary: A Letter to a Son About His Father,2008,Documentary,8.5,46600,Domenica impegnativa
65216,Defiance,2008,Drama|Thriller|War,7.1,161811,Adrenalina
65225,Zeitgeist: Addendum,2008,Documentary,,,Domenica impegnativa
65230,Marley & Me,2008,Comedy|Drama,7.0,176908,Comfort movie
65261,Ponyo (Gake no ue no Ponyo),2008,Adventure|Animation|Children|Fantasy,,,Comfort movie
65435,Open Season 2,2008,Adventure|Animation|Children|Comedy,5.5,29763,Comfort movie
65465,Last Chance Harvey,2008,Drama|Romance,6.6,23430,Da vedere in due
65514,Ip Man,2008,Action|Drama|War,8.0,245254,Adrenalina
65558,"Recruiter, The",2008,Documentary,,,Domenica impegnativa
65577,"Tale of Despereaux, The",2008,Adventure|Animation|Children|Comedy|Fantasy,,,Comfort movie
65585,Bride Wars,2009,Comedy|Romance,5.5,125285,Da vedere in due
65601,My Bloody Valentine 3-D,2009,Horror|Thriller,,,Adrenalina
65612,Castaway,1986,Adventure|Drama,5.8,3747,Domenica impegnativa
65642,"Timecrimes (Cronocrímenes, Los)",2007,Sci-Fi|Thriller,,,Adrenalina
65682,Underworld: Rise of the Lycans,2009,Action|Fantasy|Horror|Thriller,6.5,176318,Adrenalina
65685,Inkheart,2008,Adventure|Fantasy,6.1,85970,Venerdi leggero
65731,"Alphabet Killer, The",2008,Crime,,,Adrenalina
65802,Paul Blart: Mall Cop,2009,Action|Comedy|Crime,5.3,126453,Adrenalina
65810,Notorious,2009,Drama|Musical,6.7,48303,Comfort movie
65817,Donkey Punch,2008,Horror|Thriller,5.2,12066,Adrenalina
65868,Repo! The Genetic Opera,2008,Fantasy|Horror|Musical,6.4,28748,Adrenalina
66019,"Great Ecstasy of Woodcarver Steiner, The (Große Ekstase des Bildschnitzers Steiner, Die)",1974,Documentary,,,Domenica impegnativa
66066,"Grudge 3, The",2009,Horror,,,Adrenalina
66097,Coraline,2009,Animation|Fantasy|Thriller,7.8,305931,Adrenalina
66130,Chocolate,2008,Action|Drama,6.9,19889,Domenica impegnativa
66171,Push,2009,Sci-Fi|Thriller,6.1,120135,Adrenalina
66200,Two Lovers,2008,Drama|Romance,7.0,46369,Da vedere in due
66203,He's Just Not That Into You,2009,Comedy|Drama|Romance,6.4,197728,Da vedere in due
66297,Futurama: Into the Wild Green Yonder,2009,Action|Animation|Comedy|Sci-Fi,,,Mente accesa
66320,"11th Hour, The",2007,Documentary,,,Domenica impegnativa
66371,Departures (Okuribito),2008,Drama,,,Domenica impegnativa
66385,Taking Chance,2009,Drama|War,7.4,18880,Adrenalina
66509,Funny People,2009,Comedy|Drama,6.3,127873,Comfort movie
66544,Nuremberg,2000,Drama|War,,,Adrenalina
66665,Away We Go,2009,Comedy|Drama|Romance,7.0,56841,Da vedere in due
66691,"Thick as Thieves (a.k.a. Code, The)",2009,Crime,,,Adrenalina
66744,"Divo, Il",2008,Drama,,,Domenica impegnativa
66783,Friday the 13th,2009,Horror,5.5,128060,Adrenalina
66798,"Pink Panther 2, The",2009,Adventure|Comedy|Mystery,,,Mente accesa
66915,Rock-A-Doodle,1991,Adventure|Animation|Children|Musical,6.0,11658,Comfort movie
66934,Dr. Horrible's Sing-Along Blog,2008,Comedy|Drama|Musical|Sci-Fi,,,Mente accesa
67073,Day of the Dead,2008,Horror,,,Adrenalina
67087,"I Love You, Man",2009,Comedy,7.0,227058,Comfort movie
67138,Live Free or Die,2006,Comedy|Crime,5.4,2590,Adrenalina
67168,Dance of the Dead,2008,Adventure|Comedy|Horror,5.8,12382,Adrenalina
67186,"Haunting in Connecticut, The",2009,Horror|Thriller,,,Adrenalina
67193,Duplicity,2009,Crime|Romance|Thriller,6.1,54079,Adrenalina
67197,Knowing,2009,Action|Drama|Mystery|Sci-Fi|Thriller,6.2,264075,Adrenalina
67223,Sugar,2008,Drama,7.1,5552,Domenica impegnativa
67252,Ong-Bak 2: The Beginning (Ong Bak 2),2008,Action,,,Venerdi leggero
67255,"Girl with the Dragon Tattoo, The (Män som hatar kvinnor)",2009,Crime|Drama|Mystery|Thriller,,,Adrenalina
67257,Bloodbath at the House of Death,1984,Comedy|Horror,5.0,3552,Adrenalina
67267,Sunshine Cleaning,2008,Comedy|Drama,6.8,76489,Comfort movie
67295,Kung Fu Panda: Secrets of the Furious Five,2008,Action|Animation|Children|Comedy,,,Comfort movie
67361,Echelon Conspiracy,2009,Action|Mystery|Thriller,5.7,20414,Adrenalina
67408,Monsters vs. Aliens,2009,Animation|Sci-Fi|IMAX,6.4,191379,Mente accesa
67459,Chaos,2005,Crime|Drama|Horror,6.4,60966,Adrenalina
67508,"Baader Meinhof Komplex, Der",2008,Action|Crime|Drama|Thriller,,,Adrenalina
67534,Big Stan,2007,Comedy,6.2,53434,Comfort movie
67607,We Live in Public,2009,Documentary,7.1,2091,Domenica impegnativa
67665,Anvil! The Story of Anvil,2008,Documentary|Musical,7.9,17463,Domenica impegnativa
67695,Observe and Report,2009,Action|Comedy,5.8,67759,Comfort movie
67734,Adventureland,2009,Comedy|Drama,6.8,175444,Comfort movie
67788,Confessions of a Shopaholic,2009,Comedy|Romance,5.9,89964,Da vedere in due
67799,The Butterfly Effect 3: Revelations,2009,Drama|Fantasy|Sci-Fi|Thriller,5.5,21852,Adrenalina
67871,Rest Stop,2006,Horror|Thriller,,,Adrenalina
67923,"Fast & Furious (Fast and the Furious 4, The)",2009,Action|Crime|Drama|Thriller,,,Adrenalina
67949,"Exterminating Angels, The (anges exterminateurs, Les)",2006,Drama|Fantasy|Romance,,,Da vedere in due
67957,Superstar: The Karen Carpenter Story,1988,Drama|Musical,,,Comfort movie
67997,In the Loop,2009,Comedy,7.4,64567,Comfort movie
68073,"Boat That Rocked, The (a.k.a. Pirate Radio)",2009,Comedy|Drama,,,Comfort movie
68135,17 Again,2009,Comedy|Drama,6.4,234249,Comfort movie
68157,Inglourious Basterds,2009,Action|Drama|War,8.4,1817867,Adrenalina
68159,State of Play,2009,Crime|Drama|Thriller,7.1,167485,Adrenalina
68194,"Damned United, The",2009,Drama,,,Domenica impegnativa
68205,Crank: High Voltage,2009,Action|Comedy|Crime,6.1,168679,Adrenalina
68237,Moon,2009,Drama|Mystery|Sci-Fi|Thriller,7.8,398467,Adrenalina
68269,"Young Victoria, The",2009,Drama|Romance,,,Da vedere in due
68288,"Informers, The",2008,Crime|Drama|Thriller,,,Adrenalina
68319,X-Men Origins: Wolverine,2009,Action|Sci-Fi|Thriller,6.5,575594,Adrenalina
68358,Star Trek,2009,Action|Adventure|Sci-Fi|IMAX,7.9,641314,Mente accesa
68519,S. Darko (S. Darko: A Donnie Darko Tale),2009,Crime|Mystery|Sci-Fi|Thriller,,,Adrenalina
68522,Earth,2007,Documentary,7.9,14989,Domenica impegnativa
68552,Crossing Over,2009,Drama,6.7,25627,Domenica impegnativa
68554,Angels & Demons,2009,Crime|Drama|Mystery|Thriller,6.7,328499,Adrenalina
68659,Fanboys,2008,Adventure|Comedy|Drama,,,Comfort movie
68690,Love Songs (Les chansons d'amour),2007,Drama|Musical,,,Comfort movie
68791,Terminator Salvation,2009,Action|Adventure|Sci-Fi|Thriller,6.5,395354,Adrenalina
68793,Night at the Museum: Battle of the Smithsonian,2009,Action|Comedy|IMAX,6.0,232384,Comfort movie
68838,Every Little Step,2008,Documentary,7.7,1762,Domenica impegnativa
68848,"Brothers Bloom, The",2008,Adventure|Comedy|Crime|Romance,,,Adrenalina
68858,Vincere,2009,Drama|Romance,6.9,6157,Da vedere in due
68923,Catacombs,2007,Horror|Thriller,4.5,9942,Adrenalina
68932,"Soloist, The",2009,Drama|Musical,,,Comfort movie
68941,"Last House on the Left, The",2009,Drama|Horror|Thriller,,,Adrenalina
68945,Neon Genesis Evangelion: Death & Rebirth (Shin seiki Evangelion Gekijô-ban: Shito shinsei),1997,Action|Animation|Mystery|Sci-Fi,,,Mente accesa
68952,Drag Me to Hell,2009,Comedy|Horror,6.6,233122,Adrenalina
68954,Up,2009,Adventure|Animation|Children|Drama,8.3,1255945,Comfort movie
68956,Late Autumn (Akibiyori),1960,Comedy|Drama,,,Comfort movie
68965,Dance Flick,2009,Comedy|Musical,3.7,13527,Comfort movie
69069,Fired Up,2009,Comedy,6.1,48709,Comfort movie
69088,"War Game, The",1965,Documentary|Drama|War,,,Adrenalina
69122,"Hangover, The",2009,Comedy|Crime,,,Adrenalina
69134,Antichrist,2009,Drama|Fantasy,6.5,146172,Domenica impegnativa
69140,Sweeney Todd,2006,Crime|Drama|Horror|Thriller,6.8,3607,Adrenalina
69251,Special,2006,Drama|Fantasy,6.7,6056,Domenica impegnativa
69278,Land of the Lost,2009,Action|Adventure|Comedy|Sci-Fi,5.4,80867,Mente accesa
69306,"Taking of Pelham 1 2 3, The",2009,Crime|Drama|Thriller,,,Adrenalina
69324,Flame and Citron (Flammen & Citronen),2008,Action|Drama|War,,,Adrenalina
69339,Chain Reaction,2006,Horror,,,Adrenalina
69394,"Stoning of Soraya M., The",2008,Crime|Drama,,,Adrenalina
69406,"Proposal, The",2009,Comedy|Romance,,,Da vedere in due
69436,Year One,2009,Adventure|Comedy,5.0,109525,Comfort movie
69458,Tyson,2008,Documentary,7.4,13240,Domenica impegnativa
69481,"Hurt Locker, The",2008,Action|Drama|Thriller|War,,,Adrenalina
69493,Tu£sday,2008,Action|Crime|Mystery|Thriller,5.1,650,Adrenalina
69524,Raiders of the Lost Ark: The Adaptation,1989,Action|Adventure|Thriller,,,Adrenalina
69526,Transformers: Revenge of the Fallen,2009,Action|Adventure|Sci-Fi|IMAX,6.0,458641,Mente accesa
69604,Whatever Works,2009,Comedy|Romance,7.1,79627,Da vedere in due
69606,Ghosts of Girlfriends Past,2009,Comedy|Fantasy|Romance,5.8,101015,Da vedere in due
69640,Public Enemies,2009,Crime|Drama|Thriller,6.9,337148,Adrenalina
69644,Ice Age: Dawn of the Dinosaurs,2009,Action|Adventure|Animation|Children|Comedy|Romance,6.9,289559,Da vedere in due
69712,My Sister's Keeper,2009,Drama,7.3,103508,Domenica impegnativa
69757,(500) Days of Summer,2009,Comedy|Drama|Romance,7.6,627483,Da vedere in due
69784,Brüno (Bruno),2009,Comedy,,,Comfort movie
69818,Franklyn,2008,Drama|Fantasy|Romance|Thriller,6.0,18660,Adrenalina
69830,Iron Maiden: Flight 666,2009,Documentary,8.3,5948,Domenica impegnativa
69844,Harry Potter and the Half-Blood Prince,2009,Adventure|Fantasy|Mystery|Romance|IMAX,7.6,670542,Da vedere in due
69849,Roots,1977,Drama|War,,,Adrenalina
69860,Eichmann,2007,Drama|War,5.9,3804,Adrenalina
69917,Slap Shot 2: Breaking the Ice,2002,Comedy,,,Comfort movie
69951,"Imaginarium of Doctor Parnassus, The",2009,Drama|Fantasy,,,Domenica impegnativa
70008,Kill Your Darlings,2006,Comedy|Drama,4.5,974,Comfort movie
70062,Judas Kiss,1998,Crime|Drama|Thriller,6.1,4432,Adrenalina
70159,Orphan,2009,Drama|Horror|Mystery|Thriller,7.0,280759,Adrenalina
70173,Afterburn,1992,Drama,6.1,737,Domenica impegnativa
70183,"Ugly Truth, The",2009,Comedy|Drama|Romance,,,Da vedere in due
70208,"Perfect Getaway, A",2009,Horror|Thriller,,,Adrenalina
70282,Aliens in the Attic,2009,Adventure|Children|Fantasy|Sci-Fi,5.5,26466,Mente accesa
70286,District 9,2009,Mystery|Sci-Fi|Thriller,7.9,757696,Adrenalina
70293,Julie & Julia,2009,Comedy|Drama|Romance,7.0,137510,Da vedere in due
70305,Race to Witch Mountain,2009,Adventure|Children|Fantasy|Sci-Fi|Thriller,5.7,66852,Adrenalina
70336,G.I. Joe: The Rise of Cobra,2009,Action|Adventure|Sci-Fi|Thriller,5.7,222664,Adrenalina
70344,Cold Souls,2009,Comedy|Drama,6.4,10666,Comfort movie
70361,12 Rounds,2009,Action|Thriller,5.6,32014,Adrenalina
70488,Wings of Hope (Julianes Sturz in den Dschungel),2000,Adventure|Documentary,,,Domenica impegnativa
70495,Kill Buljo: The Movie,2007,Action|Comedy,5.7,4430,Comfort movie
70533,Evangelion: 1.0 You Are (Not) Alone (Evangerion shin gekijôban: Jo),2007,Action|Animation|Sci-Fi,,,Mente accesa
70567,Adam,2009,Drama|Romance,7.1,36944,Da vedere in due
70599,"Time Traveler's Wife, The",2009,Drama|Romance|Sci-Fi,,,Da vedere in due
70641,Miss March,2009,Comedy,5.0,23152,Comfort movie
70643,Bandslam,2009,Comedy|Drama|Musical,6.3,15701,Comfort movie
70728,Bronson,2009,Action|Comedy|Drama|Thriller,,,Adrenalina
70824,"Cell 2, The",2009,Horror|Sci-Fi|Thriller,,,Adrenalina
70862,It Might Get Loud,2008,Documentary,7.6,14043,Domenica impegnativa
70898,Post Grad,2009,Comedy,5.3,15742,Comfort movie
70984,Taking Woodstock,2009,Comedy,6.7,31006,Comfort movie
70994,Halloween II,2009,Horror|Thriller,4.8,64705,Adrenalina
71011,Five Graves to Cairo,1943,Thriller|War,7.3,7725,Adrenalina
71033,"Secret in Their Eyes, The (El secreto de sus ojos)",2009,Crime|Drama|Mystery|Romance|Thriller,,,Adrenalina
71057,9,2009,Adventure|Animation|Sci-Fi,7.0,158624,Mente accesa
71069,Green Street Hooligans 2,2009,Action|Crime|Drama,,,Adrenalina
71106,Frequently Asked Questions About Time Travel,2009,Comedy|Sci-Fi,6.9,38992,Mente accesa
71108,"White Ribbon, The (Das weiße Band)",2009,Drama|Mystery,,,Domenica impegnativa
71131,"Most Hated Family in America, The",2007,Documentary,,,Domenica impegnativa
71135,Pandorum,2009,Horror|Sci-Fi|Thriller,6.7,169320,Adrenalina
71156,"Men Who Stare at Goats, The",2009,Action|Comedy|Drama,,,Comfort movie
71205,Jennifer's Body,2009,Comedy|Horror|Sci-Fi|Thriller,5.6,177976,Adrenalina
71211,"Informant!, The",2009,Comedy|Crime|Drama|Thriller,,,Adrenalina
71252,"Final Destination, The (Final Destination 4) (Final Destination in 3-D, The)",2009,Horror|Thriller,,,Adrenalina
71254,Gamer,2009,Action|Sci-Fi|Thriller,5.7,144652,Adrenalina
71264,Cloudy with a Chance of Meatballs,2009,Animation|Children|Fantasy|IMAX,6.9,290107,Comfort movie
71282,"Food, Inc.",2008,Documentary,7.8,52974,Domenica impegnativa
71304,Thirst (Bakjwi),2009,Drama|Horror,,,Adrenalina
71322,Forbidden Fruit (Kielletty hedelmä),2009,Drama,,,Domenica impegnativa
71325,Love Happens,2009,Comedy|Drama|Romance,5.7,36125,Da vedere in due
71379,Paranormal Activity,2009,Horror|Thriller,,,Adrenalina
71429,World's Greatest Dad,2009,Comedy|Drama,6.8,42514,Comfort movie
71450,Capitalism: A Love Story,2009,Documentary,7.4,44365,Domenica impegnativa
71460,Wanted,2009,Action|Romance,6.6,29847,Da vedere in due
71462,"Cove, The",2009,Documentary,,,Domenica impegnativa
71464,"Serious Man, A",2009,Comedy|Drama,,,Comfort movie
71466,City Island,2009,Comedy|Drama,7.3,33554,Comfort movie
71468,Ink,2009,Action|Fantasy|Sci-Fi,6.8,22989,Mente accesa
71472,"Cameraman's Revenge, The (Mest kinematograficheskogo operatora)",1912,Animation|Comedy,,,Comfort movie
71482,Yatterman (Yattâman),2009,Action|Comedy|Fantasy,,,Comfort movie
71490,Grace,2009,Drama|Horror|Thriller,5.2,8468,Adrenalina
71500,Trick 'r Treat,2007,Comedy|Horror|Thriller,6.7,115396,Adrenalina
71518,Whip It,2009,Comedy|Drama,6.9,72664,Comfort movie
71520,"Invention of Lying, The",2009,Comedy,,,Comfort movie
71530,Surrogates,2009,Action|Sci-Fi|Thriller,6.3,185690,Adrenalina
71535,Zombieland,2009,Action|Comedy|Horror,7.5,674273,Adrenalina
71537,Fame,2009,Comedy|Drama|Musical|Romance,5.0,17412,Da vedere in due
71542,"September Issue, The",2009,Documentary,,,Domenica impegnativa
71573,Whiteout,2009,Action|Crime|Drama|Mystery|Thriller,5.5,42683,Adrenalina
71579,"Education, An",2009,Drama|Romance,,,Da vedere in due
71670,All About Steve,2009,Comedy,4.8,46567,Comfort movie
71728,Gayniggers From Outer Space,1992,Comedy|Sci-Fi,,,Mente accesa
71732,I Sell the Dead,2008,Comedy|Horror,6.0,11613,Adrenalina
71745,Where the Wild Things Are,2009,Adventure|Children|Drama|Fantasy|IMAX,6.7,112635,Comfort movie
71823,"New York, I Love You",2009,Drama|Romance,,,Da vedere in due
71838,Law Abiding Citizen,2009,Drama|Thriller,7.4,349284,Adrenalina
71899,Mary and Max,2009,Animation|Comedy|Drama,8.1,203322,Comfort movie
71902,Spread,2009,Drama|Romance,5.8,43571,Da vedere in due
72011,Up in the Air,2009,Drama|Romance,7.4,362836,Da vedere in due
72041,Tormented,2009,Comedy|Horror,5.1,6716,Adrenalina
72131,Michael Jackson's This Is It,2009,Documentary|Musical|IMAX,7.2,44253,Domenica impegnativa
72167,"Boondock Saints II: All Saints Day, The",2009,Action|Crime|Drama|Thriller,,,Adrenalina
72171,Black Dynamite,2009,Action|Comedy,7.4,54807,Comfort movie
72176,Big Fan,2009,Comedy|Crime|Drama,6.6,10264,Adrenalina
72226,Fantastic Mr. Fox,2009,Adventure|Animation|Children|Comedy|Crime,7.9,310538,Adrenalina
72294,"Christmas Carol, A",2009,Animation|Children|Drama|Fantasy|IMAX,,,Comfort movie
72308,Battlestar Galactica: The Plan,2009,Action|Adventure|Drama|Sci-Fi,,,Domenica impegnativa
72356,Partly Cloudy,2009,Animation|Children|Comedy|Fantasy,,,Comfort movie
72378,2012,2009,Action|Drama|Sci-Fi|Thriller,5.9,426937,Adrenalina
72380,"Box, The",2009,Drama|Horror|Mystery|Sci-Fi|Thriller,,,Adrenalina
72386,Broken Embraces (Los abrazos rotos),2009,Drama|Romance|Thriller,,,Adrenalina
72395,Precious,2009,Drama,7.3,121921,Domenica impegnativa
72405,Bad Lieutenant: Port of Call New Orleans,2009,Crime|Drama,6.6,85289,Adrenalina
72407,"Twilight Saga: New Moon, The",2009,Drama|Fantasy|Horror|Romance|Thriller,,,Adrenalina
72479,"Messenger, The",2009,Drama|Romance|War,,,Adrenalina
72483,Keith,2008,Drama|Romance,7.3,38540,Da vedere in due
72591,"Patriot, The",1998,Action|Thriller,,,Adrenalina
72605,Brothers,2009,Drama|Thriller|War,7.1,176953,Adrenalina
72641,"Blind Side, The",2009,Drama,,,Domenica impegnativa
72692,Mickey's Once Upon a Christmas,1999,Animation|Comedy|Fantasy,,,Comfort movie
72696,Old Dogs,2009,Comedy,5.3,41061,Comfort movie
72701,Planet 51,2009,Adventure|Animation|Children|Comedy|Sci-Fi,6.0,62653,Mente accesa
72720,"Single Man, A",2009,Drama,,,Domenica impegnativa
72731,"Lovely Bones, The",2009,Crime|Drama|Fantasy|Horror|Thriller,,,Adrenalina
72733,Invictus,2009,Drama,7.3,175575,Domenica impegnativa
72737,"Princess and the Frog, The",2009,Animation|Children|Fantasy|Musical|Romance,,,Da vedere in due
72741,Everybody's Fine,2009,Drama,7.1,68052,Domenica impegnativa
72762,Armored,2009,Action|Drama|Thriller,5.7,32858,Adrenalina
72787,Doghouse,2009,Comedy|Horror,6.0,23703,Adrenalina
72852,Judex,1963,Action|Crime|Drama,7.0,3215,Adrenalina
72919,Did You Hear About the Morgans?,2009,Comedy|Crime|Drama|Romance,5.0,45261,Adrenalina
72982,Alice,2009,Action|Adventure|Fantasy,,,Venerdi leggero
72998,Avatar,2009,Action|Adventure|Sci-Fi|IMAX,7.9,1515859,Mente accesa
73000,Nine,2009,Drama|Musical|Romance,5.8,46701,Da vedere in due
73015,It's Complicated,2009,Comedy|Romance,6.6,104380,Da vedere in due
73017,Sherlock Holmes,2009,Action|Crime|Mystery|Thriller,7.5,711487,Adrenalina
73023,Crazy Heart,2009,Drama|Romance,7.2,99737,Da vedere in due
73027,The Last Station,2009,Drama,6.9,19898,Domenica impegnativa
73042,Alvin and the Chipmunks: The Squeakquel,2009,Animation|Children|Comedy|Musical,4.6,62224,Comfort movie
73106,American Pie Presents: The Book of Love (American Pie 7: The Book of Love),2009,Comedy,,,Comfort movie
73168,Carriers,2009,Drama|Horror|Thriller,5.9,53707,Adrenalina
73211,Pontypool,2008,Horror|Thriller,6.5,38866,Adrenalina
73266,Youth in Revolt,2009,Comedy|Drama|Romance,6.4,78356,Da vedere in due
73268,Daybreakers,2010,Action|Drama|Horror|Thriller,,,Adrenalina
73276,"Age of Stupid, The",2009,Documentary,,,Domenica impegnativa
73319,Leap Year,2010,Comedy|Romance,6.5,117456,Da vedere in due
73321,"Book of Eli, The",2010,Action|Adventure|Drama,,,Domenica impegnativa
73323,"Girl Who Kicked the Hornet's Nest, The (Luftslottet som sprängdes)",2009,Action|Crime|Mystery,,,Adrenalina
73344,"Prophet, A (Un Prophète)",2009,Crime|Drama,,,Adrenalina
73392,Collapse,2009,Documentary,7.7,6925,Domenica impegnativa
73462,Ernest Goes to School,1994,Children|Comedy|Drama,4.7,3300,Comfort movie
73469,Mr. Warmth: The Don Rickles Project,2007,Documentary,7.6,1448,Domenica impegnativa
73494,Theodora Goes Wild,1936,Comedy|Romance,7.1,3294,Da vedere in due
73511,Horsemen,2009,Crime|Drama|Horror|Mystery|Thriller,5.5,26080,Adrenalina
73513,"Swades: We, the People (Our Country)",2004,Drama,,,Domenica impegnativa
73587,Soul Kitchen,2009,Comedy,7.2,42957,Comfort movie
73854,"Rudolph, the Red-Nosed Reindeer",1964,Adventure|Animation|Children|Fantasy|Musical,8.0,42663,Comfort movie
73860,Nowhere Boy,2009,Drama,7.1,41145,Domenica impegnativa
73870,"Thaw, The",2009,Horror|Sci-Fi|Thriller,,,Adrenalina
73881,3 Idiots,2009,Comedy|Drama|Romance,8.4,489602,Da vedere in due
74089,Peter Pan,1960,Children|Fantasy|Musical,7.4,2600,Comfort movie
74148,More Than a Game,2008,Documentary,7.6,5848,Domenica impegnativa
74152,Zach Galifianakis: Live at the Purple Onion,2006,Comedy|Documentary,,,Domenica impegnativa
74154,When in Rome,2010,Comedy|Romance,5.5,67434,Da vedere in due
74156,Edge of Darkness,2010,Drama|Thriller,6.6,104193,Adrenalina
74228,Triangle,2009,Drama|Horror|Mystery|Thriller,6.9,152133,Adrenalina
74257,"Ambulance, The",1990,Thriller,,,Adrenalina
74275,I Love You Phillip Morris,2009,Comedy|Drama|Romance,6.6,104267,Da vedere in due
74282,Anne of Green Gables: The Sequel (a.k.a. Anne of Avonlea),1987,Children|Drama|Romance,,,Da vedere in due
74324,Temple Grandin,2010,Drama,8.2,37413,Domenica impegnativa
74436,Body Bags,1993,Comedy|Horror|Sci-Fi|Thriller,6.2,14703,Adrenalina
74450,Valentine's Day,2010,Comedy|Romance,5.8,131926,Da vedere in due
74452,"Wolfman, The",2010,Horror|Thriller,,,Adrenalina
74458,Shutter Island,2010,Drama|Mystery|Thriller,8.2,1683760,Adrenalina
74488,Ondine,2009,Drama|Fantasy|Romance,6.8,23706,Da vedere in due
74508,Persuasion,2007,Drama|Romance,7.4,17982,Da vedere in due
74510,"Girl Who Played with Fire, The (Flickan som lekte med elden)",2009,Action|Crime|Drama|Mystery|Thriller,,,Adrenalina
74530,Percy Jackson & the Olympians: The Lightning Thief,2010,Adventure|Fantasy,5.9,218066,Venerdi leggero
74532,Cop Out,2010,Action|Comedy|Crime,5.5,92906,Adrenalina
74541,Trailer Park Boys: Countdown to Liquor Day,2009,Comedy|Crime,7.3,8343,Adrenalina
74545,"Ghost Writer, The",2010,Drama|Mystery|Thriller,,,Adrenalina
74573,"Vicious Kind, The",2009,Comedy|Drama,,,Comfort movie
74668,District 13: Ultimatum (Banlieue 13 - Ultimatum),2009,Action|Sci-Fi,,,Mente accesa
74685,"Crazies, The",2010,Action|Drama|Horror|Sci-Fi|Thriller,,,Adrenalina
74688,Dear John,2010,Drama|Romance|War,6.3,164929,Adrenalina
74696,Last Train Home,2009,Documentary|Drama,7.6,3839,Domenica impegnativa
74750,[REC]²,2009,Horror|Thriller,6.5,85634,Adrenalina
74752,Cabin Fever 2: Spring Fever,2009,Horror|Thriller,4.3,16494,Adrenalina
74754,"Room, The",2003,Comedy|Drama|Romance,,,Da vedere in due
74789,Alice in Wonderland,2010,Adventure|Fantasy|IMAX,6.4,472573,Venerdi leggero
74795,Green Zone,2010,Action|Drama|Thriller|War,6.8,148675,Adrenalina
74851,From Paris with Love,2010,Action|Crime,6.4,128217,Adrenalina
74868,Dorian Gray,2009,Drama|Horror|Sci-Fi,6.2,71570,Adrenalina
74916,Greenberg,2010,Comedy|Drama,6.1,40440,Comfort movie
74944,Brooklyn's Finest,2010,Crime|Drama|Thriller,,,Adrenalina
74946,She's Out of My League,2010,Comedy,6.4,154657,Comfort movie
74948,Harry Brown,2009,Crime|Drama|Thriller,7.2,95273,Adrenalina
75341,Remember Me,2010,Drama|Romance,7.1,166180,Da vedere in due
75406,"Carter, The",2009,Documentary,,,Domenica impegnativa
75425,Survival of the Dead,2009,Horror,4.8,23634,Adrenalina
75440,Will Ferrell: You're Welcome America - A Final Night with George W Bush,2009,Comedy,,,Comfort movie
75805,"Bounty Hunter, The",2010,Action|Comedy|Romance,,,Da vedere in due
75813,Leaves of Grass,2009,Comedy|Crime|Drama|Thriller,6.4,28832,Adrenalina
75985,Repo Men,2010,Action|Sci-Fi|Thriller,6.3,114708,Adrenalina
76030,Case 39,2009,Horror|Thriller,6.2,100290,Adrenalina
76054,Oceans (Océans),2009,Documentary|Drama,,,Domenica impegnativa
76077,Hot Tub Time Machine,2010,Comedy|Sci-Fi,6.4,199967,Mente accesa
76079,Chloe,2009,Drama|Thriller,6.2,83981,Adrenalina
76093,How to Train Your Dragon,2010,Adventure|Animation|Children|Fantasy|IMAX,8.1,908737,Comfort movie
76175,Clash of the Titans,2010,Action|Adventure|Drama|Fantasy,5.8,307722,Domenica impegnativa
76210,Defendor,2009,Comedy|Crime|Drama,6.7,38321,Adrenalina
76251,Kick-Ass,2010,Action|Comedy,7.6,624681,Comfort movie
76293,Date Night,2010,Action|Comedy|Romance,6.3,180901,Da vedere in due
76317,After.Life,2009,Drama|Horror|Thriller,5.9,43290,Adrenalina
76701,Love's Long Journey,2005,Drama|Romance|Western,7.1,2589,Da vedere in due
76709,Spider-Man: The Ultimate Villain Showdown,2002,Animation,,,Comfort movie
76751,American Drug War: The Last White Hope,2007,Crime|Documentary,,,Adrenalina
76755,Peacock,2010,Thriller,6.2,13423,Adrenalina
76763,"Runaways, The",2010,Drama|Musical,,,Comfort movie
76808,"Way I Spent the End of the World, The (Cum mi-am petrecut sfarsitul lumii)",2006,Drama,,,Domenica impegnativa
77233,"Union: The Business Behind Getting High, The",2007,Comedy|Documentary,,,Domenica impegnativa
77296,Normal Adolescent Behavior,2007,Drama|Romance,5.0,2656,Da vedere in due
77303,American Virgin,2009,Comedy,4.3,8508,Comfort movie
77307,Dogtooth (Kynodontas),2009,Drama,,,Domenica impegnativa
77326,"Beast, The (La bête)",1975,Drama|Fantasy|Horror|Mystery|Romance,,,Adrenalina
77328,Red Riding: 1974,2009,Crime|Drama|Mystery|Thriller,,,Adrenalina
77330,Red Riding: 1980,2009,Crime|Drama|Mystery,,,Adrenalina
77359,Red Riding: 1983,2009,Crime|Drama|Mystery,,,Adrenalina
77364,"Losers, The",2010,Action|Adventure|Drama|Mystery|Thriller,,,Adrenalina
77414,"Last Song, The",2010,Drama|Romance,,,Da vedere in due
77421,Cyrus,2010,Comedy|Drama|Romance,4.6,1162,Da vedere in due
77427,"Human Centipede, The (First Sequence)",2009,Horror,,,Adrenalina
77449,Ben,1972,Horror|Thriller,5.3,3997,Adrenalina
77455,Exit Through the Gift Shop,2010,Comedy|Documentary,7.9,70596,Domenica impegnativa
77496,Night Train to Munich,1941,Film-Noir|Thriller|War,,,Adrenalina
77561,Iron Man 2,2010,Action|Adventure|Sci-Fi|Thriller|IMAX,6.9,957517,Adrenalina
77596,Lebanon,2009,Drama|War,6.9,12343,Adrenalina
77629,Reindeerspotting - Pako joulumaasta,2010,Documentary,7.4,3976,Domenica impegnativa
77658,Cosmos,1980,Documentary,,,Domenica impegnativa
77667,MacGruber,2010,Action|Comedy,5.6,50630,Comfort movie
77774,Big River Man,2009,Documentary,7.3,1670,Domenica impegnativa
77795,Cargo,2009,Sci-Fi,6.1,20634,Mente accesa
77798,"Nightmare on Elm Street, A",2010,Fantasy|Horror|Thriller,,,Adrenalina
77800,Four Lions,2010,Comedy|Drama,7.3,91957,Comfort movie
77837,You Don't Know Jack,2010,Drama,7.5,32160,Domenica impegnativa
77843,"Disappearance of Alice Creed, The",2009,Thriller,,,Adrenalina
77846,12 Angry Men,1997,Crime|Drama,7.8,21425,Adrenalina
77866,Robin Hood,2010,Action|Adventure|Drama|Romance|War,6.6,298836,Adrenalina
78019,Adam Resurrected,2008,Drama|War,6.2,4752,Adrenalina
78034,Cemetery Junction,2010,Comedy|Drama|Romance,6.8,24765,Da vedere in due
78039,Blue Valentine,2010,Drama|Romance,7.3,228391,Da vedere in due
78041,Killers,2010,Action|Comedy,5.5,100313,Comfort movie
78088,Buried,2010,Mystery|Thriller,6.9,177522,Adrenalina
78105,Prince of Persia: The Sands of Time,2010,Action|Adventure|Fantasy|Romance|IMAX,6.5,319805,Da vedere in due
78174,Sex and the City 2,2010,Comedy|Drama|Romance,4.6,89186,Da vedere in due
78209,Get Him to the Greek,2010,Comedy,6.3,191221,Comfort movie
78218,Unthinkable,2010,Drama|Thriller,7.0,101358,Adrenalina
78264,"Back-up Plan, The",2010,Comedy|Romance,,,Da vedere in due
78266,Splice,2009,Horror|Sci-Fi|Thriller,5.8,107189,Adrenalina
78316,Letters to Juliet,2010,Drama|Romance,6.5,115638,Da vedere in due
78332,"Beautiful Person, The (La belle personne)",2008,Drama|Romance,,,Da vedere in due
78349,Exam,2009,Mystery|Thriller,6.7,136207,Adrenalina
78358,"Go, Go Second Time Virgin (Yuke yuke nidome no shojo)",1969,Drama,,,Domenica impegnativa
78469,"A-Team, The",2010,Action|Comedy|Thriller,,,Adrenalina
78499,Toy Story 3,2010,Adventure|Animation|Children|Comedy|Fantasy|IMAX,8.3,990377,Comfort movie
78517,Joan Rivers: A Piece of Work,2010,Documentary,7.4,3911,Domenica impegnativa
78574,Winter's Bone,2010,Drama|Thriller,7.1,158871,Adrenalina
78633,Casino Jack and the United States of Money,2010,Documentary,7.1,1790,Domenica impegnativa
78637,Shrek Forever After (a.k.a. Shrek: The Final Chapter),2010,Adventure|Animation|Children|Comedy|Fantasy|IMAX,,,Comfort movie
78655,Rampage,2009,Action|Crime|Thriller,6.2,21518,Adrenalina
78679,"Killer Inside Me, The",2010,Crime|Drama|Thriller|Western,,,Adrenalina
78703,TiMER,2009,Comedy|Drama|Fantasy|Romance,6.4,15036,Da vedere in due
78746,Best Worst Movie,2009,Documentary,7.2,8828,Domenica impegnativa
78772,"Twilight Saga: Eclipse, The",2010,Fantasy|Romance|Thriller|IMAX,,,Adrenalina
78774,Solitary Man,2009,Comedy|Drama,6.3,17882,Comfort movie
78836,Enter the Void,2009,Drama,7.2,95610,Domenica impegnativa
78893,"Last Airbender, The",2010,Action|Adventure|Fantasy,,,Venerdi leggero
78898,"Big Hand for the Little Lady, A",1966,Comedy|Drama|Western,,,Comfort movie
79006,Empire of Dreams: The Story of the 'Star Wars' Trilogy,2004,Documentary,,,Domenica impegnativa
79008,South Park: Imaginationland,2008,Animation|Comedy|Fantasy,,,Comfort movie
79057,Predators,2010,Action|Sci-Fi|Thriller,6.4,264743,Adrenalina
79073,When You're Strange,2009,Documentary,7.6,10754,Domenica impegnativa
79091,Despicable Me,2010,Animation|Children|Comedy|Crime,7.6,640902,Adrenalina
79132,Inception,2010,Action|Crime|Drama|Mystery|Sci-Fi|Thriller|IMAX,8.8,2868173,Adrenalina
79134,Grown Ups,2010,Comedy,6.0,319183,Comfort movie
79139,"Sorcerer's Apprentice, The",2010,Action|Adventure|Children|Comedy|Fantasy,,,Comfort movie
79185,Knight and Day,2010,Action|Comedy|Thriller,6.3,226410,Adrenalina
79224,"Karate Kid, The",2010,Action|Children|Drama,,,Comfort movie
79228,Like Minds (Murderous Intent),2006,Crime|Mystery|Thriller,,,Adrenalina
79242,"Kids Are All Right, The",2010,Comedy|Drama,,,Comfort movie
79274,Batman: Under the Red Hood,2010,Action|Animation,,,Comfort movie
79287,"Wizard of Oz, The",1925,Adventure|Children|Comedy|Fantasy,,,Comfort movie
79293,Salt,2010,Action|Thriller,6.5,344848,Adrenalina
79299,"No. 1 Ladies' Detective Agency, The",2008,Comedy|Crime|Mystery,,,Adrenalina
79318,Winnebago Man,2009,Comedy|Documentary,7.2,5277,Domenica impegnativa
79357,Mr. Nobody,2009,Drama|Fantasy|Romance|Sci-Fi,7.7,259316,Da vedere in due
79428,Dinner for Schmucks,2010,Comedy,5.9,117297,Comfort movie
79533,"Bugs Bunny / Road Runner Movie, The (a.k.a. The Great American Chase)",1979,Animation|Children|Comedy,,,Comfort movie
79553,Ip Man 2,2010,Action,7.5,117804,Venerdi leggero
79572,Ramona and Beezus,2010,Children|Comedy,6.5,21333,Comfort movie
79588,Charlie St. Cloud,2010,Drama|Fantasy|Romance,6.4,66791,Da vedere in due
79590,"Rebound, The",2009,Comedy|Romance,,,Da vedere in due
79592,"Other Guys, The",2010,Action|Comedy,,,Comfort movie
79599,Operation Endgame,2010,Action|Comedy|Drama,4.9,11310,Comfort movie
79627,Cradle of Fear,2001,Crime|Drama|Horror|Mystery|Thriller,,,Adrenalina
79663,Triage,2009,Drama|War,6.5,10987,Adrenalina
79677,"Two Escobars, The",2010,Crime|Documentary,,,Adrenalina
79695,"Expendables, The",2010,Action|Adventure|Thriller,,,Adrenalina
79702,Scott Pilgrim vs. the World,2010,Action|Comedy|Fantasy|Musical|Romance,7.5,500963,Da vedere in due
79720,Animal Kingdom,2010,Crime|Drama,7.2,63887,Adrenalina
79760,Facing Ali,2009,Documentary,7.9,3884,Domenica impegnativa
79796,Centurion,2010,Action|Adventure|Drama|Thriller|War,6.3,90180,Adrenalina
79800,Life During Wartime,2009,Comedy|Drama,6.4,8353,Comfort movie
79870,Smash His Camera,2010,Documentary,6.9,997,Domenica impegnativa
79879,Piranha (Piranha 3D),2010,Action|Horror|Thriller,,,Adrenalina
79897,Get Low,2009,Comedy|Drama|Mystery,7.0,24926,Mente accesa
79929,"Eclipse, The",2009,Drama|Horror|Thriller,,,Adrenalina
79946,"Joneses, The",2009,Comedy|Drama,,,Comfort movie
80094,"Last Exorcism, The",2010,Horror|Thriller,,,Adrenalina
80126,"American, The",2010,Drama|Thriller,,,Adrenalina
80139,Jackass 2.5,2007,Comedy|Documentary,,,Domenica impegnativa
80166,"Switch, The",2010,Comedy|Romance,,,Da vedere in due
80191,Fear and Desire,1953,Drama|War,,,Adrenalina
80219,Machete,2010,Action|Adventure|Comedy|Crime|Thriller,6.6,210424,Adrenalina
80222,Step Up 3D,2010,Drama|Romance,6.2,62798,Da vedere in due
80241,Going the Distance,2010,Comedy|Romance,6.3,61757,Da vedere in due
80339,Homecoming,2009,Drama|Thriller,5.3,4839,Adrenalina
80363,Resident Evil: Afterlife,2010,Action|Horror|Sci-Fi|Thriller|IMAX,5.8,189744,Adrenalina
80398,22 Bullets (L'immortel),2010,Action|Crime|Thriller,,,Adrenalina
80463,"Social Network, The",2010,Drama,,,Domenica impegnativa
80489,"Town, The",2010,Crime|Drama|Thriller,,,Adrenalina
80549,Easy A,2010,Comedy|Romance,7.0,447854,Da vedere in due
80551,Eat Pray Love,2010,Drama|Romance,5.9,115155,Da vedere in due
80572,I'm Still Here,2010,Comedy|Drama,6.1,25081,Comfort movie
80586,Flipped,2010,Comedy|Drama|Romance,7.6,109702,Da vedere in due
80590,Wall Street: Money Never Sleeps,2010,Drama,6.2,110388,Domenica impegnativa
80615,Legend of the Guardians: The Owls of Ga'Hoole,2010,Adventure|Animation|Fantasy|IMAX,6.9,92672,Comfort movie
80693,It's Kind of a Funny Story,2010,Comedy|Drama,7.1,152375,Comfort movie
80729,(Untitled),2009,Comedy|Drama,6.2,2397,Comfort movie
80748,Alice in Wonderland,1933,Adventure|Children|Fantasy,6.3,3061,Comfort movie
80779,Every Day,2010,Comedy|Drama,5.7,3714,Comfort movie
80831,Let Me In,2010,Drama|Horror|Mystery,7.1,134039,Adrenalina
80844,Lake Mungo,2008,Drama|Mystery|Thriller,6.2,39171,Adrenalina
80846,Devil,2010,Horror|Mystery|Thriller,6.3,167555,Adrenalina
80860,Life as We Know It,2010,Comedy|Romance,6.5,146380,Da vedere in due
80862,Catfish,2010,Documentary|Mystery,7.1,43913,Domenica impegnativa
80864,You Will Meet a Tall Dark Stranger,2010,Comedy|Romance,6.3,48990,Da vedere in due
80906,Inside Job,2010,Documentary,8.2,82890,Domenica impegnativa
80917,Monsters,2010,Drama|Sci-Fi,6.3,102420,Domenica impegnativa
80928,David Cross: Bigger & Blackerer,2010,Comedy|Documentary,,,Domenica impegnativa
80939,Conviction,2010,Drama,7.2,48462,Domenica impegnativa
80969,Never Let Me Go,2010,Drama|Romance|Sci-Fi,7.1,161271,Da vedere in due
81156,Jackass 3D,2010,Action|Comedy|Documentary,7.0,71700,Domenica impegnativa
81158,Restrepo,2010,Documentary|War,7.4,24671,Adrenalina
81191,Waiting for Superman,2010,Documentary,7.4,11260,Domenica impegnativa
81229,Red,2010,Action|Comedy,7.0,341020,Comfort movie
81257,In a Better World (Hævnen),2010,Drama,,,Domenica impegnativa
81276,South of the Border,2009,Documentary,7.0,3207,Domenica impegnativa
81417,Paranormal Activity 2,2010,Horror|IMAX,5.7,116656,Adrenalina
81537,Due Date,2010,Comedy,6.5,375224,Comfort movie
81562,127 Hours,2010,Adventure|Drama|Thriller,7.5,428024,Adrenalina
81564,Megamind,2010,Action|Animation|Children|Comedy|Sci-Fi|IMAX,7.3,330668,Mente accesa
81568,"Fuehrer's Face, Der",1942,Animation|War,,,Adrenalina
81591,Black Swan,2010,Drama|Thriller,8.0,897653,Adrenalina
81641,Fair Game,2010,Drama|Thriller,6.8,53057,Adrenalina
81660,1990: The Bronx Warriors (1990: I guerrieri del Bronx),1982,Action|Sci-Fi,,,Mente accesa
81736,Hamlet (Gamlet),1964,Drama,,,Domenica impegnativa
81784,Morning Glory,2010,Comedy|Drama|Romance,6.5,88003,Da vedere in due
81788,"Next Three Days, The",2010,Crime|Drama|Romance|Thriller,,,Adrenalina
81791,Somewhere,2010,Drama,6.3,48963,Domenica impegnativa
81804,Wild Target,2010,Comedy|Drama|Romance|Thriller,6.7,43037,Adrenalina
81817,Carlos,2010,Crime|Drama|Thriller,7.1,21,Adrenalina
81834,Harry Potter and the Deathly Hallows: Part 1,2010,Action|Adventure|Fantasy|IMAX,7.7,674931,Venerdi leggero
81845,"King's Speech, The",2010,Drama,,,Domenica impegnativa
81847,Tangled,2010,Animation|Children|Comedy|Fantasy|Musical|Romance|IMAX,7.7,554025,Da vedere in due
81880,Wedding Belles,2007,Comedy|Drama,7.0,621,Comfort movie
81910,"Art of the Steal, The",2009,Documentary,,,Domenica impegnativa
81932,"Fighter, The",2010,Drama,,,Domenica impegnativa
82022,"Reef, The",2010,Drama|Horror|Thriller,,,Adrenalina
82037,"Tillman Story, The",2010,Documentary,,,Domenica impegnativa
82041,"Loved Ones, The",2009,Horror,,,Adrenalina
82053,Casino Jack,2010,Comedy|Crime,6.2,18305,Adrenalina
82093,London Boulevard,2010,Crime|Romance,6.2,52237,Adrenalina
82095,Skyline,2010,Sci-Fi|Thriller,4.5,94673,Adrenalina
82169,"Chronicles of Narnia: The Voyage of the Dawn Treader, The",2010,Adventure|Children|Fantasy,,,Comfort movie
82202,"Tourist, The",2010,Drama|Thriller,,,Adrenalina
82242,Rare Exports: A Christmas Tale (Rare Exports),2010,Action|Comedy,,,Comfort movie
82337,Four Heads Are Better Than One (Un homme de tête),1898,Fantasy,,,Venerdi leggero
82362,"Pyramid of Triboulet, The (La pyramide de Triboulet)",1899,Fantasy,,,Venerdi leggero
82378,All Good Things,2010,Drama|Mystery|Thriller,6.2,64332,Adrenalina
82459,True Grit,2010,Western,7.6,379322,Venerdi leggero
82461,Tron: Legacy,2010,Action|Adventure|Sci-Fi|IMAX,6.8,389791,Mente accesa
82499,How Do You Know,2010,Comedy|Drama|Romance,5.4,58069,Da vedere in due
82527,Barney's Version,2010,Drama,7.3,27504,Domenica impegnativa
82534,"Company Men, The",2010,Drama,,,Domenica impegnativa
82641,"One-Armed Swordsman, The (Dubei dao)",1967,Action|Drama,,,Domenica impegnativa
82722,"Sarah, Plain and Tall",1991,Children|Drama,7.3,2642,Comfort movie
82739,"Garfield Christmas Special, A",1987,Animation|Children|Comedy|Musical,,,Comfort movie
82767,Rabbit Hole,2010,Drama,6.9,53029,Domenica impegnativa
82852,Little Fockers,2010,Comedy,5.5,127557,Comfort movie
83067,And Soon the Darkness,2010,Horror|Thriller,5.1,19669,Adrenalina
83086,Burlesque,2010,Drama|Musical|Romance,6.4,100211,Da vedere in due
83132,"Secret World of Arrietty, The (Kari-gurashi no Arietti)",2010,Animation|Children|Fantasy,,,Comfort movie
83134,Tucker & Dale vs Evil,2010,Comedy|Horror,,,Adrenalina
83177,Yogi Bear,2010,Children|Comedy,4.6,24959,Comfort movie
83219,"Pixar Story, The",2007,Documentary,,,Domenica impegnativa
83293,Waste Land,2010,Documentary,7.8,9107,Domenica impegnativa
83302,Last Night,2010,Drama|Romance,6.5,52926,Da vedere in due
83349,"Green Hornet, The",2011,Action|Comedy|Crime|Fantasy|Thriller|IMAX,,,Adrenalina
83613,Cowboys & Aliens,2011,Action|Sci-Fi|Thriller|Western|IMAX,6.0,243781,Adrenalina
83803,Day & Night,2010,Animation|Children,,,Comfort movie
83827,Marwencol,2010,Documentary,7.5,3807,Domenica impegnativa
83910,"Dilemma, The",2011,Comedy|Drama,,,Comfort movie
83912,Frankie and Alice,2010,Drama,,,Domenica impegnativa
84152,Limitless,2011,Sci-Fi|Thriller,7.4,654533,Adrenalina
84156,Happy People: A Year in the Taiga,2010,Documentary,7.7,9634,Domenica impegnativa
84173,Ca$h,2008,Action|Comedy|Crime|Thriller,5.9,5237,Adrenalina
84187,Evangelion: 2.0 You Can (Not) Advance (Evangerion shin gekijôban: Ha),2009,Action|Animation|Drama|Sci-Fi,,,Mente accesa
84189,I Spit on Your Grave,2010,Crime|Horror|Thriller,6.2,104505,Adrenalina
84273,Zeitgeist: Moving Forward,2011,Documentary,8.1,18513,Domenica impegnativa
84374,No Strings Attached,2011,Comedy|Romance,6.2,256905,Da vedere in due
84392,"Lincoln Lawyer, The",2011,Crime|Drama|Thriller,,,Adrenalina
84469,"Devil's Playground, The",1976,Drama,,,Domenica impegnativa
84523,Kill! (Kiru),1968,Action|Comedy|Drama,,,Comfort movie
84601,Unknown,2011,Drama|Mystery|Thriller,6.8,277563,Adrenalina
84613,Sanctum,2011,Action|Adventure|Drama|Thriller|IMAX,5.9,58913,Adrenalina
84615,Cedar Rapids,2011,Comedy,6.3,41106,Comfort movie
84637,Gnomeo & Juliet,2011,Adventure|Animation|Children|Comedy|Fantasy|Romance,5.9,64634,Da vedere in due
84696,Burke and Hare,2010,Comedy|Thriller,6.1,22257,Adrenalina
84716,Castaway on the Moon (Kimssi pyoryugi),2009,Comedy|Drama|Romance,,,Da vedere in due
84770,Client 9: The Rise and Fall of Eliot Spitzer,2010,Documentary,7.3,2653,Domenica impegnativa
84772,Paul,2011,Adventure|Comedy|Sci-Fi,6.9,285354,Mente accesa
84847,Emma,2009,Comedy|Drama|Romance,,,Da vedere in due
84942,Drive Angry,2011,Action|Fantasy|Thriller,5.4,107439,Adrenalina
84944,Rango,2011,Action|Adventure|Animation|Children|Comedy|Western,7.3,324387,Comfort movie
84950,Take Me Home Tonight,2011,Comedy|Drama,6.3,57959,Comfort movie
84954,"Adjustment Bureau, The",2011,Romance|Sci-Fi|Thriller,,,Adrenalina
84957,"Tempest, The",2010,Comedy|Drama|Fantasy|Romance,,,Da vedere in due
84980,Lapland Odyssey (Napapiirin sankarit),2010,Comedy|Drama|Romance,,,Da vedere in due
85020,"Mechanic, The",2011,Action|Drama|Thriller,,,Adrenalina
85022,Hall Pass,2011,Comedy,5.9,138461,Comfort movie
85056,I Am Number Four,2011,Action|Sci-Fi|Thriller|IMAX,6.1,254095,Adrenalina
85131,Battle: Los Angeles,2011,Action|Sci-Fi|War,5.7,191549,Adrenalina
85259,Winnie the Pooh and the Honey Tree,1966,Animation|Children,,,Comfort movie
85261,Mars Needs Moms,2011,Action|Adventure|Animation|Children|Comedy|Sci-Fi|IMAX,5.4,25670,Mente accesa
85342,Elite Squad: The Enemy Within (Tropa de Elite 2 - O Inimigo Agora É Outro),2010,Action|Crime|Drama,,,Adrenalina
85367,Just Go with It,2011,Comedy|Romance,6.4,294235,Da vedere in due
85372,Potiche,2010,Comedy,6.4,11769,Comfort movie
85394,Cave of Forgotten Dreams,2010,Documentary,7.4,18993,Domenica impegnativa
85397,Red Riding Hood,2011,Fantasy|Horror|Mystery|Thriller,5.4,120222,Adrenalina
85399,"Big Mommas: Like Father, Like Son",2011,Comedy,4.5,31696,Comfort movie
85401,Super,2010,Action|Comedy|Drama,6.7,87815,Comfort movie
85414,Source Code,2011,Action|Drama|Mystery|Sci-Fi|Thriller,7.5,588201,Adrenalina
85438,Jane Eyre,2011,Drama|Romance,7.3,98463,Da vedere in due
85510,Sucker Punch,2011,Action|Fantasy|Thriller|IMAX,6.1,263116,Adrenalina
85547,"Hugh Hefner: Playboy, Activist and Rebel",2009,Documentary,7.0,768,Domenica impegnativa
85736,BURN-E,2008,Adventure|Animation|Children|Sci-Fi,,,Mente accesa
85774,Senna,2010,Documentary,8.4,84300,Domenica impegnativa
85777,Death Note 2: The Last Name,2006,Adventure|Crime|Drama,,,Adrenalina
85780,Family Guy Presents: It's a Trap,2010,Animation|Comedy|Sci-Fi,,,Mente accesa
85788,Insidious,2010,Fantasy|Horror|Thriller,6.8,373425,Adrenalina
85796,Hobo with a Shotgun,2011,Action|Adventure|Crime|Thriller,6.1,50878,Adrenalina
85881,Win Win,2011,Comedy|Drama,7.1,56438,Comfort movie
86142,13 Assassins (Jûsan-nin no shikaku),2010,Action,,,Venerdi leggero
86190,Hanna,2011,Action|Adventure|Mystery|Thriller,6.7,215873,Adrenalina
86290,American: The Bill Hicks Story,2009,Comedy|Documentary,7.7,5093,Domenica impegnativa
86293,Arthur,2011,Comedy,5.7,54022,Comfort movie
86295,Scream 4,2011,Comedy|Horror|Mystery|Thriller,6.3,194177,Adrenalina
86298,Rio,2011,Adventure|Animation|Children|Comedy,6.9,277726,Comfort movie
86320,Melancholia,2011,Drama|Sci-Fi,7.1,210084,Domenica impegnativa
86332,Thor,2011,Action|Adventure|Drama|Fantasy|IMAX,7.0,983924,Domenica impegnativa
86345,Louis C.K.: Hilarious,2010,Comedy,,,Comfort movie
86347,Louis C.K.: Chewed Up,2008,Comedy,,,Comfort movie
86377,Louis C.K.: Shameless,2007,Comedy,,,Comfort movie
86504,Voices from the List,2004,Documentary,,,Domenica impegnativa
86548,Water for Elephants,2011,Drama|Romance,6.9,124651,Da vedere in due
86644,"Fast Five (Fast and the Furious 5, The)",2011,Action|Crime|Drama|Thriller|IMAX,,,Adrenalina
86715,Daughters of Darkness (Les lèvres rouges),1971,Horror,,,Adrenalina
86781,Incendies,2010,Drama|Mystery|War,8.3,259299,Adrenalina
86817,Something Borrowed,2011,Comedy|Drama|Romance,5.8,67931,Da vedere in due
86833,Bridesmaids,2011,Comedy,6.8,328466,Comfort movie
86835,Priest,2011,Action|Horror|Sci-Fi|Thriller,5.7,130752,Adrenalina
86880,Pirates of the Caribbean: On Stranger Tides,2011,Action|Adventure|Fantasy|IMAX,6.6,614601,Venerdi leggero
86882,Midnight in Paris,2011,Comedy|Fantasy|Romance,7.6,474149,Da vedere in due
86892,"Man from Nowhere, The (Ajeossi)",2010,Action|Crime|Thriller,,,Adrenalina
86898,"Tree of Life, The",2011,Drama,,,Domenica impegnativa
86911,"Hangover Part II, The",2011,Comedy,,,Comfort movie
86922,Nothing to Declare (Rien à déclarer),2010,Comedy,,,Comfort movie
86947,Van Diemen's Land,2009,Drama,5.9,3611,Domenica impegnativa
87004,Pina,2011,Documentary|Musical,7.6,16785,Domenica impegnativa
87079,Trust,2010,Drama|Thriller,6.8,46429,Adrenalina
87105,Open Season 3,2010,Animation|Children|Comedy,5.0,15275,Comfort movie
87192,Attack the Block,2011,Action|Comedy|Sci-Fi,6.6,116321,Mente accesa
87222,Kung Fu Panda 2,2011,Action|Adventure|Animation|Children|Comedy|IMAX,7.3,363813,Comfort movie
87232,X-Men: First Class,2011,Action|Adventure|Sci-Fi|Thriller|War,7.7,773521,Adrenalina
87234,Submarine,2010,Comedy|Drama|Romance,7.3,101739,Da vedere in due
87298,Everything Must Go,2010,Comedy|Drama,6.4,55503,Comfort movie
87304,Beginners,2010,Drama,7.2,97910,Domenica impegnativa
87306,Super 8,2011,Mystery|Sci-Fi|Thriller|IMAX,7.0,383658,Adrenalina
87430,Green Lantern,2011,Action|Adventure|Sci-Fi,5.5,312496,Mente accesa
87469,Cinema Verite,2011,Drama,6.5,4264,Domenica impegnativa
87483,Mr. Popper's Penguins,2011,Comedy,6.0,113943,Comfort movie
87485,Bad Teacher,2011,Comedy,5.7,224727,Comfort movie
87520,Transformers: Dark of the Moon,2011,Action|Adventure|Sci-Fi|War|IMAX,6.2,460451,Adrenalina
87529,Your Highness,2011,Action|Adventure|Comedy|Fantasy,5.5,108385,Comfort movie
87572,"Have Dreams, Will Travel",2007,Drama|Romance,7.2,2066,Da vedere in due
87867,Zookeeper,2011,Comedy,5.2,70612,Comfort movie
87869,Horrible Bosses,2011,Comedy|Crime,6.9,491640,Adrenalina
87876,Cars 2,2011,Adventure|Animation|Children|Comedy|IMAX,6.2,264017,Comfort movie
87960,Between the Folds,2008,Documentary,7.5,891,Domenica impegnativa
88063,Bugmaster (Mushishi),2006,Fantasy,,,Venerdi leggero
88125,Harry Potter and the Deathly Hallows: Part 2,2011,Action|Adventure|Drama|Fantasy|Mystery|IMAX,8.1,1062749,Domenica impegnativa
88129,Drive,2011,Crime|Drama|Film-Noir|Thriller,7.8,774047,Adrenalina
88140,Captain America: The First Avenger,2011,Action|Adventure|Sci-Fi|Thriller|War,6.9,987271,Adrenalina
88163,"Crazy, Stupid, Love.",2011,Comedy|Drama|Romance,7.4,629384,Da vedere in due
88179,One Day,2011,Drama|Romance,7.0,181437,Da vedere in due
88235,"Guard, The",2011,Comedy|Crime,,,Adrenalina
88280,Frontier of the Dawn (La frontière de l'aube),2008,Drama,,,Domenica impegnativa
88327,"New One-Armed Swordsman, The (Xin du bi dao)",1971,Action|Drama|War,,,Adrenalina
88349,Almighty Thor,2011,Adventure|Fantasy,1.7,3206,Venerdi leggero
88356,"Smurfs, The",2011,Animation|Children|Comedy,,,Comfort movie
88405,Friends with Benefits,2011,Comedy|Romance,6.5,423737,Da vedere in due
88468,Alpha and Omega,2010,Adventure|Animation|Children|Comedy|Romance,5.1,16273,Da vedere in due
88674,Edison Kinetoscopic Record of a Sneeze,1894,Documentary,,,Domenica impegnativa
88724,Beats Rhymes & Life: The Travels of a Tribe Called Quest,2011,Documentary,7.6,4206,Domenica impegnativa
88744,Rise of the Planet of the Apes,2011,Action|Drama|Sci-Fi|Thriller,7.6,610064,Adrenalina
88746,Terri,2011,Comedy,6.5,10734,Comfort movie
88785,"Change-Up, The",2011,Comedy,,,Comfort movie
88810,"Help, The",2011,Drama,,,Domenica impegnativa
88812,30 Minutes or Less,2011,Action|Comedy|Crime,6.0,111916,Adrenalina
88879,Gantz,2011,Action|Horror|Sci-Fi,,,Adrenalina
88901,"Bulli: Cooking in Progress, El",2011,Documentary,,,Domenica impegnativa
88932,Final Destination 5,2011,Horror|Thriller|IMAX,5.9,153969,Adrenalina
88954,"Very Harold & Kumar 3D Christmas, A",2011,Comedy,,,Comfort movie
89000,Carancho,2010,Crime|Drama|Romance,6.8,9545,Adrenalina
89018,Miranda,1948,Comedy|Fantasy|Romance,6.8,1319,Da vedere in due
89030,Fright Night,2011,Comedy|Horror,6.4,120516,Adrenalina
89045,Rocky VI,1986,Comedy,,,Comfort movie
89085,"Debt, The",2011,Drama|Thriller,,,Adrenalina
89087,Colombiana,2011,Action|Adventure|Drama|Thriller,6.4,115673,Adrenalina
89090,Bill Cunningham New York,2011,Documentary,,,Domenica impegnativa
89102,Freakonomics,2010,Documentary,6.3,7424,Domenica impegnativa
89118,"Skin I Live In, The (La piel que habito)",2011,Drama,,,Domenica impegnativa
89260,Project Nim,2011,Documentary,7.4,8759,Domenica impegnativa
89302,Page Eight,2011,Drama|Thriller,6.8,22744,Adrenalina
89305,"Inbetweeners Movie, The",2011,Adventure|Comedy,,,Comfort movie
89337,"Interrupters, The",2011,Documentary,,,Domenica impegnativa
89343,Red State,2011,Horror|Thriller,6.1,70382,Adrenalina
89356,Chinese Take-Out (Chinese Take-Away) (Un cuento chino),2011,Comedy,,,Comfort movie
89367,Restraint,2008,Drama|Thriller,6.0,6809,Adrenalina
89388,I Don't Know How She Does It,2011,Comedy,5.0,21910,Comfort movie
89470,Contagion,2011,Sci-Fi|Thriller|IMAX,6.8,334083,Adrenalina
89480,Sleeping Beauty,2011,Drama,5.3,36791,Domenica impegnativa
89492,Moneyball,2011,Drama,7.6,517110,Domenica impegnativa
89535,"Havre, Le",2011,Comedy|Drama,,,Comfort movie
89638,Nothing Personal,2009,Drama,6.9,5690,Domenica impegnativa
89678,Northanger Abbey,2007,Drama|Romance,7.1,17592,Da vedere in due
89745,"Avengers, The",2012,Action|Adventure|Sci-Fi|IMAX,,,Mente accesa
89753,Tinker Tailor Soldier Spy,2011,Drama|Film-Noir|Thriller,7.0,228160,Adrenalina
89759,"Separation, A (Jodaeiye Nader az Simin)",2011,Drama,,,Domenica impegnativa
89761,"Dangerous Method, A",2011,Drama|Thriller,,,Adrenalina
89774,Warrior,2011,Drama,8.1,533682,Domenica impegnativa
89780,Sherlock Holmes,2010,Mystery|Sci-Fi,,,Mente accesa
89804,"Ides of March, The",2011,Drama,,,Domenica impegnativa
89864,50/50,2011,Comedy|Drama,7.6,356527,Comfort movie
89877,Main Street,2010,Drama,4.8,3207,Domenica impegnativa
89904,The Artist,2011,Comedy|Drama|Romance,7.8,256444,Da vedere in due
90057,Take Shelter,2011,Drama,7.3,117479,Domenica impegnativa
90154,"Caller, The",2011,Horror|Mystery|Thriller,,,Adrenalina
90249,Real Steel,2011,Action|Drama|Sci-Fi|IMAX,7.1,384596,Domenica impegnativa
90266,Buck,2011,Documentary,7.6,3558,Domenica impegnativa
90310,Father of Invention,2010,Comedy|Drama,5.7,9371,Comfort movie
90343,Footloose,2011,Comedy|Drama|Musical,5.9,56008,Comfort movie
90357,Tyrannosaur,2011,Drama,7.5,35693,Domenica impegnativa
90374,Martha Marcy May Marlene,2011,Drama|Thriller,6.8,59007,Adrenalina
90376,We Need to Talk About Kevin,2011,Drama|Thriller,7.4,183571,Adrenalina
90382,"River Murders, The",2011,Thriller,,,Adrenalina
90405,In Time,2011,Crime|Sci-Fi|Thriller,6.7,488703,Adrenalina
90430,Carnage,2011,Comedy|Drama,7.1,139340,Comfort movie
90439,Margin Call,2011,Drama|Thriller,7.1,164868,Adrenalina
90469,Paranormal Activity 3,2011,Horror,5.8,105486,Adrenalina
90524,Abduction,2011,Action|Drama|Mystery|Thriller,5.1,86605,Adrenalina
90528,This Must Be the Place,2011,Crime|Drama|Thriller,6.7,39088,Adrenalina
90531,Shame,2011,Drama,7.2,218810,Domenica impegnativa
90576,What's Your Number?,2011,Comedy|Romance,6.1,92592,Da vedere in due
90600,Headhunters (Hodejegerne),2011,Action|Crime|Thriller,,,Adrenalina
90603,Batman: Year One,2011,Action|Animation|Crime,,,Adrenalina
90620,Mulan,2009,Action|Adventure|Drama|Romance,,,Da vedere in due
90624,Machine Gun Preacher,2011,Action|Crime,6.7,71643,Adrenalina
90645,Anonymous,2011,Drama,6.8,43534,Domenica impegnativa
90647,Puss in Boots,2011,Adventure|Animation|Comedy|Fantasy|IMAX,6.6,214788,Comfort movie
90717,Tower Heist,2011,Action|Comedy|Crime,6.2,158512,Adrenalina
90738,"Double, The",2011,Action|Crime|Drama|Mystery|Thriller,,,Adrenalina
90746,"Adventures of Tintin, The",2011,Action|Animation|Mystery|IMAX,,,Mente accesa
90777,White on Rice,2009,Comedy,6.1,558,Comfort movie
90863,George Harrison: Living in the Material World,2011,Documentary,8.1,13599,Domenica impegnativa
90866,Hugo,2011,Children|Drama|Mystery,7.5,351430,Mente accesa
90870,Trespass,2011,Crime|Drama|Thriller,5.3,47910,Adrenalina
90888,Immortals,2011,Action|Drama|Fantasy,6.0,184903,Domenica impegnativa
90939,11-11-11 (11-11-11: The Prophecy),2011,Horror|Thriller,,,Adrenalina
90943,Into the Abyss,2011,Documentary,7.3,18149,Domenica impegnativa
91077,"Descendants, The",2011,Comedy|Drama,,,Comfort movie
91094,"Muppets, The",2011,Children|Comedy|Musical,,,Comfort movie
91104,"Twilight Saga: Breaking Dawn - Part 1, The",2011,Adventure|Drama|Fantasy|Romance,,,Da vedere in due
91126,War Horse,2011,Drama|War,7.2,174674,Adrenalina
91128,"Rum Diary, The",2011,Comedy|Drama|Thriller,,,Adrenalina
91134,My Week with Marilyn,2011,Drama,6.9,91775,Domenica impegnativa
91140,"Making Plans for Lena (Non ma fille, tu n'iras pas danser)",2009,Drama,,,Domenica impegnativa
91233,Lifted,2006,Animation|Comedy|Sci-Fi,,,Mente accesa
91290,Sarah's Key (Elle s'appelait Sarah),2010,Drama,,,Domenica impegnativa
91323,"Sitter, The",2011,Comedy,,,Comfort movie
91325,Extremely Loud and Incredibly Close,2011,Drama,,,Domenica impegnativa
91339,"12 Dogs of Christmas, The",2005,Children,,,Comfort movie
91386,Happy Feet Two,2011,Animation|Children|Comedy|IMAX,5.8,51488,Comfort movie
91474,Flypaper,2011,Comedy|Crime,6.3,35156,Adrenalina
91485,"Expendables 2, The",2012,Action|Adventure,,,Venerdi leggero
91488,"Snowman, The",1982,Animation|Children|Musical,,,Comfort movie
91500,"Hunger Games, The",2012,Action|Adventure|Drama|Sci-Fi|Thriller,,,Adrenalina
91529,"Dark Knight Rises, The",2012,Action|Adventure|Crime|IMAX,,,Adrenalina
91535,"Bourne Legacy, The",2012,Action|Adventure|Drama|Thriller|IMAX,,,Adrenalina
91542,Sherlock Holmes: A Game of Shadows,2011,Action|Adventure|Comedy|Crime|Mystery|Thriller,7.4,505514,Adrenalina
91548,Life in a Day,2011,Documentary|Drama,7.6,15795,Domenica impegnativa
91622,Young Adult,2011,Comedy|Drama,6.3,90552,Comfort movie
91628,New Year's Eve,2011,Comedy|Romance,5.6,93180,Da vedere in due
91630,Mission: Impossible - Ghost Protocol,2011,Action|Adventure|Thriller|IMAX,7.4,569643,Adrenalina
91653,We Bought a Zoo,2011,Comedy|Drama,7.0,162297,Comfort movie
91658,"Girl with the Dragon Tattoo, The",2011,Drama|Thriller,,,Adrenalina
91671,Alvin and the Chipmunks: Chipwrecked,2011,Animation|Comedy,4.5,45684,Comfort movie
91749,Sophie's Revenge (Fei chang wan mei),2009,Comedy|Romance,,,Da vedere in due
91831,"Devil Inside, The",2012,Horror|Thriller,,,Adrenalina
91840,Roadie,2011,Comedy|Drama,6.0,1357,Comfort movie
91842,Contraband,2012,Action|Crime|Drama|Thriller,6.4,129854,Adrenalina
91869,Being Elmo: A Puppeteer's Journey,2011,Documentary,7.6,7325,Domenica impegnativa
91890,"Iron Lady, The",2011,Drama,,,Domenica impegnativa
91974,Underworld: Awakening,2012,Action|Fantasy|Horror|IMAX,6.3,168568,Adrenalina
91976,"Grey, The",2012,Action|Drama,,,Domenica impegnativa
91978,Man on a Ledge,2012,Crime|Thriller,6.6,162878,Adrenalina
92008,Haywire,2011,Action|Thriller,5.8,93543,Adrenalina
92243,"Flowers of War, The (Jin líng shí san chai)",2011,Drama|War,,,Adrenalina
92259,Intouchables,2011,Comedy|Drama,8.5,1042113,Comfort movie
92393,Detective Dee and the Mystery of the Phantom Flame (Di Renjie),2010,Action|Crime|Mystery,,,Adrenalina
92420,Chronicle,2012,Action|Sci-Fi|Thriller,7.0,280078,Adrenalina
92422,"Woman in Black, The",2012,Drama|Horror|Thriller,,,Adrenalina
92507,Safe House,2012,Action|Crime|Mystery|Thriller,6.7,251048,Adrenalina
92509,"Vow, The",2012,Drama|Romance,,,Da vedere in due
92535,Louis C.K.: Live at the Beacon Theater,2011,Comedy,,,Comfort movie
92694,Perfect Sense,2011,Drama|Romance|Sci-Fi,7.0,67733,Da vedere in due
92738,Beautiful Kate,2009,Drama|Mystery,6.6,4422,Domenica impegnativa
92938,Ghost Rider: Spirit of Vengeance,2012,Action|Fantasy|Thriller,,,Adrenalina
93006,"Very Potter Musical, A",2009,Comedy|Musical,,,Comfort movie
93008,"Very Potter Sequel, A",2010,Comedy|Musical,,,Comfort movie
93040,"Civil War, The",1990,Documentary|War,,,Adrenalina
93063,Khodorkovsky,2011,Documentary|Drama,7.0,998,Domenica impegnativa
93126,Bag of Bones,2011,Horror,,,Adrenalina
93242,Gone,2012,Drama|Thriller,5.9,48693,Adrenalina
93265,Courageous,2011,Drama,6.9,22975,Domenica impegnativa
93270,Project X,2012,Comedy,6.7,261850,Comfort movie
93272,Dr. Seuss' The Lorax,2012,Animation|Fantasy|Musical|IMAX,,,Comfort movie
93297,Act of Valor,2012,Action|Thriller|War,6.4,74488,Adrenalina
93324,Undefeated,2011,Documentary,7.7,7560,Domenica impegnativa
93326,This Means War,2012,Action|Comedy|Romance,6.3,201690,Da vedere in due
93363,John Carter,2012,Action|Adventure|Sci-Fi|IMAX,6.6,301268,Mente accesa
93391,10 Mountains 10 Years,2010,Documentary,6.7,51,Domenica impegnativa
93443,Goon,2011,Comedy|Drama,6.8,94720,Comfort movie
93479,"Round Up, The (La Rafle)",2010,Drama|War,,,Adrenalina
93510,21 Jump Street,2012,Action|Comedy|Crime,7.2,655349,Adrenalina
93563,Lockout,2012,Action|Sci-Fi|Thriller,6.1,103917,Adrenalina
93598,"Snowtown (Snowtown Murders, The)",2011,Crime|Drama|Thriller,,,Adrenalina
93707,Prom Queen: The Marc Hall Story,2004,Comedy|Drama,6.7,978,Comfort movie
93729,Pageant,2008,Documentary,6.9,606,Domenica impegnativa
93731,"Warm December, A",1973,Drama|Romance,,,Da vedere in due
93740,Salmon Fishing in the Yemen,2011,Comedy|Drama|Romance,6.8,69306,Da vedere in due
93831,American Reunion (American Pie 4),2012,Comedy,,,Comfort movie
93838,The Raid: Redemption,2011,Action|Crime,7.6,233203,Adrenalina
93840,"Cabin in the Woods, The",2012,Comedy|Horror|Sci-Fi|Thriller,,,Adrenalina
93855,God Bless America,2011,Comedy|Drama,7.1,74814,Comfort movie
93865,Frankenstein,1910,Drama|Horror|Sci-Fi,,,Adrenalina
93892,Romantics Anonymous (Les émotifs anonymes),2010,Comedy|Romance,,,Da vedere in due
93948,Midnight Movie,2008,Horror|Thriller,5.1,4544,Adrenalina
93950,Ollie Hopnoodle's Haven of Bliss,1988,Children|Comedy,6.8,623,Comfort movie
93967,"Keeping the Promise (Sign of the Beaver, The)",1997,Children|Drama,,,Comfort movie
93980,"Three Stooges, The",2012,Comedy,,,Comfort movie
93988,North & South,2004,Drama|Romance,,,Da vedere in due
94027,Uwasa No Onna (The Woman in the Rumor) (Her Mother's Profession),1954,Drama|Romance,,,Da vedere in due
94070,"Best Exotic Marigold Hotel, The",2011,Comedy|Drama,,,Comfort movie
94153,Cold Storage,2000,Thriller,,,Adrenalina
94190,Aakrosh,2010,Action|Drama|Thriller,7.0,4596,Adrenalina
94192,Devil's Diary,2007,Drama|Horror|Mystery,4.9,1636,Adrenalina
94266,"Five-Year Engagement, The",2012,Comedy|Romance,,,Da vedere in due
94323,Think Like a Man,2012,Comedy,6.5,53187,Comfort movie
94394,"Scarlet Letter, The",1979,Drama,,,Domenica impegnativa
94410,Hamlet,2009,Drama,,,Domenica impegnativa
94421,Fruitcake,2003,Comedy,,,Comfort movie
94423,Disney Princess Collection: Jasmine's Enchanted Tales: Jasmine's Wish,1999,Animation,,,Comfort movie
94431,"Ella Lola, a la Trilby",1898,,,,Venerdi leggero
94466,Black Mirror,2011,Drama|Sci-Fi,,,Domenica impegnativa
94469,Red Dog,2011,Comedy|Drama|Romance,7.3,21178,Da vedere in due
94478,Dark Shadows,2012,Comedy|Horror|IMAX,6.2,296326,Adrenalina
94558,Beyond the Black Rainbow,2010,Mystery|Sci-Fi,5.9,18644,Mente accesa
94657,"Turkish Dance, Ella Lola",1898,,,,Venerdi leggero
94659,Walking with Prehistoric Beasts,2001,Animation|Documentary,,,Domenica impegnativa
94677,"Dictator, The",2012,Comedy,,,Comfort movie
94681,Boys Love,2006,Drama|Romance,,,Da vedere in due
94735,Walking with Monsters,2005,Documentary,,,Domenica impegnativa
94737,"Boys Diving, Honolulu",1901,Documentary,,,Domenica impegnativa
94752,Gifted Hands: The Ben Carson Story,2009,Drama,7.4,21244,Domenica impegnativa
94777,Men in Black III (M.III.B.) (M.I.B.³),2012,Action|Comedy|Sci-Fi|IMAX,,,Mente accesa
94780,Snow White and the Huntsman,2012,Action|Adventure|Drama,6.1,316955,Domenica impegnativa
94864,Prometheus,2012,Action|Horror|Sci-Fi|IMAX,7.0,707275,Adrenalina
94867,"Pact, The",2012,Horror|Mystery|Thriller,,,Adrenalina
94896,Bernie,2011,Comedy|Crime|Drama,6.8,67651,Adrenalina
94928,Just Friends?,2010,Romance,,,Da vedere in due
94949,Boy Meets Boy,2008,Romance,,,Da vedere in due
94951,Dickson Experimental Sound Film,1894,Musical,,,Comfort movie
94959,Moonrise Kingdom,2012,Comedy|Drama|Romance,7.7,385088,Da vedere in due
94967,Texas Killing Fields,2011,Crime|Drama|Thriller,5.7,24004,Adrenalina
94969,Kahaani,2012,Crime|Drama|Thriller,8.1,70551,Adrenalina
94972,"Best of Ernie and Bert, The",1988,Children,,,Comfort movie
95058,Cosmopolis,2012,Drama,5.1,52490,Domenica impegnativa
95088,Safety Not Guaranteed,2012,Comedy|Drama,6.9,135849,Comfort movie
95105,Madagascar 3: Europe's Most Wanted,2012,Adventure|Animation|Children|Comedy|IMAX,6.8,221342,Comfort movie
95113,Eaux d'artifice,1953,Fantasy,,,Venerdi leggero
95115,Inauguration of the Pleasure Dome,1954,Fantasy,,,Venerdi leggero
95135,Your Sister's Sister,2011,Comedy|Drama,6.7,29250,Comfort movie
95167,Brave,2012,Action|Adventure|Animation|Children,7.1,485547,Comfort movie
95170,Beauty and the Beast: The Enchanted Christmas,1997,Animation|Children|Fantasy|Musical,,,Comfort movie
95175,Front of the Class,2008,Drama,8.1,11950,Domenica impegnativa
95177,Alcina,2000,Drama|Fantasy|Romance,7.2,34,Da vedere in due
95193,Pocahontas II: Journey to a New World,1998,Adventure|Animation|Children,,,Comfort movie
95216,Winning,1969,Action|Drama,6.1,2412,Domenica impegnativa
95307,Rock of Ages,2012,Comedy|Drama|Musical|IMAX,5.9,85103,Comfort movie
95309,Seeking a Friend for the End of the World,2012,Comedy|Drama|Romance,6.7,123818,Da vedere in due
95311,Presto,2008,Animation|Children|Comedy|Fantasy,,,Comfort movie
95313,Jack-Jack Attack,2005,Adventure|Animation|Children|Comedy,,,Comfort movie
95375,Boundin',2003,Animation|Children,,,Comfort movie
95377,One Man Band,2005,Animation|Comedy|Musical,,,Comfort movie
95441,Ted,2012,Comedy|Fantasy,6.9,718823,Comfort movie
95446,Tin Toy,1988,Animation|Children,,,Comfort movie
95449,Magic Mike,2012,Drama|Romance,6.1,153504,Da vedere in due
95480,Disneyland Dream,1956,Documentary,,,Domenica impegnativa
95482,Disney Sing Along Songs: Under the Sea,1990,Animation|Children|Musical,,,Comfort movie
95510,"Amazing Spider-Man, The",2012,Action|Adventure|Sci-Fi|IMAX,,,Mente accesa
95517,"Barchester Chronicles, The",1982,Drama,,,Domenica impegnativa
95541,Blacksmith Scene,1893,,,,Venerdi leggero
95543,Ice Age 4: Continental Drift,2012,Adventure|Animation|Comedy,,,Comfort movie
95567,People Like Us,2012,Drama,7.0,45216,Domenica impegnativa
95588,Balto: Wolf Quest,2002,Adventure|Animation|Children,,,Comfort movie
95591,Rat King,2012,Mystery|Thriller,5.2,622,Adrenalina
95600,Candles on Bay Street,2006,Drama,6.5,1268,Domenica impegnativa
95606,Thomas Jefferson,1997,Documentary,,,Domenica impegnativa
95628,Red's Dream,1987,Animation|Children,,,Comfort movie
95654,Geri's Game,1997,Animation|Children,,,Comfort movie
95717,Treasure Island,2012,Adventure,,,Venerdi leggero
95720,"Watch, The",2012,Comedy|Sci-Fi,,,Mente accesa
95738,"Adventures of Mary-Kate and Ashley, The: The Case of the Christmas Caper",1995,Children|Musical|Mystery,,,Mente accesa
95740,"Adventures of Mary-Kate and Ashley, The: The Case of the United States Navy Adventure",1997,Children|Musical|Mystery,,,Mente accesa
95756,"Cat in the Hat, The",1971,Animation|Children,,,Comfort movie
95761,Killer Joe,2011,Crime|Thriller,6.7,89487,Adrenalina
95765,Yertle the Turtle and Other Stories,1992,Animation|Children,,,Comfort movie
95837,"Child's Christmas in Wales, A",1987,Children|Drama,,,Comfort movie
95839,"Christmas Carol, A",1999,Drama|Fantasy,,,Domenica impegnativa
95856,Knick Knack,1989,Animation|Children,,,Comfort movie
95858,For the Birds,2000,Animation|Children|Comedy,,,Comfort movie
95873,Ruby Sparks,2012,Comedy|Fantasy|Romance,7.2,109829,Da vedere in due
95875,Total Recall,2012,Action|Sci-Fi|Thriller,6.2,277695,Adrenalina
95977,Junior Prom,1946,Documentary,4.3,155,Domenica impegnativa
95979,Oranges,2004,Drama,,,Domenica impegnativa
96004,Dragon Ball Z: The History of Trunks (Doragon bôru Z: Zetsubô e no hankô!! Nokosareta chô senshi - Gohan to Torankusu),1993,Action|Adventure|Animation,,,Comfort movie
96009,"Kiss, The",1896,Romance,,,Da vedere in due
96052,"Tortoise and the Hare, The",1935,Animation|Children|Comedy,,,Comfort movie
96069,"Little Mermaid: Ariel's Beginning, The",2008,Animation|Children|Fantasy,,,Comfort movie
96075,Bleak House,2005,Drama,,,Domenica impegnativa
96079,Skyfall,2012,Action|Adventure|Thriller|IMAX,7.8,780493,Adrenalina
96110,"Campaign, The",2012,Comedy,,,Comfort movie
96121,Hope Springs,2012,Comedy|Drama,6.3,46252,Comfort movie
96150,"Queen of Versailles, The",2012,Documentary,,,Domenica impegnativa
96281,ParaNorman,2012,Adventure|Animation|Comedy,7.0,118773,Comfort movie
96432,Lawless,2012,Crime|Drama,7.2,264203,Adrenalina
96467,Sleepwalk with Me,2012,Comedy|Drama,6.7,12442,Comfort movie
96471,Prime Suspect 3,1993,Crime|Drama|Mystery,,,Adrenalina
96473,Prime Suspect: Inner Circles,1995,Drama|Mystery,7.6,3098,Domenica impegnativa
96486,Prime Suspect 7: The Final Act,2006,Crime|Drama|Mystery|Thriller,,,Adrenalina
96488,Searching for Sugar Man,2012,Documentary,8.2,76894,Domenica impegnativa
96496,6 Bullets,2012,Action|Crime|Thriller,6.0,16711,Adrenalina
96518,"Last Witness, The",2003,Drama|Thriller,,,Adrenalina
96520,Prime Suspect: The Lost Child,1995,Drama|Mystery,7.8,3447,Domenica impegnativa
96563,Paradise Lost 3: Purgatory,2011,Documentary,8.0,11693,Domenica impegnativa
96588,Pitch Perfect,2012,Comedy|Musical,7.1,353987,Comfort movie
96606,Samsara,2011,Documentary,8.4,40255,Domenica impegnativa
96610,Looper,2012,Action|Crime|Sci-Fi,7.4,632837,Adrenalina
96616,That's My Boy,2012,Comedy,5.6,123670,Comfort movie
96621,Arthur and the Revenge of Maltazard (Arthur et la vengeance de Maltazard),2009,Animation|Children|Fantasy,,,Comfort movie
96655,Robot & Frank,2012,Comedy|Drama|Sci-Fi,7.0,67518,Mente accesa
96667,Ai Weiwei: Never Sorry,2012,Documentary,7.5,4617,Domenica impegnativa
96693,Trouble with the Curve,2012,Drama,6.8,72784,Domenica impegnativa
96728,"Master, The",2012,Drama,,,Domenica impegnativa
96737,Dredd,2012,Action|Sci-Fi,7.1,314910,Mente accesa
96751,Arbitrage,2012,Drama|Thriller,6.6,58180,Adrenalina
96762,Detropia,2012,Documentary,6.5,1650,Domenica impegnativa
96811,End of Watch,2012,Crime|Drama|Thriller,7.6,296147,Adrenalina
96815,V/H/S,2012,Horror|Thriller,5.8,76379,Adrenalina
96821,"Perks of Being a Wallflower, The",2012,Drama|Romance,,,Da vedere in due
96829,"Hunt, The (Jagten)",2012,Drama,,,Domenica impegnativa
96832,Holy Motors,2012,Drama|Fantasy|Musical|Mystery|Sci-Fi,7.0,51659,Mente accesa
96861,Taken 2,2012,Action|Crime|Drama|Thriller,6.2,339252,Adrenalina
96911,"Royal Affair, A (Kongelig affære, En)",2012,Drama|Romance,,,Da vedere in due
96966,Laurence Anyways,2012,Drama|Romance,7.6,23351,Da vedere in due
97002,Something from Nothing: The Art of Rap,2012,Documentary|Musical,7.1,3717,Domenica impegnativa
97024,Rust and Bone (De rouille et d'os),2012,Drama|Romance,,,Da vedere in due
97168,Marley,2012,Documentary,7.9,15041,Domenica impegnativa
97188,Sinister,2012,Horror|Thriller,6.8,322591,Adrenalina
97225,Hotel Transylvania,2012,Animation|Children|Comedy,7.1,319654,Comfort movie
97304,Argo,2012,Drama|Thriller,7.7,672964,Adrenalina
97306,Seven Psychopaths,2012,Comedy|Crime,7.1,290624,Adrenalina
97395,West of Memphis,2012,Documentary,7.8,11611,Domenica impegnativa
97470,Catch .44,2011,Action|Drama|Thriller,4.6,18442,Adrenalina
97639,How to Survive a Plague,2012,Documentary,7.6,4561,Domenica impegnativa
97707,Skyscraper (Skyskraber),2011,Comedy|Drama,,,Comfort movie
97742,Alex Cross,2012,Action|Crime|Mystery|Thriller,5.2,36993,Adrenalina
97752,Cloud Atlas,2012,Drama|Sci-Fi|IMAX,7.3,388434,Domenica impegnativa
97860,Killing Them Softly,2012,Crime|Drama|Thriller,6.2,161735,Adrenalina
97866,"Imposter, The",2012,Documentary,,,Domenica impegnativa
97870,"Sessions, The (Surrogate, The)",2012,Drama,,,Domenica impegnativa
97904,Smashed,2012,Comedy|Drama,6.7,18580,Comfort movie
97913,Wreck-It Ralph,2012,Animation|Comedy,7.7,505581,Comfort movie
97921,Silver Linings Playbook,2012,Comedy|Drama,7.7,778130,Comfort movie
97923,Flight,2012,Drama,7.3,401014,Domenica impegnativa
97936,Anna Karenina,2012,Drama,6.6,113079,Domenica impegnativa
97938,Life of Pi,2012,Adventure|Drama|IMAX,7.9,705920,Domenica impegnativa
98056,Amour,2012,Drama|Romance,7.9,111304,Da vedere in due
98065,Brooklyn Castle,2012,Documentary,7.2,1052,Domenica impegnativa
98122,Indie Game: The Movie,2012,Documentary,7.6,21762,Domenica impegnativa
98154,Lincoln,2012,Drama|War,7.3,287174,Adrenalina
98203,"Twilight Saga: Breaking Dawn - Part 2, The",2012,Adventure|Drama|Fantasy|Romance|IMAX,,,Da vedere in due
98239,Red Dawn,2012,Action|War,5.3,84386,Adrenalina
98243,Rise of the Guardians,2012,Adventure|Animation|Children|Fantasy|IMAX,7.2,211565,Comfort movie
98373,Step Up Revolution,2012,Musical,6.4,60316,Comfort movie
98491,Paperman,2012,Animation|Comedy|Romance,7.2,43,Da vedere in due
98585,Hitchcock,2012,Drama,6.8,83799,Domenica impegnativa
98809,"Hobbit: An Unexpected Journey, The",2012,Adventure|Fantasy|IMAX,,,Venerdi leggero
98961,Zero Dark Thirty,2012,Action|Drama|Thriller,7.4,344443,Adrenalina
99007,Warm Bodies,2013,Comedy|Horror|Romance,6.8,257046,Adrenalina
99112,Jack Reacher,2012,Action|Crime|Thriller,7.0,395438,Adrenalina
99114,Django Unchained,2012,Action|Drama|Western,8.5,1913304,Domenica impegnativa
99117,This Is 40,2012,Drama,6.2,160903,Domenica impegnativa
99145,"Impossible, The (Imposible, Lo)",2012,Drama|Thriller,,,Adrenalina
99149,"Misérables, Les",2012,Drama|Musical|Romance|IMAX,,,Da vedere in due
99351,Slipstream,1989,Adventure|Sci-Fi,4.7,3519,Mente accesa
99638,Fish Story (Fisshu sutôrî),2009,Comedy,,,Comfort movie
99728,Gangster Squad,2013,Action|Crime|Drama,6.7,230154,Adrenalina
99741,"Company You Keep, The",2012,Thriller,,,Adrenalina
99813,"Batman: The Dark Knight Returns, Part 2",2013,Action|Animation,,,Comfort movie
99912,Mama,2013,Horror,6.2,202260,Adrenalina
99917,Upstream Color,2013,Romance|Sci-Fi|Thriller,6.5,36323,Adrenalina
99957,Broken City,2013,Crime|Drama|Thriller,6.1,86340,Adrenalina
100010,Battle of Los Angeles,2011,Action|Sci-Fi,,,Mente accesa
100058,Patrice O'Neal: Elephant in the Room,2011,Comedy,,,Comfort movie
100089,Star Wars Uncut: Director's Cut,2012,Action|Animation|Comedy|Sci-Fi|Western,,,Mente accesa
100108,Parker,2013,Crime|Thriller,6.2,137098,Adrenalina
100163,Hansel & Gretel: Witch Hunters,2013,Action|Fantasy|Horror|IMAX,6.1,228268,Adrenalina
100304,"Liability, The",2012,Action|Thriller,,,Adrenalina
100344,No,2012,Drama,7.4,27303,Domenica impegnativa
100383,Side Effects,2013,Crime|Drama|Mystery|Thriller,7.0,206876,Adrenalina
100390,Identity Thief,2013,Comedy|Crime,5.7,150235,Adrenalina
100556,"Act of Killing, The",2012,Documentary,,,Domenica impegnativa
100581,Room 237,2012,Documentary,6.2,24024,Domenica impegnativa
100714,Before Midnight,2013,Drama|Romance,7.9,188289,Da vedere in due
100843,Oh Boy (A Coffee in Berlin),2012,Comedy|Drama,,,Comfort movie
101142,"Croods, The",2013,Adventure|Animation|Comedy,,,Comfort movie
101220,Burn,2012,Documentary,7.4,830,Domenica impegnativa
101285,Spring Breakers,2013,Comedy|Crime|Drama,,,Adrenalina
101360,"Call, The",2013,Drama|Thriller,,,Adrenalina
101415,"First Time, The",2012,Comedy|Drama|Romance,,,Da vedere in due
101525,"Place Beyond the Pines, The",2012,Crime|Drama,,,Adrenalina
101531,Phil Spector,2013,Drama,6.2,8654,Domenica impegnativa
101577,"Host, The",2013,Action|Adventure|Romance,,,Da vedere in due
101739,Evil Dead,2013,Horror,6.5,218484,Adrenalina
101741,Trance,2013,Crime|Thriller,6.9,121485,Adrenalina
101864,Oblivion,2013,Action|Adventure|Sci-Fi|IMAX,7.0,590933,Mente accesa
101962,Wolf Children (Okami kodomo no ame to yuki),2012,Animation|Fantasy,,,Comfort movie
101964,Mugabe and the White African,2009,Documentary,7.7,993,Domenica impegnativa
102033,Pain & Gain,2013,Action|Comedy|Crime,6.4,243138,Adrenalina
102123,This Is the End,2013,Action|Comedy,6.6,459134,Comfort movie
102125,Iron Man 3,2013,Action|Sci-Fi|Thriller|IMAX,7.1,984053,Adrenalina
102194,Mud,2012,Adventure|Crime|Drama,7.3,201590,Adrenalina
102286,Family Weekend,2013,Comedy|Drama,6.2,7326,Comfort movie
102294,"Scapegoat, The",2012,Drama,,,Domenica impegnativa
102407,"Great Gatsby, The",2013,Drama,,,Domenica impegnativa
102413,How Much Wood Would a Woodchuck Chuck (Beobachtungen zu einer neuen Sprache),1976,Documentary,6.3,1533,Domenica impegnativa
102445,Star Trek Into Darkness,2013,Action|Adventure|Sci-Fi|IMAX,7.7,512582,Mente accesa
102481,"Internship, The",2013,Comedy,,,Comfort movie
102588,Stories We Tell,2012,Documentary,7.5,14747,Domenica impegnativa
102666,Ivan Vasilievich: Back to the Future (Ivan Vasilievich menyaet professiyu),1973,Adventure|Comedy,,,Comfort movie
102684,Only God Forgives,2013,Drama|Thriller,5.7,123866,Adrenalina
102686,"Hangover Part III, The",2013,Comedy,,,Comfort movie
102716,"Fast & Furious 6 (Fast and the Furious 6, The)",2013,Action|Crime|Thriller|IMAX,,,Adrenalina
102720,Epic,2013,Adventure|Animation|Fantasy,6.6,115279,Comfort movie
102753,"Past, The (Le passé)",2013,Drama|Mystery|Romance,,,Da vedere in due
102800,Frances Ha,2012,Comedy|Drama,7.4,103438,Comfort movie
102819,Behind the Candelabra,2013,Drama,7.0,47689,Domenica impegnativa
102880,After Earth,2013,Action|Adventure|Sci-Fi|IMAX,4.8,217880,Mente accesa
102903,Now You See Me,2013,Crime|Mystery|Thriller,7.2,778493,Adrenalina
102989,"Color of Friendship, The",2000,Comedy|Drama,,,Comfort movie
102991,Berberian Sound Studio,2012,Drama|Horror|Thriller,6.2,18634,Adrenalina
102993,"Way, Way Back, The",2013,Comedy|Drama,,,Comfort movie
103042,Man of Steel,2013,Action|Adventure|Fantasy|Sci-Fi|IMAX,7.1,876767,Mente accesa
103075,"Purge, The",2013,Crime|Horror|Thriller,,,Adrenalina
103107,20 Feet from Stardom (Twenty Feet from Stardom),2013,Documentary,,,Domenica impegnativa
103137,"Bling Ring, The",2013,Crime|Drama,,,Adrenalina
103141,Monsters University,2013,Adventure|Animation|Comedy,7.2,431096,Comfort movie
103203,Eden,2012,Crime|Drama,6.5,10048,Adrenalina
103228,Pacific Rim,2013,Action|Adventure|Sci-Fi|IMAX,6.9,564193,Mente accesa
103249,World War Z,2013,Action|Drama|Horror|IMAX,7.0,794633,Adrenalina
103253,Elysium,2013,Action|Drama|Sci-Fi|IMAX,6.6,495231,Domenica impegnativa
103255,Dirty Wars,2013,Documentary|War,7.4,9571,Adrenalina
103306,Europa Report,2013,Sci-Fi|Thriller,6.4,80102,Adrenalina
103335,Despicable Me 2,2013,Animation|Children|Comedy|IMAX,7.3,465571,Comfort movie
103339,White House Down,2013,Action|Drama|Thriller|IMAX,6.3,250679,Adrenalina
103341,"World's End, The",2013,Action|Comedy|Sci-Fi,,,Mente accesa
103384,"Lone Ranger, The",2013,Action|Adventure|Western|IMAX,,,Venerdi leggero
103493,Gideon's Army,2013,Documentary,7.7,862,Domenica impegnativa
103539,The Spectacular Now,2013,Comedy|Drama|Romance,7.0,169604,Da vedere in due
103541,Thanks for Sharing,2012,Comedy|Drama,6.4,30641,Comfort movie
103543,"Lifeguard, The",2013,Comedy|Drama,,,Comfort movie
103557,Tell Me and I Will Forget,2010,Documentary,7.8,116,Domenica impegnativa
103572,Downloaded,2013,Documentary,6.8,2871,Domenica impegnativa
103606,Stuck in Love,2012,Comedy|Drama|Romance,7.2,96179,Da vedere in due
103624,Fruitvale Station,2013,Drama,7.5,93101,Domenica impegnativa
103655,R.I.P.D.,2013,Action|Comedy|Fantasy,5.6,152686,Comfort movie
103659,Justice League: The Flashpoint Paradox,2013,Action|Adventure|Animation|Fantasy|Sci-Fi,,,Mente accesa
103667,Pawn Shop Chronicles,2013,Action|Comedy,5.9,12830,Comfort movie
103688,"Conjuring, The",2013,Horror|Thriller,,,Adrenalina
103755,Turbo,2013,Adventure|Animation|Children|Comedy|Fantasy,6.4,127791,Comfort movie
103772,"Wolverine, The",2013,Action|Adventure|Fantasy|Sci-Fi,,,Mente accesa
103801,Drinking Buddies,2013,Comedy|Drama|Romance,6.1,62782,Da vedere in due
103810,Red 2,2013,Action|Comedy|Crime|Thriller,6.6,190010,Adrenalina
103883,2 Guns,2013,Action|Comedy|Crime,6.7,239291,Adrenalina
103980,Blue Jasmine,2013,Drama,7.3,221025,Domenica impegnativa
103984,"Great Beauty, The (Grande Bellezza, La)",2013,Comedy|Drama,,,Comfort movie
103990,Troma's War,1988,Action|Adventure|Comedy,5.5,2747,Comfort movie
104013,They Call Him Bulldozer (Lo chiamavano Bulldozer),1978,Action|Comedy,,,Comfort movie
104015,Bomber,1982,Action|Comedy,6.2,4823,Comfort movie
104017,3 dev adam (Three Giant Men),1973,Action|Adventure|Sci-Fi,,,Mente accesa
104069,Louis C.K.: Oh My God,2013,Comedy,,,Comfort movie
104076,"Smurfs 2, The",2013,Animation|Children|Comedy,,,Comfort movie
104137,Prince Avalanche,2013,Comedy|Drama,6.3,21439,Comfort movie
104155,Clear History,2013,Comedy,6.4,20868,Comfort movie
104211,We're the Millers,2013,Comedy|Crime,7.0,530416,Adrenalina
104241,Kick-Ass 2,2013,Action|Comedy|Crime,6.5,302059,Adrenalina
104243,Riddick,2013,Action|Sci-Fi|Thriller|IMAX,6.4,188012,Adrenalina
104283,"Wind Rises, The (Kaze tachinu)",2013,Animation|Drama|Romance,,,Da vedere in due
104312,"Mortal Instruments: City of Bones, The",2013,Action|Adventure|Drama|IMAX,,,Domenica impegnativa
104339,In a World...,2013,Comedy,6.6,33988,Comfort movie
104374,About Time,2013,Drama|Fantasy|Romance,7.8,442220,Da vedere in due
104841,Gravity,2013,Action|Sci-Fi|IMAX,7.7,906554,Mente accesa
104879,Prisoners,2013,Drama|Mystery|Thriller,8.2,958556,Adrenalina
104881,"Out of the Furnace (Dust to Dust) (Low Dweller, The)",2013,Drama|Thriller,,,Adrenalina
104913,Rush,2013,Action|Drama,8.1,566795,Domenica impegnativa
104925,"Family, The",2013,Action|Comedy|Crime,,,Adrenalina
104944,Short Term 12,2013,Drama,7.9,96155,Domenica impegnativa
105197,Nebraska,2013,Adventure|Drama,7.7,129431,Domenica impegnativa
105211,Enough Said,2013,Comedy|Drama|Romance,7.0,70715,Da vedere in due
105213,Don Jon,2013,Comedy|Drama|Romance,6.5,256327,Da vedere in due
105217,Adventures in Zambezia,2012,Adventure|Animation|Children|Comedy,5.7,8075,Comfort movie
105355,Blue Is the Warmest Color (La vie d'Adèle),2013,Drama|Romance,,,Da vedere in due
105468,Cloudy with a Chance of Meatballs 2,2013,Animation|Children|Comedy|Fantasy,6.3,127588,Comfort movie
105504,Captain Phillips,2013,Adventure|Drama|Thriller|IMAX,7.8,522903,Adrenalina
105844,12 Years a Slave,2013,Drama,8.1,794660,Domenica impegnativa
106002,Ender's Game,2013,Action|Adventure|Sci-Fi|IMAX,6.6,266558,Mente accesa
106011,"Blue Umbrella, The",2013,Animation,,,Comfort movie
106062,Jackass Presents: Bad Grandpa,2013,Comedy,6.5,101420,Comfort movie
106072,Thor: The Dark World,2013,Action|Adventure|Fantasy|IMAX,6.7,792180,Venerdi leggero
106100,Dallas Buyers Club,2013,Drama,7.9,552610,Domenica impegnativa
106330,Last Vegas,2013,Comedy|Drama|Romance,6.6,140897,Da vedere in due
106407,Seduced and Abandoned,2013,Comedy|Documentary,6.6,2025,Domenica impegnativa
106438,Philomena,2013,Comedy|Drama,7.6,107757,Comfort movie
106441,"Book Thief, The",2013,Children|Drama|War,,,Adrenalina
106452,Ida,2013,Drama,7.4,63586,Domenica impegnativa
106487,"Hunger Games: Catching Fire, The",2013,Action|Adventure|Sci-Fi|IMAX,,,Mente accesa
106489,"Hobbit: The Desolation of Smaug, The",2013,Adventure|Fantasy|IMAX,,,Venerdi leggero
106491,47 Ronin,2013,Action|Adventure|Fantasy,6.3,181086,Venerdi leggero
106540,Delivery Man,2013,Comedy,6.3,86273,Comfort movie
106642,"Day of the Doctor, The",2013,Adventure|Drama|Sci-Fi,,,Domenica impegnativa
106696,Frozen,2013,Adventure|Animation|Comedy|Fantasy|Musical|Romance,7.4,721588,Da vedere in due
106766,Inside Llewyn Davis,2013,Drama,7.4,173239,Domenica impegnativa
106782,"Wolf of Wall Street, The",2013,Comedy|Crime|Drama,,,Adrenalina
106785,Homefront,2013,Action|Crime|Thriller,6.5,144911,Adrenalina
106841,August: Osage County,2013,Comedy|Drama,7.2,100514,Comfort movie
106916,American Hustle,2013,Crime|Drama,7.2,521887,Adrenalina
106918,"Secret Life of Walter Mitty, The",2013,Adventure|Comedy|Drama,,,Comfort movie
106920,Her,2013,Drama|Romance|Sci-Fi,8.0,733947,Da vedere in due
107069,Lone Survivor,2013,Action|Drama|Thriller|War,7.5,326481,Adrenalina
107141,Saving Mr. Banks,2013,Comedy|Drama,7.5,176664,Comfort movie
107312,Lady and the Tramp II: Scamp's Adventure,2001,Adventure|Animation|Children,,,Comfort movie
107314,Oldboy,2013,Action|Drama|Mystery,5.8,85760,Domenica impegnativa
107348,Anchorman 2: The Legend Continues,2013,Comedy,6.3,203576,Comfort movie
107406,Snowpiercer,2013,Action|Drama|Sci-Fi,7.1,425494,Domenica impegnativa
107410,Guest from the Future (Gostya iz buduschego),1985,Adventure|Drama|Sci-Fi,,,Domenica impegnativa
107541,As Cool As I Am,2013,Comedy|Drama,5.8,5652,Comfort movie
107684,Smiley,2012,Horror,3.3,10341,Adrenalina
107771,Only Lovers Left Alive,2013,Drama|Horror|Romance,7.2,116731,Adrenalina
107958,Foosball (Metegol),2013,Adventure|Animation|Romance,,,Da vedere in due
108149,At Berkeley,2013,Documentary,7.2,814,Domenica impegnativa
108188,Jack Ryan: Shadow Recruit,2014,Action|Drama|Thriller|IMAX,6.2,144381,Adrenalina
108190,Divergent,2014,Adventure|Romance|Sci-Fi|IMAX,6.6,522887,Da vedere in due
108571,Mitt,2014,Documentary,6.8,2726,Domenica impegnativa
108583,Fawlty Towers (1975-1979),,Comedy,,,Comfort movie
108727,Nymphomaniac: Volume I,2013,Drama,,,Domenica impegnativa
108932,The Lego Movie,2014,Action|Adventure|Animation|Children|Comedy|Fantasy,7.7,421292,Comfort movie
108949,"Art of the Steal, The",2013,Crime,,,Adrenalina
108979,Cowboy Bebop,1998,Action|Adventure|Animation|Crime|Sci-Fi,,,Adrenalina
108981,Nymphomaniac: Volume II,2013,Drama|Mystery,,,Domenica impegnativa
108983,La Luna,2011,Animation,,,Comfort movie
109280,"Summit, The",2012,Documentary,,,Domenica impegnativa
109315,A Mulher Invisível,2009,Comedy,6.3,4359,Comfort movie
109372,About Last Night,2014,Comedy|Romance,6.0,26106,Da vedere in due
109374,"Grand Budapest Hotel, The",2014,Comedy|Drama,,,Comfort movie
109487,Interstellar,2014,Sci-Fi|IMAX,8.7,2606331,Mente accesa
109569,3 Days to Kill,2014,Action|Crime|Drama,6.2,102024,Adrenalina
109673,300: Rise of an Empire,2014,Action|Drama|War|IMAX,6.2,331689,Adrenalina
109687,Particle Fever,2013,Documentary,7.4,7739,Domenica impegnativa
109742,Cheap Thrills,2013,Comedy|Thriller,6.7,21652,Adrenalina
109798,Buddies (Colegas),2012,Adventure|Comedy,,,Comfort movie
109800,Quebrando o Tabu,2011,Documentary,7.6,1060,Domenica impegnativa
109802,"Man from the Future, The (O Homem do Futuro)",2011,Comedy|Fantasy|Sci-Fi,,,Mente accesa
109846,Mr. Peabody & Sherman,2014,Adventure|Animation|Comedy,6.8,85433,Comfort movie
109943,Head Over Heels (De Pernas pro Ar),2010,Comedy,,,Comfort movie
109945,Meu Passado Me Condena: O Filme,2013,Comedy|Romance,5.8,2690,Da vedere in due
109947,My Mom Is a Character (Minha Mãe é uma Peça: O Filme),2013,Comedy,,,Comfort movie
110102,Captain America: The Winter Soldier,2014,Action|Adventure|Sci-Fi|IMAX,7.7,989567,Mente accesa
110110,Starred Up,2013,Drama,7.3,51908,Domenica impegnativa
110127,Noah,2014,Adventure|Drama|IMAX,5.8,278729,Domenica impegnativa
110337,Moebius,2013,Drama,6.3,7325,Domenica impegnativa
110342,"Pool Without Water, A (Mizu no nai puuru)",1982,Crime|Drama,,,Adrenalina
110350,Free to Play,2014,Documentary,7.6,13742,Domenica impegnativa
110407,"Machine, The",2013,Sci-Fi|Thriller,,,Adrenalina
110445,Going Postal,2010,Comedy|Fantasy,,,Comfort movie
110501,The Raid 2: Berandal,2014,Action|Crime|Thriller,,,Adrenalina
110546,MC5: Kick Out the Jams,1999,Documentary,,,Domenica impegnativa
110553,The Amazing Spider-Man 2,2014,Action|Sci-Fi|IMAX,6.6,608506,Mente accesa
110586,Calvary,2014,Comedy|Drama,7.4,68622,Comfort movie
110611,Cold in July,2014,Drama|Thriller,6.7,39952,Adrenalina
110653,"Signal, The (Señal, La)",2007,Drama|Film-Noir|Mystery|Romance,,,Da vedere in due
110730,Transcendence,2014,Drama|Sci-Fi|IMAX,6.2,248651,Domenica impegnativa
110771,"Other Woman, The",2014,Comedy|Romance,,,Da vedere in due
110781,Mulan II,2004,Action|Animation|Children|Comedy|Musical,,,Comfort movie
110882,Locke,2013,Drama,7.1,170730,Domenica impegnativa
111113,Neighbors,2014,Comedy,6.3,348708,Comfort movie
111235,Jodorowsky's Dune,2013,Documentary|Sci-Fi,8.0,29511,Domenica impegnativa
111251,"Immigrant, The",2013,Drama|Romance,,,Da vedere in due
111360,Lucy,2014,Action|Sci-Fi,6.4,585863,Mente accesa
111362,X-Men: Days of Future Past,2014,Action|Adventure|Sci-Fi,7.9,797576,Mente accesa
111364,Godzilla,2014,Action|Adventure|Sci-Fi|IMAX,6.4,468302,Mente accesa
111375,Walk of Shame,2014,Comedy,6.0,59645,Comfort movie
111387,Palo Alto,2013,Drama,6.1,33874,Domenica impegnativa
111443,Chef,2014,Comedy,7.3,253997,Comfort movie
111460,Rosemary's Baby,2014,Horror|Thriller,,,Adrenalina
111529,"Normal Heart, The",2014,Drama,,,Domenica impegnativa
111617,Blended,2014,Comedy,6.5,160356,Comfort movie
111622,Begin Again,2013,Comedy|Romance,7.0,70,Da vedere in due
111659,Maleficent,2014,Action|Adventure|Children|IMAX,6.9,428098,Comfort movie
111743,A Million Ways to Die in the West,2014,Comedy|Western,6.1,212146,Comfort movie
111759,Edge of Tomorrow,2014,Action|Sci-Fi|IMAX,7.9,815746,Mente accesa
111815,Once Upon a Time in Shanghai,2014,Crime,6.7,2210,Adrenalina
111921,The Fault in Our Stars,2014,Drama|Romance,7.6,428037,Da vedere in due
112070,Maps to the Stars,2014,Drama,6.2,45001,Domenica impegnativa
112138,22 Jump Street,2014,Action|Comedy|Crime,7.0,445919,Adrenalina
112171,"Equalizer, The",2014,Action|Crime|Thriller,,,Adrenalina
112175,How to Train Your Dragon 2,2014,Action|Adventure|Animation,7.8,407193,Comfort movie
112183,Birdman,2014,Comedy|Drama,,,Comfort movie
112229,Crawlspace,2013,Horror|Thriller,,,Adrenalina
112290,Boyhood,2014,Drama,7.9,383759,Domenica impegnativa
112370,Transformers: Age of Extinction,2014,Action|Adventure|Sci-Fi,5.6,353619,Mente accesa
112421,Frank,2014,Comedy|Drama|Mystery,6.9,84937,Mente accesa
112450,They Came Together,2014,Comedy|Romance,5.6,26826,Da vedere in due
112460,Planes: Fire & Rescue,2014,Adventure|Animation|Comedy,5.9,22249,Comfort movie
112515,"Babadook, The",2014,Drama|Horror|Thriller,,,Adrenalina
112552,Whiplash,2014,Drama,8.5,1181117,Domenica impegnativa
112556,Gone Girl,2014,Drama|Thriller,8.1,1187488,Adrenalina
112580,"Angriest Man in Brooklyn, The",2014,Comedy|Drama,,,Comfort movie
112582,Life Itself,2014,Documentary,7.8,16810,Domenica impegnativa
112623,Dawn of the Planet of the Apes,2014,Sci-Fi,7.6,515209,Mente accesa
112788,Sex Tape,2014,Comedy,5.1,124014,Comfort movie
112804,I Origins,2014,Drama|Sci-Fi,7.3,142474,Domenica impegnativa
112811,"Front Line, The (Go-ji-jeon)",2011,Drama|War,,,Adrenalina
112818,"Purge: Anarchy, The",2014,Action|Horror|Thriller,,,Adrenalina
112852,Guardians of the Galaxy,2014,Action|Adventure|Sci-Fi,8.0,1384400,Mente accesa
112897,The Expendables 3,2014,Action|Adventure,6.1,207784,Venerdi leggero
112940,A Most Wanted Man,2014,Thriller,6.7,85342,Adrenalina
113103,Step Up All In,2014,Drama|Musical|Romance,5.9,37772,Da vedere in due
113240,Winter Sleep (Kis Uykusu),2014,Drama,,,Domenica impegnativa
113348,Teenage Mutant Ninja Turtles,2014,Action|Adventure|Comedy,5.8,232003,Comfort movie
113378,"Giver, The",2014,Drama|Sci-Fi,,,Domenica impegnativa
113453,Let's Be Cops,2014,Comedy|Crime,6.4,145271,Adrenalina
113573,Sin City: A Dame to Kill For,2014,Action|Crime|Thriller,6.5,180010,Adrenalina
113696,Are You Here,2014,Comedy,,,Comfort movie
113705,"Two Days, One Night (Deux jours, une nuit)",2014,Drama,,,Domenica impegnativa
113741,Coherence,2013,Drama|Mystery|Sci-Fi|Thriller,7.1,178952,Adrenalina
113862,"Guest, The",2014,Thriller,,,Adrenalina
114007,Before I Go to Sleep,2014,Mystery|Thriller,6.3,91040,Adrenalina
114028,Pride,2014,Comedy|Drama,7.8,65752,Comfort movie
114060,The Drop,2014,Crime|Drama|Thriller,7.0,171457,Adrenalina
114078,Seinto Seiya: Legend of Sanctuary (Seinto Seiya: Legend of Sanctuary),2014,Animation,,,Comfort movie
114180,"Maze Runner, The",2014,Action|Mystery|Sci-Fi,,,Mente accesa
114244,"Riot Club, The",2014,Drama|Thriller,,,Adrenalina
114246,"Walk Among the Tombstones, A",2014,Action|Crime|Mystery|Thriller,,,Adrenalina
114265,Laggies,2014,Comedy|Romance,6.4,47669,Da vedere in due
114342,Force Majeure (Turist),2014,Drama,,,Domenica impegnativa
114373,Spasmo,1974,Mystery|Thriller,6.0,2518,Adrenalina
114552,"Boxtrolls, The",2014,Adventure|Animation|Children|Comedy|Fantasy,,,Comfort movie
114601,This Is Where I Leave You,2014,Comedy|Drama,6.7,96246,Comfort movie
114662,American Sniper,2014,Action|War,7.3,576077,Adrenalina
114673,Arrapaho,1984,Comedy|Western,4.9,281,Comfort movie
114678,Hector and the Search for Happiness,2014,Adventure|Comedy|Drama,6.9,53140,Comfort movie
114700,"Tribe, The (Plemya)",2014,Crime|Drama,,,Adrenalina
114762,Two Night Stand,2014,Comedy|Romance,6.3,76850,Da vedere in due
114795,Dracula Untold,2014,Action|Drama|Fantasy,6.3,224598,Domenica impegnativa
114847,Autómata (Automata),2014,Sci-Fi|Thriller,,,Adrenalina
114935,Predestination,2014,Action|Mystery|Sci-Fi|Thriller,7.4,340298,Adrenalina
115122,What We Do in the Shadows,2014,Comedy|Horror,7.6,215770,Adrenalina
115149,John Wick,2014,Action|Thriller,7.5,840706,Adrenalina
115210,Fury,2014,Action|Drama|War,7.6,618615,Adrenalina
115231,St. Vincent,2014,Comedy,7.2,114481,Comfort movie
115467,Harmontown,2014,Documentary,7.2,2567,Domenica impegnativa
115569,Nightcrawler,2014,Crime|Drama|Thriller,7.8,681508,Adrenalina
115617,Big Hero 6,2014,Action|Animation|Comedy,7.8,561871,Comfort movie
115664,"Book of Life, The",2014,Adventure|Animation|Romance,,,Da vedere in due
115713,Ex Machina,2015,Drama|Sci-Fi|Thriller,,,Adrenalina
115881,9,2005,Animation|Fantasy,,,Comfort movie
116030,Children of the Corn 666: Isaac's Return,1999,Horror|Mystery,,,Adrenalina
116136,Olive Kitteridge,2014,Drama,,,Domenica impegnativa
116138,Leviathan,2014,Drama,7.6,60592,Domenica impegnativa
116161,Foxcatcher,2014,Drama,7.0,155945,Domenica impegnativa
116217,Secret of the Wings,2012,Adventure|Animation|Children|Fantasy,7.0,16747,Comfort movie
116397,Stonehearst Asylum,2014,Thriller,6.8,65454,Adrenalina
116797,"Imitation Game, The",2014,Drama|Thriller,,,Adrenalina
116799,Inherent Vice,2014,Comedy|Crime|Drama|Mystery|Romance,6.6,120646,Adrenalina
116823,The Hunger Games: Mockingjay - Part 1,2014,Adventure|Sci-Fi|Thriller,6.6,553760,Adrenalina
116847,United States of Secrets (Part One): The Program,2014,Documentary,,,Domenica impegnativa
116897,Wild Tales,2014,Comedy|Drama|Thriller,8.1,241561,Adrenalina
116913,The Savior,1971,Drama,,,Domenica impegnativa
116915,Arcana,1972,Drama|Horror|Mystery,6.0,408,Adrenalina
116977,Dumb and Dumber To,2014,Comedy,5.6,155180,Comfort movie
116989,Tales of the Grim Sleeper,2014,Crime|Documentary,6.9,3340,Adrenalina
117109,Too Many Cooks,2014,Comedy,,,Comfort movie
117176,"Theory of Everything, The",2014,Drama|Romance,,,Da vedere in due
117192,Doctor Who: The Time of the Doctor,2013,,,,Venerdi leggero
117364,Virunga,2014,Documentary|War,8.1,12860,Adrenalina
117517,Listen Up Philip,2014,Drama,6.3,7335,Domenica impegnativa
117529,Jurassic World,2015,Action|Adventure|Sci-Fi|Thriller,6.9,737975,Adrenalina
117533,Citizenfour,2014,Documentary,8.0,60369,Domenica impegnativa
117590,Horrible Bosses 2,2014,Comedy|Crime,6.3,195408,Adrenalina
117851,Penguins of Madagascar,2014,Adventure|Animation|Children|Comedy,6.7,118180,Comfort movie
117867,'71,2014,Action|Drama|Thriller|War,7.2,65316,Adrenalina
117881,Still Alice,2014,Drama,7.5,151713,Domenica impegnativa
118246,Clouds of Sils Maria,2014,Drama,6.7,32737,Domenica impegnativa
118696,The Hobbit: The Battle of the Five Armies,2014,Adventure|Fantasy,7.4,625482,Venerdi leggero
118700,Selma,2014,Drama,7.5,99726,Domenica impegnativa
118702,Unbroken,2014,Drama|War,7.2,200430,Adrenalina
118890,Bill Hicks: Relentless,1992,Comedy,,,Comfort movie
118896,Mommy,2014,Drama,8.0,66156,Domenica impegnativa
118898,A Most Violent Year,2014,Action|Crime|Drama|Thriller,6.9,82309,Adrenalina
118930,Bill Burr: I'm Sorry You Feel That Way,2014,Comedy,,,Comfort movie
119141,The Interview,2014,Action|Comedy,6.5,379754,Comfort movie
119145,Kingsman: The Secret Service,2015,Action|Adventure|Comedy|Crime,,,Adrenalina
119153,Bill Burr: You People Are All the Same,2012,Comedy,,,Comfort movie
119155,Night at the Museum: Secret of the Tomb,2014,Adventure|Children|Comedy|Fantasy,6.2,152237,Comfort movie
119186,Fear Island,2009,Horror|Mystery|Thriller,5.1,4633,Adrenalina
119432,A Thousand Times Goodnight,2014,Drama,,,Domenica impegnativa
119565,The Missing,2014,Crime|Drama|Mystery,,,Adrenalina
119629,Exorcismus,2010,Horror,4.9,3893,Adrenalina
120132,Annie,2014,Children|Comedy|Drama|Musical,5.4,43994,Comfort movie
120138,PK,2014,Comedy|Drama|Fantasy|Mystery|Romance,8.1,226135,Da vedere in due
120466,Chappie,2015,Action|Thriller,6.8,285905,Adrenalina
120635,Taken 3,2015,Action|Crime|Thriller,,,Adrenalina
121099,101 Dalmatians II: Patch's London Adventure,2003,Animation|Children,,,Comfort movie
121171,Red Army,2014,Documentary,7.6,7484,Domenica impegnativa
121190,When in Rome,2002,Children|Comedy,,,Comfort movie
121192,The Expelled,2010,Horror|Thriller,,,Adrenalina
121231,It Follows,2014,Horror,6.8,304444,Adrenalina
121308,Goodbye to Language 3D,2014,Drama,,,Domenica impegnativa
122882,Mad Max: Fury Road,2015,Action|Adventure,8.1,1221070,Venerdi leggero
122892,Avengers: Age of Ultron,2015,Action|Adventure|Sci-Fi,7.3,1021839,Mente accesa
123121,Jealousy,2013,Drama,6.3,2126,Domenica impegnativa
125916,Fifty Shades of Grey,2015,Drama,4.2,359527,Domenica impegnativa
126426,Solyaris,1968,Drama|Sci-Fi,6.5,515,Domenica impegnativa
126921,The Fox and the Hound 2,2006,Adventure|Animation|Children|Comedy,,,Comfort movie
126987,Bells from the Deep,1993,Documentary,,,Domenica impegnativa
127098,Louis C.K.: Live at The Comedy Store,2015,Comedy,,,Comfort movie
127146,Kurt Cobain: Montage of Heck,2015,Documentary,,,Domenica impegnativa
127152,Going Clear: Scientology and the Prison of Belief,2015,Documentary,8.0,42680,Domenica impegnativa
127188,Advantageous,2015,Children|Drama|Sci-Fi,6.0,6213,Mente accesa
127294,Estomago: A Gastronomic Story,2007,Drama,7.8,10453,Domenica impegnativa
128842,Dragonheart 3: The Sorcerer's Curse,2015,Action|Adventure|Fantasy,,,Venerdi leggero
128968,Stitch! The Movie,2003,Animation|Children|Comedy,,,Comfort movie
129354,Focus,2015,Comedy|Crime|Drama|Romance,6.6,297474,Adrenalina
129399,Jim Carrey: Unnatural Act,1991,Comedy|Documentary,,,Domenica impegnativa
129779,Ghost in the Shell Arise - Border 1: Ghost Pain,2013,Action|Animation|Sci-Fi,7.0,4737,Mente accesa
129859,Mardock Scramble: The Second Combustion,2011,Animation|Sci-Fi,6.3,1140,Mente accesa
129937,Run All Night,2015,Action|Crime|Drama|Mystery|Thriller,6.6,120568,Adrenalina
130448,Poltergeist,2015,Horror|Thriller,4.9,64946,Adrenalina
130490,Insurgent,2015,Action|Romance|Sci-Fi,,,Da vedere in due
130520,Home,2015,Animation|Children|Comedy|Fantasy|Sci-Fi,6.5,123017,Mente accesa
130578,"Gunman, The",2015,Action|Thriller,,,Adrenalina
130980,The Day That Lasted 21 Years,2012,Documentary,8.0,515,Domenica impegnativa
130982,Widows,2011,Drama,6.3,680,Domenica impegnativa
131013,Get Hard,2015,Comedy,6.0,157062,Comfort movie
131176,A Second Chance,2014,Drama,6.8,7492,Domenica impegnativa
131248,Brother Bear 2,2006,Adventure|Animation|Children|Comedy|Fantasy,,,Comfort movie
131656,Shaun the Sheep Movie,2015,Adventure|Animation|Children,7.3,47392,Comfort movie
131796,Woman in Gold,2015,Drama,7.3,66461,Domenica impegnativa
132157,Paul Blart: Mall Cop 2,2015,Comedy,4.5,45554,Comfort movie
132569,Comedy Central Roast of Justin Bieber,2015,Comedy,,,Comfort movie
132594,A Royal Night Out,2015,Drama|Romance|Thriller,6.5,11696,Adrenalina
132796,San Andreas,2015,Action|Drama|Thriller,6.1,278859,Adrenalina
133419,Pitch Perfect 2,2015,Comedy,6.4,181900,Comfort movie
133545,Just Before I Go,2015,Comedy|Drama|Romance,,,Da vedere in due
133897,Leopardi,2014,Drama,6.7,3183,Domenica impegnativa
134170,Kung Fury,2015,Action|Comedy,,,Comfort movie
134368,Spy,2015,Action|Comedy,7.0,276559,Comfort movie
134393,Trainwreck,2015,Comedy,6.2,147816,Comfort movie
134783,Entourage,2015,Comedy,6.5,86445,Comfort movie
134853,Inside Out,2015,Animation|Children|Comedy,8.1,932746,Comfort movie
135887,Minions,2015,Adventure|Animation|Children|Comedy,6.4,290250,Comfort movie
